row,doi,paper,column,previous,corrected,evidence,paper_note
0,https://doi.org/10.1126/science.ads4760,Mallory 2025,Detection,Decoding,"MUA, Decoding","Published Science supplement science.ads4760_sm.pdf, pp. 6-8, Replay detection; paper release v1.0.0 (128513a656bdacfc11a0e0dfbcaf20e2c4515520), do_combine_linear_track_replay_events.m.",papers/00_Mallory_2025.md
0,https://doi.org/10.1126/science.ads4760,Mallory 2025,Detection Notes,">66% of the posterior probability located in one of the directional maps, weighted correlation >0.6, max. jump distance<40% of the track, spatial coverage > 20% of the track","Published supplement pp. 5-8 distinguishes linear-track spike-density candidates from open-field decoding. SDE and secondary SWR peaks exceed 3 SD after Gaussian SD 12.5 ms smoothing; speed <5 cm/s, boundaries at the mean. Track replay requires >66% posterior in one directional map, weighted correlation >0.6, jump <40% of track, coverage >20% and >=10 cells. Fig. S2 controls use SWR candidates, correlation >0.7, or Spearman p<0.05. Arena subsequences merge across gaps <20 cm and <50 ms; final duration >50 ms. Released code merges candidate peaks within 70 ms without candidate duration limits. Its replay extraction and arena combination use 50 ms, overriding the generic 100 ms default; combination accepts duration >=50 ms. Code arena spatial merging uses 0.2*maze_size cm rather than fixed 20 cm. No SDE/SWR overlap is required for primary arena replay. Published spike density includes all cells; released code selects excitatory cells.","Published Science supplement science.ads4760_sm.pdf, pp. 5-8 and Fig. S2 pp. 16-17; paper release v1.0.0 (128513a656bdacfc11a0e0dfbcaf20e2c4515520), find_candidate_events_2.m, load_replayEvents_cm.m:55-61/101-104, Open_Field/do_combine_open_field_replay_events.m:40/77, compute_allSequences_NaNseparated_merge.m. Generic 100 ms duration is overridden by 50 ms; text/code spatial merging and cell-selection differences remain.",papers/00_Mallory_2025.md
0,https://doi.org/10.1126/science.ads4760,Mallory 2025,MUA Z-score Thresh. (STD),#N/A,3,"Published Science supplement science.ads4760_sm.pdf, p. 5, Spike density and sharp-wave ripple amplitude.",papers/00_Mallory_2025.md
0,https://doi.org/10.1126/science.ads4760,Mallory 2025,SWR Z-score Thresh. (STD),#N/A,3,"Published Science supplement science.ads4760_sm.pdf, p. 5, Spike density and sharp-wave ripple amplitude.",papers/00_Mallory_2025.md
0,https://doi.org/10.1126/science.ads4760,Mallory 2025,MUA smooth (ms),#N/A,12.5,"Published Science supplement science.ads4760_sm.pdf, p. 5, Spike density and sharp-wave ripple amplitude.",papers/00_Mallory_2025.md
0,https://doi.org/10.1126/science.ads4760,Mallory 2025,SWR smooth (ms),#N/A,12.5,"Published Science supplement science.ads4760_sm.pdf, p. 5, Spike density and sharp-wave ripple amplitude.",papers/00_Mallory_2025.md
0,https://doi.org/10.1126/science.ads4760,Mallory 2025,SWR electrodes (#),#N/A,1,"Published Science supplement science.ads4760_sm.pdf, p. 5, Spike density and sharp-wave ripple amplitude.",papers/00_Mallory_2025.md
0,https://doi.org/10.1126/science.ads4760,Mallory 2025,SWR Low Band (Hz),#N/A,150,"Published Science supplement science.ads4760_sm.pdf, p. 5, Spike density and sharp-wave ripple amplitude.",papers/00_Mallory_2025.md
0,https://doi.org/10.1126/science.ads4760,Mallory 2025,SWR High Band (Hz),#N/A,250,"Published Science supplement science.ads4760_sm.pdf, p. 5, Spike density and sharp-wave ripple amplitude.",papers/00_Mallory_2025.md
0,https://doi.org/10.1126/science.ads4760,Mallory 2025,Decoding,Bayes,Bayes; rank-order correlation (track control),"Published Science supplement science.ads4760_sm.pdf, pp. 6-7: Bayesian primary analysis and independent rank-order control.",papers/00_Mallory_2025.md
0,https://doi.org/10.1126/science.ads4760,Mallory 2025,Time bin (ms),80,20 (track); 80 (arena),"Published Science supplement science.ads4760_sm.pdf, p. 6: track 20 ms, arena 80 ms; paper release v1.0.0 (128513a656bdacfc11a0e0dfbcaf20e2c4515520), load_binDecoding_cm.m.",papers/00_Mallory_2025.md
0,https://doi.org/10.1126/science.ads4760,Mallory 2025,Place field smooth (cm),#N/A,2 (track text; per pass in code); 8 (arena text); 4 (arena code),"Published Science supplement science.ads4760_sm.pdf, p. 5: SD 2 cm track / 8 cm arena; paper release v1.0.0 (128513a656bdacfc11a0e0dfbcaf20e2c4515520), load_AnalysisInformation_cm.m, load_clusters_rate_maps_cm.m, compute_rateMap.m and setUp_gaussFilt.m imply nominal 2 cm per track filtering pass / 4 cm arena SD.",papers/00_Mallory_2025.md
0,https://doi.org/10.1126/science.ads4760,Mallory 2025,Trajectory,Posterior center of mass,Weighted correlation (track); posterior center of mass (arena),"Published Science supplement science.ads4760_sm.pdf, pp. 6-8: track weighted correlation, arena posterior COM; code first-coordinate jump differs from text Euclidean jump.",papers/00_Mallory_2025.md
0,https://doi.org/10.1126/science.ads4760,Mallory 2025,Decoding notes,,"Published supplement pp. 5-8: track windows 20 ms, arena 80 ms; code establishes 5 ms steps (text says overlapping by 5 ms). Spatial bins are 2 cm; Gaussian SD is 2 cm for track and 8 cm for arena in text. Track code applies a nominal 2 cm Gaussian per filtfilt pass. Arena code passes 8/2=4 as mvnpdf covariance, giving nominal SD sqrt(4)*2=4 cm. Published main text reports mean positional errors 2.9 cm (track) and 3.4 cm (arena), evaluated with nonoverlapping 400 ms windows; Methods exclude sessions with error >10 cm. Arena text defines Euclidean COM jumps; released compute_filtering_binDecoding_cm instead thresholds the absolute change of the first COM coordinate. Text/code differences and caller limits are recorded in the paper note.","Published Science supplement science.ads4760_sm.pdf, pp. 5-8; published main text p. 541 (errors 2.9/3.4 cm); paper release v1.0.0 (128513a656bdacfc11a0e0dfbcaf20e2c4515520), compute_rateMap.m, setUp_gaussFilt.m and compute_filtering_binDecoding_cm.m:15.",papers/00_Mallory_2025.md
0,https://doi.org/10.1126/science.ads4760,Mallory 2025,Shuffle Method,"none (criteria-based: weighted correlation, coverage, posterior difference, jump)",none for primary criteria-based replay; Spearman test for track rank-order control,"Published Science supplement science.ads4760_sm.pdf, pp. 6-7: primary replay uses fixed criteria; rank-order control uses Spearman p<0.05. spearman_median.m calls MATLAB corr(type=Spearman). The 5000 shuffles on pp. 8-9 test replay-pair statistics, not event significance.",papers/00_Mallory_2025.md
0,https://doi.org/10.1126/science.ads4760,Mallory 2025,Sig. Thresh.,#N/A,Criteria-based (primary); Spearman p<0.05 (track control),"Published Science supplement science.ads4760_sm.pdf, pp. 6-7: primary replay uses fixed criteria; rank-order control uses Spearman p<0.05. spearman_median.m calls MATLAB corr(type=Spearman). The 5000 shuffles on pp. 8-9 test replay-pair statistics, not event significance.",papers/00_Mallory_2025.md
0,https://doi.org/10.1126/science.ads4760,Mallory 2025,Reconst. Error bin (ms),#N/A,400,"Published Science supplement science.ads4760_sm.pdf, p. 6: nonoverlapping 400 ms windows during movement.",papers/00_Mallory_2025.md
1,https://doi.org/10.1038/s41467-025-65181-5,Widloski 2025,Detection Notes,"Decoded replay with no ripple or burst requirement
candidate = continuous epoch >=100 ms of smoothly changing decoded position
merged if gap <20 cm and <50 ms; kept if duration >100 ms and dispersion >12 cm
ripples (2 SD, >=15 ms) and bursts (3 SD, >=50 ms) label events after detection","Decoded replay with no ripple or burst requirement / candidate = continuous epoch >=100 ms of smoothly changing decoded position / merged if gap <20 cm and <50 ms; kept if duration >100 ms and dispersion >12 cm / ripples (2 SD, >=15 ms) and bursts (3 SD, >=50 ms) label events after detection / Replay is defined by decoding (80 ms windows, 5 ms steps, >100 ms duration); secondary ripple detector: 2 SD, >=15 ms, merge gaps <50 ms; secondary burst detector: 3 SD, >=50 ms. Both traces use Gaussian SD 80 ms. Replay significance requires p<0.05 for both posterior-spread and jump-size measures against 100 place-cell identity shuffles. Separate 100-snippet tests assess ripple/burst absence. Publisher correction of 17 April 2026 changes references only.","Published Methods, Replay detection / Spike density and ripple amplitude; author correction DOI 10.1038/s41467-026-72252-8.",papers/01_Widloski_2025.md
1,https://doi.org/10.1038/s41467-025-65181-5,Widloski 2025,MUA Z-score Thresh. (STD),#N/A,3,"Published Methods, Spike density and ripple amplitude: secondary burst detector.",papers/01_Widloski_2025.md
1,https://doi.org/10.1038/s41467-025-65181-5,Widloski 2025,SWR Z-score Thresh. (STD),#N/A,2,"Published Methods, Spike density and ripple amplitude: secondary ripple detector.",papers/01_Widloski_2025.md
1,https://doi.org/10.1038/s41467-025-65181-5,Widloski 2025,MUA smooth (ms),#N/A,80,"Published Methods, Bayesian decoding / Place fields / Spike density and ripple amplitude; 64 tetrodes are analyzed individually and as an average.",papers/01_Widloski_2025.md
1,https://doi.org/10.1038/s41467-025-65181-5,Widloski 2025,SWR smooth (ms),#N/A,80,"Published Methods, Bayesian decoding / Place fields / Spike density and ripple amplitude; 64 tetrodes are analyzed individually and as an average.",papers/01_Widloski_2025.md
1,https://doi.org/10.1038/s41467-025-65181-5,Widloski 2025,SWR electrodes (#),#N/A,64,"Published Methods, Bayesian decoding / Place fields / Spike density and ripple amplitude; 64 tetrodes are analyzed individually and as an average.",papers/01_Widloski_2025.md
1,https://doi.org/10.1038/s41467-025-65181-5,Widloski 2025,SWR Low Band (Hz),#N/A,100,"Published Methods, Bayesian decoding / Place fields / Spike density and ripple amplitude; 64 tetrodes are analyzed individually and as an average.",papers/01_Widloski_2025.md
1,https://doi.org/10.1038/s41467-025-65181-5,Widloski 2025,SWR High Band (Hz),#N/A,220,"Published Methods, Bayesian decoding / Place fields / Spike density and ripple amplitude; 64 tetrodes are analyzed individually and as an average.",papers/01_Widloski_2025.md
1,https://doi.org/10.1038/s41467-025-65181-5,Widloski 2025,Position bin (cm),#N/A,2,"Published Methods, Bayesian decoding / Place fields / Spike density and ripple amplitude; 64 tetrodes are analyzed individually and as an average.",papers/01_Widloski_2025.md
1,https://doi.org/10.1038/s41467-025-65181-5,Widloski 2025,Place field smooth (cm),#N/A,8,"Published Methods, Bayesian decoding / Place fields / Spike density and ripple amplitude; 64 tetrodes are analyzed individually and as an average.",papers/01_Widloski_2025.md
2,https://doi.org/10.1126/science.adk8261,Yang 2024,Detection Notes,"MUA and SWR
MUA with at least one LFP w/ SWR
during NREM (manually scored)",MUA and SWR / MUA with at least one LFP w/ SWR / NREM and quiet waking (automatic state scoring with manual curation) / The 20 ms decoding entry describes UMAP population vectors; the supplementary Bayesian reconstruction uses 100 ms windows. The MUA threshold does not specify the independent LFP detector.,"Supplementary Methods, PDF pp. 11 and 16.",papers/02_Yang_2024.md
2,https://doi.org/10.1126/science.adk8261,Yang 2024,SWR Z-score Thresh. (STD),3,Not reported,wrong or missing: LFP ripple threshold not stated; 3 SD is the MUA trigger; see the paper note and historical proposal for source location.,papers/02_Yang_2024.md
2,https://doi.org/10.1126/science.adk8261,Yang 2024,SWR smooth (ms),#N/A,Not reported,"wrong or missing: an LFP ripple detector exists but its method is unstated, so '#N/A' (no such step) is not supported; 'Not reported' matches the other four LFP fields and Grosmark 2016 (row 36), whose text is identical. Minor.; see the paper note and historical proposal for source location.",papers/02_Yang_2024.md
2,https://doi.org/10.1126/science.adk8261,Yang 2024,SWR electrodes (#),1,Not reported,wrong or missing: ripple channel count not stated; see the paper note and historical proposal for source location.,papers/02_Yang_2024.md
2,https://doi.org/10.1126/science.adk8261,Yang 2024,SWR Low Band (Hz),150,Not reported,wrong or missing: ripple band not stated; 150-250 not given for detection; see the paper note and historical proposal for source location.,papers/02_Yang_2024.md
2,https://doi.org/10.1126/science.adk8261,Yang 2024,SWR High Band (Hz),250,Not reported,wrong or missing: the ripple band is not stated; 150-250 Hz is not given for detection; see the paper note and historical proposal for source location.,papers/02_Yang_2024.md
2,https://doi.org/10.1126/science.adk8261,Yang 2024,Decoding notes,,"20 ms refers to UMAP candidate-event bins; Bayesian equations describe 100 ms bins. Trial-label shuffling (1000 repetitions) tests behavioral decoding accuracy and does not establish the number of replay-event shuffles. The archived Python main.py is a template, not the replay analysis.",Yang supplementary Methods pp. 8-9 (combined PDF pp. 15-16); exact tagged GitHub tree 2fa546845defbdd750c9059e7d54489782fed57c.,papers/02_Yang_2024.md
2,https://doi.org/10.1126/science.adk8261,Yang 2024,Shuffles (#),#N/A,Not reported,Yang supplementary Methods pp. 8-9 (combined PDF pp. 15-16); exact tagged GitHub tree 2fa546845defbdd750c9059e7d54489782fed57c.,papers/02_Yang_2024.md
2,https://doi.org/10.1126/science.adk8261,Yang 2024,Sig. Thresh.,#N/A,Both distance-to-manifold and trajectory-length tests; cutoff not reported,Yang supplementary Methods pp. 8-9 (combined PDF pp. 15-16); exact tagged GitHub tree 2fa546845defbdd750c9059e7d54489782fed57c.,papers/02_Yang_2024.md
3,https://doi.org/10.1038/s41467-023-43939-z,Huelin Gorriz 2023,Detection Notes,MUA and SWR,"MUA and SWR / Independently reopened release: 41-point gausswin(alpha=2) on 1 ms MUA bins gives nominal SD 10 ms per pass (filtfilt effective finite-kernel SD about 12.58 ms); paper says 5 ms. Ripple envelope uses smooth(...,15) at 1 kHz (15 ms moving average); paper says 100 ms. The batch script calls extract_replay_events, but that function is absent from the complete release, so the paper's 750 ms maximum is retained.","Zenodo 10085294 / dbendor/Nat_Com_Huelin_Gorriz_et_al b0676a5: batch_analysis_folders.m, list_of_parameters.m, process_clusters.m and extract_CSC.m.",papers/03_HuelinGorriz_2023.md
3,https://doi.org/10.1038/s41467-023-43939-z,Huelin Gorriz 2023,MUA smooth (ms),5,10,"Zenodo 10085294 / dbendor/Nat_Com_Huelin_Gorriz_et_al b0676a5: batch_analysis_folders.m, list_of_parameters.m, process_clusters.m and extract_CSC.m.",papers/03_HuelinGorriz_2023.md
3,https://doi.org/10.1038/s41467-023-43939-z,Huelin Gorriz 2023,SWR smooth (ms),100,15,"Zenodo 10085294 / dbendor/Nat_Com_Huelin_Gorriz_et_al b0676a5: batch_analysis_folders.m, list_of_parameters.m, process_clusters.m and extract_CSC.m.",papers/03_HuelinGorriz_2023.md
3,https://doi.org/10.1038/s41467-023-43939-z,Huelin Gorriz 2023,SWR electrodes (#),#N/A,1,"wrong or missing: one channel, the one with the highest ripple-band power; see the paper note and historical proposal for source location.",papers/03_HuelinGorriz_2023.md
3,https://doi.org/10.1038/s41467-023-43939-z,Huelin Gorriz 2023,Decoding notes,,Whole-event replay must pass all three shuffle tests at p<0.05; a split half must pass all three at p<0.025. Shuffles are 1000 per method.,"Huelin Gorriz Methods, PDF p. 12; release b0676a5.",papers/03_HuelinGorriz_2023.md
3,https://doi.org/10.1038/s41467-023-43939-z,Huelin Gorriz 2023,Shuffles (#),#N/A,1000,"Zenodo 10085294 / dbendor/Nat_Com_Huelin_Gorriz_et_al b0676a5: batch_analysis_folders.m, list_of_parameters.m, process_clusters.m and extract_CSC.m.",papers/03_HuelinGorriz_2023.md
3,https://doi.org/10.1038/s41467-023-43939-z,Huelin Gorriz 2023,Sig. Thresh.,95th percentile (all three),Whole event p<0.05; split half p<0.025 (all three),"Huelin Gorriz Methods, PDF p. 12; release b0676a5.",papers/03_HuelinGorriz_2023.md
4,https://doi.org/10.1016/j.neuron.2023.04.015,Harvey 2023,Detection Notes,"SWR
Ripple with a simultaneous
sharp wave from radiatum
events with 50%> empty time bins removed","SWR / ripple with a simultaneous radiatum sharp wave, detected by neurocode DetectSWR on one pyramidal and one radiatum channel (code; the text describes difference-of-Gaussians ripple power at 4 SD extended to 1 SD, >= 15 ms, and a 2.5 SD, 20-400 ms sharp wave) / sessions without a radiatum channel: FindRipples (code) / replay candidates: ripples >= 80 ms with >= 5 active place cells; events with >50% empty time bins removed / Secondary sessions without radiatum use FindRipples at 100-250 Hz, peak 3 SD, bounds 1 SD, maximum 300 ms. Main numeric fields describe the DetectSWR path; its SD is a local feature scale.",Paper code 7b368a9 update_session_data.m and custom_kenji/run_ripple_pipe_kenji.m; neurocode 4b33b2a DetectSWR.m.,papers/04_Harvey_2023.md
4,https://doi.org/10.1016/j.neuron.2023.04.015,Harvey 2023,SWR Z-score Thresh. (STD),4,2.5,"wrong or missing (paper's code): DetectSWR's default peak threshold, 2.5 local SD on the ripple and sharp-wave features (0.5 at the bounds); the text's 4 SD belongs to a detector the code does not run. Sessions without a radiatum channel used FindRipples at 1 and 3 SD; see the paper note and historical proposal for source location.",papers/04_Harvey_2023.md
4,https://doi.org/10.1016/j.neuron.2023.04.015,Harvey 2023,Animal Speed (cm/s),4,#N/A,"unrelated part of the paper: 4 cm/s is a place-field / movement criterion, not detection; the paper's code agrees: `speed_thres=4` sets the tuning curves only; see the paper note and historical proposal for source location.",papers/04_Harvey_2023.md
4,https://doi.org/10.1016/j.neuron.2023.04.015,Harvey 2023,Min. Duration (ms),15,80,"wrong or missing (paper's code): replay candidates are ripples of at least 80 ms, an inclusion criterion applied before decoding; the text gives only the ripple detector's 15 ms and never mentions 80; see the paper note and historical proposal for source location.",papers/04_Harvey_2023.md
4,https://doi.org/10.1016/j.neuron.2023.04.015,Harvey 2023,Max Duration (ms),400,#N/A,"wrong or missing: 400 ms is the sharp-wave duration limit (20-400 ms), no ripple-event maximum; the paper's code agrees for sessions with a radiatum channel (DetectSWR limits only the sharp wave, to 500 ms), but sessions without one used FindRipples with a 300 ms maximum; see the paper note and historical proposal for source location.",papers/04_Harvey_2023.md
5,https://doi.org/10.1126/science.adi8237,Liu 2023,Animal Speed (cm/s),4,#N/A,"unrelated part of the paper: 4 cm/s is a place-field criterion; the paper's code (neurocode DetectSWR, release v1.0.0) has no speed criterion; see the paper note and historical proposal for source location.",papers/05_Liu_2023.md
6,https://doi.org/10.7554/eLife.79031,Tirole 2022,Detection Notes,MUA,"MUA and SWR / MUA burst with ripple-band z >= 3 inside it / Code values: MUA Gaussian SD 10 ms per pass via filtfilt (effective SD about 12.6 ms for the finite kernel); ripple 15 ms moving average; no maximum-duration exclusion. Text instead states 5 ms, 100 ms and 750 ms, respectively. Minimum 100 ms precedes 50 ms merging.","Pinned paper release 44ecf42, process_clusters.m, extract_CSC.m, extract_replay_events.m and list_of_parameters.m.",papers/06_Tirole_2022.md
6,https://doi.org/10.7554/eLife.79031,Tirole 2022,MUA smooth (ms),5,10,"Released code 44ecf42, process_clusters.m and list_of_parameters.m: gausswin(41,2), SD 10 ms per pass, applied forward and backward.",papers/06_Tirole_2022.md
6,https://doi.org/10.7554/eLife.79031,Tirole 2022,SWR smooth (ms),100,15,"Released code 44ecf42, extract_CSC.m: smooth(abs(hilbert(...)),15) at 1 kHz.",papers/06_Tirole_2022.md
6,https://doi.org/10.7554/eLife.79031,Tirole 2022,Max Duration (ms),750,#N/A,"Released code 44ecf42, extract_replay_events.m: long events are counted but retained.",papers/06_Tirole_2022.md
6,https://doi.org/10.7554/eLife.79031,Tirole 2022,Decoding notes,,Whole-event replay must pass all three shuffle tests at p<0.05; a split half must pass all three at p<0.025. Shuffles are 1000 per method.,"Tirole release 44ecf42, number_of_significant_replays.m.",papers/06_Tirole_2022.md
6,https://doi.org/10.7554/eLife.79031,Tirole 2022,Sig. Thresh.,95th percentile (all three),Whole event p<0.05; split half p<0.025 (all three),"Tirole release 44ecf42, number_of_significant_replays.m.",papers/06_Tirole_2022.md
7,https://doi.org/10.1016/j.cub.2021.10.033,Bush 2022,Detection Notes,"MUA or SWR
median speed used for immobility,
event start time is considered first spike","MUA / median speed used for immobility / >= 5 or 15% of pyramidal cells active, whichever is larger / ripple-band detector (150-250 Hz, 5 ms smoothing, 3 SD, one channel) as a separate control","notes: ""MUA or SWR"" is two separate analyses; ""first spike"" is decoding-bin alignment; a later adaptation of Bush's detector agrees on both points (see the note); see the paper note and historical proposal for source location.",papers/07_Bush_2022.md
8,https://doi.org/10.1016/j.neuron.2022.03.010,Berners-Lee 2022,Detection Notes,MUA,MUA / 20 ms decoding windows are used both with 5 ms steps and without overlap (20 ms steps); the step column records the latter variant.,"Methods, Bayesian decoding, PDF p. 17.",papers/08_Berners-Lee_2022.md
8,https://doi.org/10.1016/j.neuron.2022.03.010,Berners-Lee 2022,Decoding notes,,"Primary event criteria are abs(weighted correlation)>0.6 and maximum jump<0.4 of track length. Paper describes 20 ms windows both in 5 ms steps and without overlap; the reopened spike-density helper uses nonoverlapping 20 ms windows. The 5000 time shuffles test counts of qualifying events, not a p<0.05 test for each replay.","Berners-Lee 2022 Methods, PDF pp. 17-18; Zenodo 6330850 Publication release, decode_spikedensity_events.m.",papers/08_Berners-Lee_2022.md
8,https://doi.org/10.1016/j.neuron.2022.03.010,Berners-Lee 2022,Time bin step (ms),20,5 or 20,"Berners-Lee 2022 Methods, PDF pp. 17-18; Zenodo 6330850 Publication release, decode_spikedensity_events.m.",papers/08_Berners-Lee_2022.md
8,https://doi.org/10.1016/j.neuron.2022.03.010,Berners-Lee 2022,Shuffle Method,Time-bin shuffle,Time-bin shuffle (test of event counts),"Berners-Lee 2022 Methods, PDF pp. 17-18; Zenodo 6330850 Publication release, decode_spikedensity_events.m.",papers/08_Berners-Lee_2022.md
8,https://doi.org/10.1016/j.neuron.2022.03.010,Berners-Lee 2022,Sig. Thresh.,p<0.05,Criteria-based events; p<0.05 on counts,"Berners-Lee 2022 Methods, PDF pp. 17-18; Zenodo 6330850 Publication release, decode_spikedensity_events.m.",papers/08_Berners-Lee_2022.md
9,https://doi.org/10.1016/j.neuron.2022.02.002,Widloski 2022,Reconst. Error bin (ms),#N/A,250,"Widloski 2022 Methods, PDF p. 19: behavioral decoding in 250 ms windows.",papers/09_Widloski_2022.md
10,https://doi.org/10.1016/j.neuron.2021.11.014,Krause 2022,Detection Notes,"MUA and SWR
>2 sp./s",MUA and SWR / >2 sp./s / Published MUA control uses Gaussian SD 20 ms; subsequent SWR trimming uses >2 spikes/s/cell in 3 ms bins and retains trimmed events >=30 ms. The 50 ms minimum in the column is the original SWR criterion. / MUA smoothing column follows the released implementation: 10 ms SD; the text reports 20 ms.,"Paper release v1.0, replay_structure/highsynchronyevents.py lines 48-50.",papers/10_Krause_2022.md
10,https://doi.org/10.1016/j.neuron.2021.11.014,Krause 2022,MUA smooth (ms),20,10,"Paper release v1.0, replay_structure/highsynchronyevents.py lines 48-50: 1 ms histogram and gaussian_filter1d(...,10). Text says 20 ms.",papers/10_Krause_2022.md
13,https://doi.org/10.7554/eLife.64505,Denovellis 2021,Detection Notes,SWR,"SWR / only SWRs with spikes on >= 2 tetrodes analyzed / MUA done as control (2 SD, >= 15 ms) / The original caller bins MUA at 500 Hz and calls multiunit_HSE_detector with z=2 and minimum duration 15 ms, without overriding the pinned package's Gaussian SD 15 ms.","notes: record the multiunit control in the notes, as for Gillespie 2021; see the paper note and historical proposal for source location. Independent recheck: replay_trajectory_paper f2d2b3c, src/load_data.py and environment.yml; pinned ripple_detection 0.1.8.dev0 / local 71298f0 detectors.py default smoothing_sigma=0.015.",papers/13_Denovellis_2021.md
13,https://doi.org/10.7554/eLife.64505,Denovellis 2021,MUA Z-score Thresh. (STD),#N/A,2,"Methods, Identifying events of high multiunit activity, PDF p. 27: secondary MUA control.",papers/13_Denovellis_2021.md
13,https://doi.org/10.7554/eLife.64505,Denovellis 2021,MUA smooth (ms),#N/A,15,"Methods, Identifying events of high multiunit activity, PDF p. 27 does not specify a smoothing width. Independent recheck: replay_trajectory_paper f2d2b3c, src/load_data.py and environment.yml; pinned ripple_detection 0.1.8.dev0 / local 71298f0 detectors.py default smoothing_sigma=0.015.",papers/13_Denovellis_2021.md
14,https://doi.org/10.1016/j.neuron.2021.07.029,Gillespie 2021,Detection Notes,MUA done as control,"SWR / MUA done as control (3 SD, 15 ms Gaussian smoothing)",notes: keep the control values in the notes; the Frank-lab MUA detector the paper's archive names has these values (see the note); see the paper note and historical proposal for source location.,papers/14_Gillespie_2021.md
14,https://doi.org/10.1016/j.neuron.2021.07.029,Gillespie 2021,Place field smooth (cm),5,Not reported,"Gillespie 2021 Methods, PDF p. 21; main Results median deviation less than one 5 cm spatial bin.",papers/14_Gillespie_2021.md
14,https://doi.org/10.1016/j.neuron.2021.07.029,Gillespie 2021,Decoding notes,,"5 cm is the position-bin width; the Methods give a 20 microvolt waveform KDE bandwidth but do not establish a 5 cm spatial kernel SD. A spatially continuous event crosses posterior 0.8; if both states cross, continuous must occupy more time bins. A maze segment must contain at least 30% mean posterior. Median error is <5 cm; quality is evaluated at video frames (30 Hz), using the 2 ms decoder.","Gillespie 2021 Methods, PDF p. 21; main Results median deviation less than one 5 cm spatial bin.",papers/14_Gillespie_2021.md
14,https://doi.org/10.1016/j.neuron.2021.07.029,Gillespie 2021,Reconst. Error (cm),5,<5 (median),"Gillespie 2021 Methods, PDF p. 21; main Results median deviation less than one 5 cm spatial bin.",papers/14_Gillespie_2021.md
14,https://doi.org/10.1016/j.neuron.2021.07.029,Gillespie 2021,Sig. Thresh.,#N/A,Continuous-state posterior >0.8; segment posterior >=0.30,"Gillespie 2021 Methods, PDF p. 21; main Results median deviation less than one 5 cm spatial bin.",papers/14_Gillespie_2021.md
15,https://doi.org/10.1016/j.cub.2021.07.058,Michon 2021,Decoding notes,,"The <30 cm error entry is the 75th-percentile criterion used to select sessions, not a reported mean or median reconstruction error. Evaluated in 100 ms behavioral windows. Replay uses 500 pooled cross-event surrogates; a separate 500-surrogate direction-bias test also appears.","Michon 2021 Methods, PDF p. 18.",papers/15_Michon_2021.md
16,https://doi.org/10.1073/pnas.2011266118,Igata 2021,Detection Notes,"MUA and SWR
Mahalanobis distance used for overall ripple power
GMM used for ripple power","MUA and SWR / Mahalanobis distance used for overall ripple power / GMM used for ripple power / Supplement verified: MUA peak >2 SD, >4 cells, Gaussian SD 15 ms, 50-2000 ms; ripple envelopes use 150-250 Hz and Gaussian SD 4 ms, then Mahalanobis power and GMM selection. A separate SWR detector uses peak 3 SD and 50-500 ms.","SI Appendix pp. 7-8, Bayesian decoding / Detection of synchronous event / Detection of SWRs.",papers/16_Igata_2021.md
16,https://doi.org/10.1073/pnas.2011266118,Igata 2021,Sig. Thresh.,p<0.05,Trajectory p<0.05; sequential events abs(weighted correlation)>=0.5,"SI Appendix pp. 10-11, Sequence scores of sequential events / Trajectory events: these are distinct classifications.",papers/16_Igata_2021.md
18,https://doi.org/10.1016/j.neuron.2020.01.015,Kaefer 2020,Detection Notes,"Decoded all immobility in 256 ms windows
detected non-local activity
excluding trajectories under 20 cm/s
windows were adjusted for number of spikes or cells","Decoded all immobility / non-local positions detected in 256 ms windows / trajectory replay detected in windows with a fixed number of spikes, excluding decoded speeds under 20 cm/s / Replay windows contain a session-specific fixed number of spikes; 25.6 ms is the underlying sampling bin and is also used in a comparison analysis. Nonlocal position detection uses 256 ms windows. Secondary SWR analysis: 240 ms Fourier/RMS windows every 20 ms, peak 5 SD, bounds 1.5 SD.","Methods, Decoding Windows / Oscillation Analyses, PDF pp. 17-18.",papers/18_Kaefer_2020.md
18,https://doi.org/10.1016/j.neuron.2020.01.015,Kaefer 2020,SWR Z-score Thresh. (STD),#N/A,5,"Methods, Oscillation Analyses, PDF p. 18: separate SWR analysis, not the replay trigger.",papers/18_Kaefer_2020.md
18,https://doi.org/10.1016/j.neuron.2020.01.015,Kaefer 2020,SWR electrodes (#),#N/A,>1,"Methods, Oscillation Analyses, PDF p. 18: separate SWR analysis, not the replay trigger.",papers/18_Kaefer_2020.md
18,https://doi.org/10.1016/j.neuron.2020.01.015,Kaefer 2020,SWR Low Band (Hz),#N/A,150,"Methods, Oscillation Analyses, PDF p. 18: separate SWR analysis, not the replay trigger.",papers/18_Kaefer_2020.md
18,https://doi.org/10.1016/j.neuron.2020.01.015,Kaefer 2020,SWR High Band (Hz),#N/A,250,"Methods, Oscillation Analyses, PDF p. 18: separate SWR analysis, not the replay trigger.",papers/18_Kaefer_2020.md
18,https://doi.org/10.1016/j.neuron.2020.01.015,Kaefer 2020,Time bin (ms),25.6,Adaptive (25.6 ms base bins),"Kaefer 2020 Methods, Decoding Windows / Trajectory Score, PDF p. 17; Results PDF p. 5.",papers/18_Kaefer_2020.md
18,https://doi.org/10.1016/j.neuron.2020.01.015,Kaefer 2020,Decoding notes,"Adapative bin sizes
No jumps (> 60 cm)
Absolute speed (>20 cm/s)","Adapative bin sizes
No jumps (> 60 cm)
Absolute speed (>20 cm/s) / 25.6 ms is the sampling grid, not the trajectory decoder window. Consecutive base bins are accumulated to a session-specific spike count; nonoverlapping spike windows are scored in overlapping groups of four. The separate non-local-position analysis uses 256 ms windows. The old approximate 45% entry corresponds to the opposite conditional fraction: Figure 4D plots the percentage of trajectory replays coinciding with an SWR (roughly 45-50% for hippocampus). It does not give the fraction of candidate events decoded as replay.","Kaefer 2020 Methods, Decoding Windows / Trajectory Score, PDF p. 17; Results PDF p. 5. Kaefer 2020 Figure 4D, combined PDF p. 7, visually checked: proportion of trajectory replay events co-occurring with SWRs.",papers/18_Kaefer_2020.md
18,https://doi.org/10.1016/j.neuron.2020.01.015,Kaefer 2020,% Decoded,~45%,Not reported,"Kaefer 2020 Figure 4D, combined PDF p. 7, visually checked: proportion of trajectory replay events co-occurring with SWRs.",papers/18_Kaefer_2020.md
18,https://doi.org/10.1016/j.neuron.2020.01.015,Kaefer 2020,Time bin step (ms),25.6,Adaptive; nonoverlapping,"Kaefer 2020 Methods, Decoding Windows / Trajectory Score, PDF p. 17; Results PDF p. 5.",papers/18_Kaefer_2020.md
19,https://doi.org/10.1073/pnas.1912533117,Bhattarai 2020,Detection,SWR,"SWR, MUA","Published SI Appendix pnas.1912533117.sapp.pdf, pp. 4-5, SWR events / Replay events: silence-bounded place-cell bursts with SWR overlap.",papers/19_Bhattarai_2020.md
19,https://doi.org/10.1073/pnas.1912533117,Bhattarai 2020,Detection Notes,"SWR
preceded by 60 ms of silence
extended to 1 STD","SWR and MUA: replay candidates require >=5 place cells from a given block within a 300 ms window after >60 ms silence and at least one coincident SWR. SWRs use power from one channel each on two tetrodes, 100-250 Hz, a 50 ms boxcar, peak >3 SD and bounds at 1 SD; exclude durations <=20 ms, merge inter-ripple intervals <=100 ms, then require spikes from >=5 place cells from any block of the session. No detection-speed threshold is stated; 4 cm/s is a tuning-curve exclusion. The 300 ms replay search window is distinct from an SWR maximum duration, which is not reported. SI Appendix pp. 4-6 verified directly.","Published SI Appendix pnas.1912533117.sapp.pdf, pp. 4-6: separate SWR detection/participation and replay candidate rules; template-speed exclusion is not a detection cutoff.",papers/19_Bhattarai_2020.md
19,https://doi.org/10.1073/pnas.1912533117,Bhattarai 2020,Animal Speed (cm/s),4,#N/A,"Published SI Appendix pnas.1912533117.sapp.pdf, pp. 4-6: no SWR/replay speed criterion stated; exclude speed <4 cm/s only when constructing spatial templates.",papers/19_Bhattarai_2020.md
19,https://doi.org/10.1073/pnas.1912533117,Bhattarai 2020,Trajectory,Weighted correlation,Linear regression of posterior-mode positions (R^2 significance); weighted correlation (strength/direction),"Published SI Appendix pnas.1912533117.sapp.pdf, p. 5: linear regression of posterior-mode positions for R^2 significance; p. 6: weighted correlation for replay strength and direction.",papers/19_Bhattarai_2020.md
19,https://doi.org/10.1073/pnas.1912533117,Bhattarai 2020,Decoding notes,,"Published SI Appendix pp. 5-6: replay decoding uses 20 ms windows with a 10 ms step; behavioral reconstruction uses 50 ms windows. Templates use 2 cm spatial bins, Gaussian SD 6 cm and exclude speed <4 cm/s. Fit decoded posterior-mode positions against time-bin number, then compare R^2 with 1000 circular shifts of the decoded-position sequence; p is the fraction of shuffled R^2 values exceeding the observed value, significant at p<0.05. Weighted correlation measures strength/direction and includes only posterior bins >0.01. Exclude session sets with median absolute reconstruction error >20 cm (3 of 28); analyzed-session error is 6.56 +/- 0.46 cm (mean +/- SEM). Table S1 (p. 21) confirms 1342 replays / 2573 candidates = 52.2% rounded. The earlier audit incorrectly treated the 50 ms behavioral window as the replay window; the original 20 ms replay entry is restored.","Published SI Appendix pnas.1912533117.sapp.pdf, pp. 5-6, Replay events / Neural decoding of spatial position / Weighted correlation; Table S1 p. 21 visually checked. Corrects earlier behavioral/replay-window confusion.",papers/19_Bhattarai_2020.md
19,https://doi.org/10.1073/pnas.1912533117,Bhattarai 2020,% Decoded,52%,52.2%,"Published SI Appendix pnas.1912533117.sapp.pdf, p. 5: 1342 significant events, 52.2% of candidates; Table S1 p. 21 totals 1342 replays and 2573 candidates.",papers/19_Bhattarai_2020.md
19,https://doi.org/10.1073/pnas.1912533117,Bhattarai 2020,Time bin step (ms),#N/A,10,"Published SI Appendix pnas.1912533117.sapp.pdf, p. 5, final paragraph explicitly specifies a 10 ms step for 20 ms replay windows.",papers/19_Bhattarai_2020.md
19,https://doi.org/10.1073/pnas.1912533117,Bhattarai 2020,Shuffle Method,Permutation test (type not stated),Circular shift of decoded positions in time; recompute linear-regression R^2,"Published SI Appendix pnas.1912533117.sapp.pdf, p. 5, Replay events: 1000 random circular time shifts of decoded positions, recompute linear-regression R^2, p<0.05.",papers/19_Bhattarai_2020.md
19,https://doi.org/10.1073/pnas.1912533117,Bhattarai 2020,Shuffles (#),#N/A,1000,"Published SI Appendix pnas.1912533117.sapp.pdf, p. 5, Replay events: 1000 random circular time shifts of decoded positions, recompute linear-regression R^2, p<0.05.",papers/19_Bhattarai_2020.md
19,https://doi.org/10.1073/pnas.1912533117,Bhattarai 2020,Sig. Thresh.,#N/A,p<0.05,"Published SI Appendix pnas.1912533117.sapp.pdf, p. 5, Replay events: 1000 random circular time shifts of decoded positions, recompute linear-regression R^2, p<0.05.",papers/19_Bhattarai_2020.md
19,https://doi.org/10.1073/pnas.1912533117,Bhattarai 2020,Reconst. Error bin (ms),#N/A,50,"Published SI Appendix pnas.1912533117.sapp.pdf, p. 5, Neural decoding of spatial position: 50 ms behavioral reconstruction windows, distinct from 20 ms replay windows.",papers/19_Bhattarai_2020.md
20,https://doi.org/10.1016/j.neuron.2019.01.052,Stella 2019,Detection Notes,SWR,"SWR / Morlet-wavelet RMS power in 150-250 Hz, z-scored per electrode, maximum across CA1 electrodes / bounds at 2 SD / REM excluded by theta/delta ratio / Place-field width 20 cm is the fitted Gaussian basis parameter r in exp(-distance^2/r^2), not a Gaussian standard deviation. Temporal bins are either 8 ms or 15 spikes; >=5 decoded windows is an analysis inclusion rule.","Methods, firing-rate model equation (5), Time-Binning of the Data and Analysis of Reactivation Events, PDF pp. 16-17.",papers/20_Stella_2019.md
20,https://doi.org/10.1016/j.neuron.2019.01.052,Stella 2019,Min. Duration (ms),40,#N/A,"decoded-content criterion: 40 ms is the analysis rule ""at least five decoding windows"", not a detection minimum; see the paper note and historical proposal for source location.",papers/20_Stella_2019.md
20,https://doi.org/10.1016/j.neuron.2019.01.052,Stella 2019,Decoding notes,Adaptive time bin size (# spikes),"Adaptive time bin size (# spikes) / The paper uses two nonoverlapping window schemes: fixed 8 ms and adaptive 15-spike windows. Spatial width 20 cm is the Gaussian basis-function parameter r in exp(-distance^2/r^2), not a smoothing-kernel SD. Selection requires mean maximum posterior >0.1; surrogate analyses have several purposes and no single common count is given in the Methods. / Figure S2 reports errors for one representative session across several fixed-time and fixed-spike windows; the approximate 8-11 cm range is read from that figure, not a pooled reported error.","Stella 2019 Methods, PDF pp. 16-17. Stella 2019 Figure S2, combined PDF p. 23, visually checked: approximately 8-11 cm across tested windows in one representative session.",papers/20_Stella_2019.md
20,https://doi.org/10.1016/j.neuron.2019.01.052,Stella 2019,Reconst. Error (cm),~9 cm (Figure S2),~8-11 (Figure S2; one session),"Stella 2019 Figure S2, combined PDF p. 23, visually checked: approximately 8-11 cm across tested windows in one representative session.",papers/20_Stella_2019.md
20,https://doi.org/10.1016/j.neuron.2019.01.052,Stella 2019,Shuffles (#),#N/A,Not reported,"Stella 2019 Methods, Shuffling Procedures: no single count covering these different analyses.",papers/20_Stella_2019.md
20,https://doi.org/10.1016/j.neuron.2019.01.052,Stella 2019,Reconst. Error bin (ms),#N/A,Varied (Figure S2),"Stella 2019 Figure S2, combined PDF p. 23, visually checked: approximately 8-11 cm across tested windows in one representative session.",papers/20_Stella_2019.md
21,https://doi.org/10.1016/j.neuron.2018.11.015,Xu 2019,Place field smooth (cm),6,3 (inferred 1D); 6 (2D),"Xu 2019 Methods, PDF p. 17: 2 cm 2D bins and sigma 3 bins; 1D bins are 1 cm with a similar procedure.",papers/21_Xu_2019.md
21,https://doi.org/10.1016/j.neuron.2018.11.015,Xu 2019,Decoding notes,"Custom optimization procedure
Jump-constrained best path (<=20 bins per step)","Custom optimization procedure
Jump-constrained best path (<=20 bins per step) / Spatial smoothing is explicitly 3 bins on 2 cm 2D maps (6 cm). Applying the stated similar procedure to the 1 cm linearized maps implies 3 cm; the 1D kernel is not independently specified.","Xu 2019 Methods, PDF p. 17: 2 cm 2D bins and sigma 3 bins; 1D bins are 1 cm with a similar procedure.",papers/21_Xu_2019.md
22,https://doi.org/10.1016/j.neuron.2019.05.040,Farooq 2019,Detection,"SWR, MUA",MUA,wrong or missing: frames detected from the population rate only; ripples split off a control subset; see the paper note and historical proposal for source location.,papers/22_Farooq_2019.md
22,https://doi.org/10.1016/j.neuron.2019.05.040,Farooq 2019,Detection Notes,MUA and SWR,MUA / frames containing a 175-225 Hz ripple used as a control subset / SWS: speed < 1 cm/s for >= 5 min and theta/delta ratio < 2,notes: frames are detected from the population rate only; frames containing a ripple are a control subset; see the paper note and historical proposal for source location.,papers/22_Farooq_2019.md
22,https://doi.org/10.1016/j.neuron.2019.05.040,Farooq 2019,Decoding notes,,Positive and negative sequences use opposite shuffle tails (>97.5th or <2.5th percentile). Bayesian trajectory-count tests are distinct from per-frame template/correlation significance. / The approximate 10% replay fraction is a visual estimate from Figure 2B for post-run sleep; the pre-run proportion is lower.,"Farooq 2019 Neuron Methods, PDF pp. 19-21; Science supplementary Methods, PDF pp. 14-16. Farooq 2019 Neuron Figure 2B, PDF p. 5, visually checked.",papers/22_Farooq_2019.md
22,https://doi.org/10.1016/j.neuron.2019.05.040,Farooq 2019,Sig. Thresh.,97.5th percentile,>97.5th or <2.5th percentile; count tests separate,"Farooq 2019 Neuron Methods, PDF pp. 19-21; Science supplementary Methods, PDF pp. 14-16.",papers/22_Farooq_2019.md
23,https://doi.org/10.1126/science.aav0502,Farooq 2019,Detection Notes,"MUA
theta/delta ratio","MUA / theta/delta ratio / SWS speed <2 cm/s; awake-rest frames use <1 cm/s. Ripple fields describe a separate developmental characterization (140-250 Hz, 3 SD), not a gate on frames.","Supplementary Methods, Detection of frames and Ripple analysis, PDF pp. 14 and 16-17.",papers/23_Farooq_2019.md
23,https://doi.org/10.1126/science.aav0502,Farooq 2019,SWR Z-score Thresh. (STD),#N/A,3,"Supplementary Methods, Ripple analysis, PDF pp. 16-17: secondary ripple characterization.",papers/23_Farooq_2019.md
23,https://doi.org/10.1126/science.aav0502,Farooq 2019,SWR Low Band (Hz),#N/A,140,"Supplementary Methods, Ripple analysis, PDF pp. 16-17: secondary ripple characterization.",papers/23_Farooq_2019.md
23,https://doi.org/10.1126/science.aav0502,Farooq 2019,SWR High Band (Hz),#N/A,250,"Supplementary Methods, Ripple analysis, PDF pp. 16-17: secondary ripple characterization.",papers/23_Farooq_2019.md
23,https://doi.org/10.1126/science.aav0502,Farooq 2019,Decoding notes,,Sequential frames additionally span >15% of track length; stationary frames use >95th-percentile confidence and <5% extent. The approximate 5 cm error is not one verified summary across all developmental ages.,"Farooq 2019 Neuron Methods, PDF pp. 19-21; Science supplementary Methods, PDF pp. 14-16.",papers/23_Farooq_2019.md
23,https://doi.org/10.1126/science.aav0502,Farooq 2019,Reconst. Error (cm),~5 cm,~5 cm (not verified across ages),Farooq Science Figure S2 gives age-specific confusion matrices; no common 5 cm error summary was verified.,papers/23_Farooq_2019.md
23,https://doi.org/10.1126/science.aav0502,Farooq 2019,Sig. Thresh.,97.5th percentile,Sequential: >97.5th or <2.5th percentile; stationary: >95th,"Farooq 2019 Neuron Methods, PDF pp. 19-21; Science supplementary Methods, PDF pp. 14-16.",papers/23_Farooq_2019.md
23,https://doi.org/10.1126/science.aav0502,Farooq 2019,Reconst. Error bin (ms),#N/A,500,"Farooq 2019 Science supplementary Methods, Bayesian decoding during behavior, 500 ms.",papers/23_Farooq_2019.md
24,https://doi.org/10.1038/s41467-019-09280-0,Chenani 2019,Detection Notes,"Place cell rate peak reached 3 SD, boundaries where it fell below 1 SD, and 5 or more active cells
Reward zones defined by visual judgment of the speed distribution","Place cell rate peak reached 3 SD, boundaries where it fell below 1 SD, and 5 or more active cells / Reward zones defined by visual judgment of the speed distribution / Ripple columns describe the separate HFE analysis: 100-250 Hz Hilbert amplitude, Gaussian SD 12 ms, peak 3 SD and bounds 1 SD, followed by spectral clustering. Sequence analysis uses MUA bursts.","Methods, Place cell identification and burst rates / LFP analysis and HFEs, PDF p. 11.",papers/24_Chenani_2019.md
24,https://doi.org/10.1038/s41467-019-09280-0,Chenani 2019,SWR Z-score Thresh. (STD),#N/A,3,"Methods, LFP analysis and HFEs, PDF p. 11: secondary HFE detector.",papers/24_Chenani_2019.md
24,https://doi.org/10.1038/s41467-019-09280-0,Chenani 2019,SWR smooth (ms),#N/A,12,"Methods, LFP analysis and HFEs, PDF p. 11: secondary HFE detector.",papers/24_Chenani_2019.md
24,https://doi.org/10.1038/s41467-019-09280-0,Chenani 2019,SWR Low Band (Hz),#N/A,100,"Methods, LFP analysis and HFEs, PDF p. 11: secondary HFE detector.",papers/24_Chenani_2019.md
24,https://doi.org/10.1038/s41467-019-09280-0,Chenani 2019,SWR High Band (Hz),#N/A,250,"Methods, LFP analysis and HFEs, PDF p. 11: secondary HFE detector.",papers/24_Chenani_2019.md
25,https://doi.org/10.1016/j.cub.2019.03.048,Michon 2019,Reconst. Error bin (ms),#N/A,100,"Michon 2019 Methods, PDF p. 14: held-out behavioral decoding with 100 ms bins.",papers/25_Michon_2019.md
26,https://doi.org/10.1002/hipo.23034,Liu 2019,Detection Notes,"MUA
preceded by 100 ms of silence
theta/delta ratio
SWR control",MUA / preceded and followed by 100 ms of silence / theta/delta ratio / SWR control / awake rest frames use < 2 cm/s,notes: keep the awake value; see the paper note and historical proposal for source location.,papers/26_Liu_2019.md
26,https://doi.org/10.1002/hipo.23034,Liu 2019,Animal Speed (cm/s),2,1,wrong or missing: sleep frames (main dataset) use < 1 cm/s; awake rest frames < 2 cm/s; see the paper note and historical proposal for source location.,papers/26_Liu_2019.md
27,https://doi.org/10.1016/j.neuron.2019.09.012,Shin 2019,SWR electrodes (#),1,>1,wrong or missing: event on at least one of the CA1 tetrodes; the lab's code agrees (an event on any one tetrode); see the paper note and historical proposal for source location.,papers/27_Shin_2019.md
27,https://doi.org/10.1016/j.neuron.2019.09.012,Shin 2019,Decoding notes,, / The approximate 40% replay fraction summarizes the session means in Figure S5E; individual animals and sessions vary.,"Shin 2019 Figure S5E, PDF p. 35, visually checked.",papers/27_Shin_2019.md
28,https://doi.org/10.1038/s41593-019-0464-6,Carey 2019,Detection Notes,"MUA and SWR
Adaptive thresholding of MUA",MUA and SWR / Adaptive thresholding of MUA / LFP score is the dot product with a noise-corrected SWR spectrum (60 ms window) / joint score thresholded at 4 / theta power no more than 2 SD above the mean,"notes: record the LFP score, threshold and theta criterion; see the paper note and historical proposal for source location.",papers/28_Carey_2019.md
28,https://doi.org/10.1038/s41593-019-0464-6,Carey 2019,Min. Cells (#),4,5,wrong or missing: detection requires 5 active units; 4 is the decoding-stage criterion; see the paper note and historical proposal for source location.,papers/28_Carey_2019.md
28,https://doi.org/10.1038/s41593-019-0464-6,Carey 2019,Min. Duration (ms),50,20,decoded-content criterion: detection minimum is 20 ms; 50 ms is the minimum length of decoded sequences; see the paper note and historical proposal for source location.,papers/28_Carey_2019.md
29,https://doi.org/10.1016/j.cub.2019.01.005,Muessig 2019,Detection Notes,"MUA and SWR
theta/delta ratio","MUA and SWR / MUA bursts kept only if they overlap an SWR / theta/delta ratio / SWR threshold is the 99th percentile of RMS power (about 4 SD per the authors) / SWR = fixed 100 ms window around the peak, single highest-SD tetrode / RUN-trial events use < 1 cm/s",notes: the 4 SD is the authors' gloss on a percentile; see the paper note and historical proposal for source location.,papers/29_Muessig_2019.md
29,https://doi.org/10.1016/j.cub.2019.01.005,Muessig 2019,SWR smooth (ms),#N/A,7,wrong or missing: ripple power is a 7 ms moving RMS; see the paper note and historical proposal for source location.,papers/29_Muessig_2019.md
29,https://doi.org/10.1016/j.cub.2019.01.005,Muessig 2019,Decoding notes,," / The <10 cm median reconstruction error is an ensemble-inclusion criterion, not the mean error achieved across all ensembles.","Muessig 2019 Methods, PDF p. 11: ensemble inclusion requires median behavioral decoding error <10 cm in 300 ms windows.",papers/29_Muessig_2019.md
30,https://doi.org/10.1126/science.aat2952,Drieu 2018,Detection Notes,"MUA
theta/delta ratio","MUA / theta/delta ratio / Secondary ripple analysis averages pyramidal-layer channels, uses 100-250 Hz minus 300-500 Hz contamination, peak 3 SD and bounds 1 SD, and keeps durations >20 and <110 ms. Main duration columns describe MUA replay candidates.","Supplementary Methods, Candidate replay events and Ripple detection, PDF pp. 12 and 16.",papers/30_Drieu_2018.md
30,https://doi.org/10.1126/science.aat2952,Drieu 2018,SWR Z-score Thresh. (STD),#N/A,3,"Supplementary Methods, Ripple detection, PDF p. 16: separate ripple analysis/control.",papers/30_Drieu_2018.md
30,https://doi.org/10.1126/science.aat2952,Drieu 2018,Animal Speed (cm/s),0.05,#N/A,"unrelated part of the paper: 0.05 cm/s only validated the sleep scoring; the lab's toolbox uses such a speed to define quiet periods for sleep scoring, not in event detection; see the paper note and historical proposal for source location.",papers/30_Drieu_2018.md
30,https://doi.org/10.1126/science.aat2952,Drieu 2018,SWR electrodes (#),#N/A,>1,"Supplementary Methods, Ripple detection, PDF p. 16: separate ripple analysis/control.",papers/30_Drieu_2018.md
30,https://doi.org/10.1126/science.aat2952,Drieu 2018,SWR Low Band (Hz),#N/A,100,"Supplementary Methods, Ripple detection, PDF p. 16: separate ripple analysis/control.",papers/30_Drieu_2018.md
30,https://doi.org/10.1126/science.aat2952,Drieu 2018,SWR High Band (Hz),#N/A,250,"Supplementary Methods, Ripple detection, PDF p. 16: separate ripple analysis/control.",papers/30_Drieu_2018.md
30,https://doi.org/10.1126/science.aat2952,Drieu 2018,Decoding notes,,"Each event is compared with 5000 independently circular-shifted posterior-column surrogates. The 20 ms windows are nonoverlapping; the published 4.5 cm place-field kernel is described as a width, without identifying it as SD.","Drieu 2018 author PDF including supplementary Methods, pp. 13-14.",papers/30_Drieu_2018.md
30,https://doi.org/10.1126/science.aat2952,Drieu 2018,Shuffle Method,#N/A,Per-column circular shift of position,"Drieu 2018 author PDF including supplementary Methods, pp. 13-14.",papers/30_Drieu_2018.md
30,https://doi.org/10.1126/science.aat2952,Drieu 2018,Shuffles (#),#N/A,5000,"Drieu 2018 author PDF including supplementary Methods, pp. 13-14.",papers/30_Drieu_2018.md
30,https://doi.org/10.1126/science.aat2952,Drieu 2018,Sig. Thresh.,#N/A,p<=0.05,"Drieu 2018 author PDF including supplementary Methods, pp. 13-14.",papers/30_Drieu_2018.md
31,https://doi.org/10.7554/eLife.34467,Maboudi 2018,Detection Notes,"PBEs from pooled multiunit activity
hidden Markov model over 20 ms bins; replay scored without place fields","PBEs from pooled single- and multi-unit activity / excluded if mean speed over the event > 5 cm/s / >= 4 active pyramidal cells and >= 4 20-ms bins / open field: Pfeiffer & Foster 2013 criteria (10 ms kernel, >= 10% of units, 50-2000 ms) / Numeric MUA fields describe linear-track PBEs. Open-field data instead use the Pfeiffer 2013 criteria: Gaussian SD 10 ms, >=10% units, 50-2000 ms.","Methods, Population burst events, PDF p. 16.",papers/31_Maboudi_2018.md
31,https://doi.org/10.7554/eLife.34467,Maboudi 2018,MUA Z-score Thresh. (STD),#N/A,3,wrong or missing: peak spike density >= 3 SD; see the paper note and historical proposal for source location.,papers/31_Maboudi_2018.md
31,https://doi.org/10.7554/eLife.34467,Maboudi 2018,MUA smooth (ms),#N/A,20,"wrong or missing: 20 ms SD Gaussian. Possibility, inferred from the one released session's trace: 10 ms (see the note); see the paper note and historical proposal for source location.",papers/31_Maboudi_2018.md
31,https://doi.org/10.7554/eLife.34467,Maboudi 2018,Min. Cells (#),#N/A,4,wrong or missing: >= 4 active pyramidal cells; see the paper note and historical proposal for source location.,papers/31_Maboudi_2018.md
31,https://doi.org/10.7554/eLife.34467,Maboudi 2018,Min. Duration (ms),#N/A,80,wrong or missing: >= 4 bins of 20 ms; see the paper note and historical proposal for source location.,papers/31_Maboudi_2018.md
31,https://doi.org/10.7554/eLife.34467,Maboudi 2018,Decoding,Bayes,HMM; Bayes (comparison),"Maboudi 2018 Methods, PDF pp. 18-19 and Results p. 7.",papers/31_Maboudi_2018.md
31,https://doi.org/10.7554/eLife.34467,Maboudi 2018,Trajectory,Radon transform,HMM sequence likelihood; Bayesian line fit,"Maboudi 2018 Methods, PDF pp. 18-19 and Results p. 7.",papers/31_Maboudi_2018.md
31,https://doi.org/10.7554/eLife.34467,Maboudi 2018,Decoding notes,#N/A,"Both HMM model-congruence and Bayesian replay scores use 5000 surrogates per event. HMM shuffle permutes off-diagonal transitions within rows; Bayesian shuffle circularly shifts each posterior column. Significance thresholds are varied for ROC analyses; the pooled Bayesian comparison uses 99%, with HMM threshold adjusted to match its event fraction. Temporal/time-swap/Poisson surrogates in the earlier entry were model-training controls.","Maboudi 2018 Methods, PDF pp. 18-19 and Results p. 7.",papers/31_Maboudi_2018.md
31,https://doi.org/10.7554/eLife.34467,Maboudi 2018,Shuffle Method,Temporal shuffle (per-neuron circular permutation); time-swap; Poisson surrogate,HMM off-diagonal transition shuffle; Bayesian posterior column-cycle,"Maboudi 2018 Methods, PDF pp. 18-19 and Results p. 7.",papers/31_Maboudi_2018.md
31,https://doi.org/10.7554/eLife.34467,Maboudi 2018,Shuffles (#),#N/A,5000,"Maboudi 2018 Methods, PDF pp. 18-19 and Results p. 7.",papers/31_Maboudi_2018.md
31,https://doi.org/10.7554/eLife.34467,Maboudi 2018,Sig. Thresh.,#N/A,Varied; Bayesian comparison 99th percentile,"Maboudi 2018 Methods, PDF pp. 18-19 and Results p. 7.",papers/31_Maboudi_2018.md
32,https://doi.org/10.1016/j.neuron.2017.09.035,Ólafsdóttir 2017,Detection Notes,MUA,"MUA / MUA uses place cells and requires >=15% of the ensemble and >5 cells for trajectories. Ripple columns, the 500 ms maximum and 40 ms merge refer to the separate ripple-overlap control; its power is squared Hilbert amplitude.","Methods, Data analysis / Local field potential analysis, PDF pp. 14 and 16.",papers/32_Olafsdottir_2017.md
32,https://doi.org/10.1016/j.neuron.2017.09.035,Ólafsdóttir 2017,Min. Cells (#),5,>5,"wrong or missing: at least 15% of the place-cell ensemble or more than 5 place cells, whichever is higher; see the paper note and historical proposal for source location.",papers/32_Olafsdottir_2017.md
32,https://doi.org/10.1016/j.neuron.2017.09.035,Ólafsdóttir 2017,SWR Low Band (Hz),#N/A,150,"Methods, Local field potential analysis, PDF p. 16: ripple-overlap control.",papers/32_Olafsdottir_2017.md
32,https://doi.org/10.1016/j.neuron.2017.09.035,Ólafsdóttir 2017,SWR High Band (Hz),#N/A,250,"Methods, Local field potential analysis, PDF p. 16: ripple-overlap control.",papers/32_Olafsdottir_2017.md
33,https://doi.org/10.1038/nn.4507,Wu 2017,Animal Speed (cm/s),3,#N/A,unrelated part of the paper: 3 cm/s defines stationary spikes excluded from place fields; see the paper note and historical proposal for source location.,papers/33_Wu_2017.md
34,https://doi.org/10.1016/j.neuron.2017.09.017,Yamamoto 2017,Detection Notes,extend to 1 STD,"extend to 1 STD / 70 ms groups adjacent ripple peaks into a single ripple in the ripple-burst analysis; it is a peak-to-peak interval, not an end-to-start gap. The 2 cm sleep criterion is displacement over 15 s, not 2 cm/s.","Methods, Sleep Classification / Ripple Burst Analysis, PDF p. 15.",papers/34_Yamamoto_2017.md
34,https://doi.org/10.1016/j.neuron.2017.09.017,Yamamoto 2017,Animal Speed (cm/s),2,#N/A,unrelated part of the paper: 2 cm/s is the run-segment filter; see the paper note and historical proposal for source location.,papers/34_Yamamoto_2017.md
34,https://doi.org/10.1016/j.neuron.2017.09.017,Yamamoto 2017,SWR Low Band (Hz),100,140,wrong or missing: detection band is 140-200 Hz; 100-200 is the state-analysis PSD band; see the paper note and historical proposal for source location.,papers/34_Yamamoto_2017.md
34,https://doi.org/10.1016/j.neuron.2017.09.017,Yamamoto 2017,Time bin step (ms),#N/A,Not reported,"Yamamoto 2017 Methods, PDF p. 16: 10 ms bins; step not stated.",papers/34_Yamamoto_2017.md
34,https://doi.org/10.1016/j.neuron.2017.09.017,Yamamoto 2017,Sig. Thresh.,#N/A,Not reported,"Yamamoto 2017 Methods, PDF p. 16: 2000 column shuffles, but no numerical replay p-value cutoff stated.",papers/34_Yamamoto_2017.md
35,https://doi.org/10.1523/JNEUROSCI.2291-17.2017,Tang 2017,Decoding notes,," / Percentages are derived from the published condition-specific counts: 167/397 awake, 147/455 post-task sleep and 116/451 pre-task sleep candidates.","Tang 2017 Results, PDF p. 11: 167/397 awake, 147/455 post-task sleep, 116/451 pre-task sleep.",papers/35_Tang_2017.md
35,https://doi.org/10.1523/JNEUROSCI.2291-17.2017,Tang 2017,% Decoded,~40%,42.1% awake; 32.3% post-sleep; 25.7% pre-sleep,"Tang 2017 Results, PDF p. 11: 167/397 awake, 147/455 post-task sleep, 116/451 pre-task sleep.",papers/35_Tang_2017.md
36,https://doi.org/10.1126/science.aad1935,Grosmark 2016,Detection Notes,"MUA and SWR
MUA with at least one LFP w/ SWR
during NREM (manually scored)","MUA and SWR / MUA event must contain the peak of at least one LFP-detected ripple (LFP method not reported) / NREM and quiet waking only; mean and SD from NREM of PRE and POST / states scored from theta/delta ratio, accelerometer and EMG / decoded events: >= 100 ms and >= 5 or 10% of place cells, whichever is greater",notes: events are not NREM-only; see the paper note and historical proposal for source location.,papers/36_Grosmark_2016.md
36,https://doi.org/10.1126/science.aad1935,Grosmark 2016,SWR Z-score Thresh. (STD),3,Not reported,wrong or missing: LFP ripple threshold not stated; 3 SD is the MUA trigger; see the paper note and historical proposal for source location.,papers/36_Grosmark_2016.md
36,https://doi.org/10.1126/science.aad1935,Grosmark 2016,SWR smooth (ms),15,Not reported,wrong or missing: 15 ms is the MUA Gaussian; see the paper note and historical proposal for source location.,papers/36_Grosmark_2016.md
36,https://doi.org/10.1126/science.aad1935,Grosmark 2016,SWR electrodes (#),1,Not reported,wrong or missing: ripple channel count not stated; see the paper note and historical proposal for source location.,papers/36_Grosmark_2016.md
36,https://doi.org/10.1126/science.aad1935,Grosmark 2016,SWR Low Band (Hz),150,Not reported,wrong or missing: 150-250 Hz is a figure display filter; see the paper note and historical proposal for source location.,papers/36_Grosmark_2016.md
36,https://doi.org/10.1126/science.aad1935,Grosmark 2016,SWR High Band (Hz),250,Not reported,wrong or missing: 150-250 Hz is a figure display filter; the detection band is not stated; see the paper note and historical proposal for source location.,papers/36_Grosmark_2016.md
36,https://doi.org/10.1126/science.aad1935,Grosmark 2016,Min. Duration (ms),50,100,"wrong or missing: the decoded events are ripple events (50-500 ms) that also last >= 100 ms, an inclusion criterion applied before decoding, so under the column rules the minimum is 100 (Drieu 2018 keeps its decoding minimum of 60 on the same principle); Max Duration 500 and Min. Cells 5 stay: max(10%, 5) is >= 5, and the 10% goes in the notes; see the paper note and historical proposal for source location.",papers/36_Grosmark_2016.md
37,https://doi.org/10.1016/j.neuron.2016.07.047,Ambrose 2016,SWR electrodes (#),>1,4-7,wrong or missing: one channel from each of four to seven tetrodes; see the paper note and historical proposal for source location.,papers/37_Ambrose_2016.md
37,https://doi.org/10.1016/j.neuron.2016.07.047,Ambrose 2016,Min. Duration (ms),50,Not reported,Main Methods p. 12 and full 12-page publisher supplement: duration limit not reported; later lab code does not establish original settings.,papers/37_Ambrose_2016.md
37,https://doi.org/10.1016/j.neuron.2016.07.047,Ambrose 2016,Max Duration (ms),500,Not reported,Main Methods p. 12 and full 12-page publisher supplement: duration limit not reported; later lab code does not establish original settings.,papers/37_Ambrose_2016.md
37,https://doi.org/10.1016/j.neuron.2016.07.047,Ambrose 2016,Decoding notes,weighted correlation (>0.6),"Primary replay criterion is weighted correlation >0.6; verification uses a stricter 0.7 threshold or 1500 posterior shuffles with p<0.05 (main Methods and supplementary Tables S2-S3). Supplement Table S1 gives 738/3312 replays/SWRs in experiment 1, 409/2636 in experiment 2, and 1147/5948 pooled (19.3%). Behavioral bins with error <10 cm range from 74-95% for bidirectional and 74-96% for directional decoding; these are accuracy fractions, not a pooled mean reconstruction error. The full supplement gives no detector-duration limit.",Ambrose 2016 main Methods p. 12; publisher supplement Table S1 p. 9 and Tables S2-S3 pp. 10-11. Full 12-page supplement checked; no detector-duration criterion.,papers/37_Ambrose_2016.md
37,https://doi.org/10.1016/j.neuron.2016.07.047,Ambrose 2016,% Decoded,15-20%,19.3% pooled (22.3% experiment 1; 15.5% experiment 2),"Ambrose 2016 publisher supplement, Table S1 p. 9: sum of listed counts, 738/3312 and 409/2636; pooled 1147/5948 = 19.2838%.",papers/37_Ambrose_2016.md
37,https://doi.org/10.1016/j.neuron.2016.07.047,Ambrose 2016,Sig. Thresh.,weighted correlation >0.6 (p<0.05 in verification),weighted correlation >0.6 (primary); >0.7 or p<0.05 (verification),Ambrose 2016 main Methods p. 12 and publisher supplement Tables S2-S3 pp. 10-11: primary correlation >0.6; verification threshold 0.7 or 1500-shuffle p<0.05.,papers/37_Ambrose_2016.md
37,https://doi.org/10.1016/j.neuron.2016.07.047,Ambrose 2016,% Decoded denom.,SWRs,SWRs (5948 total; Table S1),"Ambrose 2016 publisher supplement, Table S1 p. 9: SWR counts sum to 3312 + 2636 = 5948.",papers/37_Ambrose_2016.md
37,https://doi.org/10.1016/j.neuron.2016.07.047,Ambrose 2016,Reconst. Error bin (ms),#N/A,200,"Ambrose 2016 Methods, PDF p. 12: nonoverlapping 200 ms behavioral windows.",papers/37_Ambrose_2016.md
39,https://doi.org/10.1038/nn.4291,Ólafsdóttir 2016,Time bin (ms),#N/A,10,"Olafsdottir 2016 Methods, PDF pp. 4-5; publisher Supplementary Software, lineTraj_decode.m takes time/spatial bin arguments.",papers/39_Olafsdottir_2016.md
39,https://doi.org/10.1038/nn.4291,Ólafsdóttir 2016,Decoding notes,Exhaustive line-fit search over velocity and intercept,"Exhaustive line-fit search over velocity and intercept / Methods: 10 ms replay bins, 100 independent place-field rotations and p<0.2 for the main analysis; strongest replay subset uses p<0.025. Mean behavioral reconstruction error is 20 cm with 500 ms bins. Fraction 41.7% is derived from 1826/4382 putative events. Nonoverlapping steps are inferred from binning; released fitting functions take bin size as an argument and do not supply a detector caller.","Olafsdottir 2016 Methods, PDF pp. 4-5; publisher Supplementary Software, lineTraj_decode.m takes time/spatial bin arguments.",papers/39_Olafsdottir_2016.md
39,https://doi.org/10.1038/nn.4291,Ólafsdóttir 2016,Reconst. Error (cm),#N/A,20 (mean),"Olafsdottir 2016 Methods, PDF pp. 4-5; publisher Supplementary Software, lineTraj_decode.m takes time/spatial bin arguments.",papers/39_Olafsdottir_2016.md
39,https://doi.org/10.1038/nn.4291,Ólafsdóttir 2016,% Decoded,#N/A,41.7%,"Olafsdottir 2016 Methods, PDF pp. 4-5; publisher Supplementary Software, lineTraj_decode.m takes time/spatial bin arguments.",papers/39_Olafsdottir_2016.md
39,https://doi.org/10.1038/nn.4291,Ólafsdóttir 2016,Time bin step (ms),#N/A,10 (inferred nonoverlapping),"Olafsdottir 2016 Methods, PDF pp. 4-5; publisher Supplementary Software, lineTraj_decode.m takes time/spatial bin arguments.",papers/39_Olafsdottir_2016.md
39,https://doi.org/10.1038/nn.4291,Ólafsdóttir 2016,Shuffle Method,Place cell-ID shuffle,Independent place-field rotation,"Olafsdottir 2016 Methods, PDF pp. 4-5; publisher Supplementary Software, lineTraj_decode.m takes time/spatial bin arguments.",papers/39_Olafsdottir_2016.md
39,https://doi.org/10.1038/nn.4291,Ólafsdóttir 2016,Shuffles (#),#N/A,100,"Olafsdottir 2016 Methods, PDF pp. 4-5; publisher Supplementary Software, lineTraj_decode.m takes time/spatial bin arguments.",papers/39_Olafsdottir_2016.md
39,https://doi.org/10.1038/nn.4291,Ólafsdóttir 2016,% Decoded denom.,#N/A,putative events,"Olafsdottir 2016 Methods, PDF pp. 4-5; publisher Supplementary Software, lineTraj_decode.m takes time/spatial bin arguments.",papers/39_Olafsdottir_2016.md
39,https://doi.org/10.1038/nn.4291,Ólafsdóttir 2016,Reconst. Error bin (ms),#N/A,500,"Olafsdottir 2016 Methods, PDF pp. 4-5; publisher Supplementary Software, lineTraj_decode.m takes time/spatial bin arguments.",papers/39_Olafsdottir_2016.md
40,https://doi.org/10.1038/nn.4151,Silva 2015,Decoding notes,,"Trajectory events are selected by weighted-correlation and maximum-jump criteria; 5000 posterior column-cycle shuffles test the number of qualifying events. The p<0.05 result is an aggregate count test, not a per-event selection threshold.","Silva 2015 Methods, PDF p. 10.",papers/40_Silva_2015.md
40,https://doi.org/10.1038/nn.4151,Silva 2015,Shuffle Method,Column-cycle shuffle; Poisson simulation; time swap,Column-cycle (event-count test); Poisson and time-swap controls,"Silva 2015 Methods, PDF p. 10.",papers/40_Silva_2015.md
40,https://doi.org/10.1038/nn.4151,Silva 2015,Sig. Thresh.,p<0.05,Criteria-based events; p<0.05 on counts,"Silva 2015 Methods, PDF p. 10.",papers/40_Silva_2015.md
41,https://doi.org/10.7554/eLife.06063,Ólafsdóttir 2015,Detection Notes,"MUA
Deteected 50 ms of silence
If 15% of cells within 300 ms, then event","MUA / bounded by >= 50 ms of silence / If 15% of a template's cells fire within 300 ms, then event (per template; >= 4 cells for rat R1838) / >= 7 active cells for decoding / GOAL-CUE events only: speed < 10 cm/s and within 20 cm of the barrier",notes: denominator is the template; 7 is the decoding cutoff; see the paper note and historical proposal for source location.,papers/41_Olafsdottir_2015.md
41,https://doi.org/10.7554/eLife.06063,Ólafsdóttir 2015,Animal Speed (cm/s),10,#N/A,unrelated part of the paper: 10 cm/s applies only to the goal-cue analysis; see the paper note and historical proposal for source location.,papers/41_Olafsdottir_2015.md
41,https://doi.org/10.7554/eLife.06063,Ólafsdóttir 2015,Max Duration (ms),#N/A,300,wrong or missing: events are periods of 300 ms or less; see the paper note and historical proposal for source location.,papers/41_Olafsdottir_2015.md
43,https://doi.org/10.1523/JNEUROSCI.3414-13.2014,Wu 2014,Detection Notes,MUA,"MUA / Separate ripple analysis uses 13-15 tetrodes, 150-250 Hz, Gaussian SD 8 ms and peak >2.5 SD. The >=50 ms condition applies to a decoded single-arm sequence, not the MUA candidate.","Methods, PDF pp. 3 and 5.",papers/43_Wu_2014.md
43,https://doi.org/10.1523/JNEUROSCI.3414-13.2014,Wu 2014,SWR Z-score Thresh. (STD),#N/A,2.5,"Methods, Ripple and multiunit activity analyses, PDF p. 5: secondary ripple detector.",papers/43_Wu_2014.md
43,https://doi.org/10.1523/JNEUROSCI.3414-13.2014,Wu 2014,SWR smooth (ms),#N/A,8,"Methods, Ripple and multiunit activity analyses, PDF p. 5: secondary ripple detector.",papers/43_Wu_2014.md
43,https://doi.org/10.1523/JNEUROSCI.3414-13.2014,Wu 2014,SWR electrodes (#),#N/A,13-15,"Methods, Ripple and multiunit activity analyses, PDF p. 5: secondary ripple detector.",papers/43_Wu_2014.md
43,https://doi.org/10.1523/JNEUROSCI.3414-13.2014,Wu 2014,SWR Low Band (Hz),#N/A,150,"Methods, Ripple and multiunit activity analyses, PDF p. 5: secondary ripple detector.",papers/43_Wu_2014.md
43,https://doi.org/10.1523/JNEUROSCI.3414-13.2014,Wu 2014,SWR High Band (Hz),#N/A,250,"Methods, Ripple and multiunit activity analyses, PDF p. 5: secondary ripple detector.",papers/43_Wu_2014.md
43,https://doi.org/10.1523/JNEUROSCI.3414-13.2014,Wu 2014,Min. Duration (ms),50,#N/A,decoded-content criterion: 50 ms is the decoded replay-subregion length (five 10 ms bins); see the paper note and historical proposal for source location.,papers/43_Wu_2014.md
43,https://doi.org/10.1523/JNEUROSCI.3414-13.2014,Wu 2014,Position bin (cm),1.8,1.8-1.9,"Wu 2014 Methods, PDF p. 2: spatial bins 1.8-1.9 cm and Gaussian SD 5 bins.",papers/43_Wu_2014.md
43,https://doi.org/10.1523/JNEUROSCI.3414-13.2014,Wu 2014,Place field smooth (cm),9,9-9.5,"Wu 2014 Methods, PDF p. 2: spatial bins 1.8-1.9 cm and Gaussian SD 5 bins.",papers/43_Wu_2014.md
44,https://doi.org/10.1002/hipo.22049,Wikenheiser 2013,Detection Notes,"150 ms window centered on crossing
theta/delta ratio",150 ms window centered on times when ripple power exceeded the threshold; overlapping windows joined / at least 3 cells firing at least 5 spikes in total / theta/delta ratio,"notes: ""centered on crossing"" -> ""centered on times when ripple power exceeded a threshold""; overlapping windows joined; see the paper note and historical proposal for source location.",papers/44_Wikenheiser_2013.md
44,https://doi.org/10.1002/hipo.22049,Wikenheiser 2013,SWR electrodes (#),#N/A,Not reported,"wrong or missing: the paper detects SWRs but never gives the number of channels (the singular 'the LFP' suggests one, but it is not stated); '#N/A' means no such criterion, which is wrong for an SWR detector; other unstated channel counts are 'Not reported' (rows 02, 04, 36). Minor.; see the paper note and historical proposal for source location.",papers/44_Wikenheiser_2013.md
44,https://doi.org/10.1002/hipo.22049,Wikenheiser 2013,Decoding notes,Only time steps with 1 spike included,Only time steps with at least 1 spike included,"Wikenheiser 2013 Methods, PDF p. 4.",papers/44_Wikenheiser_2013.md
45,https://doi.org/10.1038/nature12112,Pfeiffer 2013,Min. Cells (#),#N/A,10%,wrong or missing: events with fewer than 10% of clustered units participating excluded; see the paper note and historical proposal for source location.,papers/45_Pfeiffer_2013.md
45,https://doi.org/10.1038/nature12112,Pfeiffer 2013,Sig. Thresh.,#N/A,Criteria-based events; all p<0.02 under both shuffles in verification,"Pfeiffer 2013 Methods, PDF p. 8: 5000 cell-ID and place-field-shift shuffles verify the selected trajectory events.",papers/45_Pfeiffer_2013.md
46,https://doi.org/10.1016/j.neuron.2012.06.014,Carr 2012,Min. Cells (#),#N/A,5,wrong or missing: candidate replay events need at least five place cells; see the paper note and historical proposal for source location.,papers/46_Carr_2012.md
46,https://doi.org/10.1016/j.neuron.2012.06.014,Carr 2012,SWR electrodes (#),1,>1,wrong or missing: event on any CA1 tetrode; the lab's code agrees (an event on any one tetrode); see the paper note and historical proposal for source location.,papers/46_Carr_2012.md
46,https://doi.org/10.1016/j.neuron.2012.06.014,Carr 2012,Min. Duration (ms),#N/A,15,"wrong or missing: above 3 SD for at least 15 ms. The lab's code also drops whole events of 50 ms or less, and the paper notes that all SWRs lasted more than 50 ms (see the note); see the paper note and historical proposal for source location.",papers/46_Carr_2012.md
47,https://doi.org/10.1038/nn.3203,Bendor 2012,Detection Notes,MUA,MUA / bounds where z >= 2 (peak z >= 4),notes: record the two-level bounds; see the paper note and historical proposal for source location.,papers/47_Bendor_2012.md
47,https://doi.org/10.1038/nn.3203,Bendor 2012,Animal Speed (cm/s),"lower
quartile",#N/A,"unrelated part of the paper: ""lower quartile"" movement is part of the sleep classification; see the paper note and historical proposal for source location.",papers/47_Bendor_2012.md
47,https://doi.org/10.1038/nn.3203,Bendor 2012,Time bin step (ms),#N/A,Not reported,"Bendor 2012 Methods, PDF p. 7: 10 ms replay bins without explicit step.",papers/47_Bendor_2012.md
48,https://doi.org/10.1016/j.neuron.2010.01.034,Gupta 2010,Time bin (ms),10,40-600 (adaptive sequence window),"Gupta 2010 supplementary Experimental Procedures, combined PDF pp. 21-23.",papers/48_Gupta_2010.md
48,https://doi.org/10.1016/j.neuron.2010.01.034,Gupta 2010,Decoding notes,,The custom sequence detector scans in 10 ms steps using flexible 40-600 ms windows. A 10 ms scan step is not a 10 ms Bayesian decoding window; the supplementary Bayesian control does not specify its own numerical window here.,"Gupta 2010 supplementary Experimental Procedures, combined PDF pp. 21-23.",papers/48_Gupta_2010.md
49,https://doi.org/10.1038/nn.2344,Karlsson 2009,SWR electrodes (#),1,>1,wrong or missing: event on at least one of the CA1 and CA3 tetrodes; the lab's later code agrees (an event on any one tetrode); see the paper note and historical proposal for source location.,papers/49_Karlsson_2009.md
51,https://doi.org/10.1038/nn1961,Diba 2007,Detection Notes,"MUA
Detected spiking silent periods (>=60 ms)
If >=5 cells (or >30%) spiked in the next 300 ms,
this was an event","MUA / Detected spiking silent periods (>=60 ms) / If >=5 cells (or >30%) spiked in the next 300 ms, / this was an event / Events follow >=60 ms silence and require >=max(5,30% of template cells) within 300 ms. Separate ripple cross-correlation uses 100-300 Hz RMS, peak 2 SD and onset 1.5 SD.","Supplementary Methods, PDF pp. 17-18.",papers/51_Diba_2007.md
51,https://doi.org/10.1038/nn1961,Diba 2007,SWR Z-score Thresh. (STD),#N/A,2,"Supplementary Methods, PDF pp. 17-18: separate ripple cross-correlation analysis.",papers/51_Diba_2007.md
51,https://doi.org/10.1038/nn1961,Diba 2007,SWR electrodes (#),#N/A,1,"Supplementary Methods, PDF pp. 17-18: separate ripple cross-correlation analysis.",papers/51_Diba_2007.md
51,https://doi.org/10.1038/nn1961,Diba 2007,SWR Low Band (Hz),#N/A,100,"Supplementary Methods, PDF pp. 17-18: separate ripple cross-correlation analysis.",papers/51_Diba_2007.md
51,https://doi.org/10.1038/nn1961,Diba 2007,SWR High Band (Hz),#N/A,300,"Supplementary Methods, PDF pp. 17-18: separate ripple cross-correlation analysis.",papers/51_Diba_2007.md
51,https://doi.org/10.1038/nn1961,Diba 2007,Max Duration (ms),#N/A,300,"Supplementary Methods, PDF p. 17: template-cell participation within a 300 ms window after >=60 ms silence.",papers/51_Diba_2007.md
52,https://doi.org/10.1038/nn1825,Ji 2007,Detection Notes,"MUA
spike count threshold determined empirically from distribution
events were merged if smaller than frame gap threshold","MUA / spike count threshold determined empirically from distribution / events were merged if smaller than frame gap threshold / Separate ripple detector uses rectified 80-250 Hz voltage, bounds 3 x SD, peak 7 x SD, grouping gaps <50 ms. Frame merging uses per-animal hippocampal gaps of 70-90 ms. / Supplementary Fig. 12 independently retrieved: hippocampal interframe gaps are 90, 70, 90 and 80 ms for animals 1-4; cortical gaps differ. This closes the earlier retrieval gap.","Methods, printed p. 106; Supplementary Fig. 12 remains to be retrieved for an independent recheck. Independent recheck: Ji 2007 Supplementary Figure 12, caption p. 2; publisher 41593_2007_BFnn1825_MOESM12_ESM.pdf. Removed superseded uncertainty after retrieving Supplementary Fig. 12.",papers/52_Ji_2007.md
52,https://doi.org/10.1038/nn1825,Ji 2007,SWR Z-score Thresh. (STD),#N/A,7 x SD (not z-scored),"Methods, Frame-triggered EEG and ripple detection, printed p. 106: separate rectified-voltage detector; no mean subtraction.",papers/52_Ji_2007.md
52,https://doi.org/10.1038/nn1825,Ji 2007,SWR Low Band (Hz),#N/A,80,"Methods, Frame-triggered EEG and ripple detection, printed p. 106: separate rectified-voltage detector; no mean subtraction.",papers/52_Ji_2007.md
52,https://doi.org/10.1038/nn1825,Ji 2007,SWR High Band (Hz),#N/A,250,"Methods, Frame-triggered EEG and ripple detection, printed p. 106: separate rectified-voltage detector; no mean subtraction.",papers/52_Ji_2007.md
52,https://doi.org/10.1038/nn1825,Ji 2007,Combine Events Thresh. (ms),#N/A,70-90,"Main Methods confirms frame merging but supplies no numeric gap; Supplementary Fig. 12 numeric transcription not independently rechecked. Independent recheck: Ji 2007 Supplementary Figure 12, caption p. 2; publisher 41593_2007_BFnn1825_MOESM12_ESM.pdf.",papers/52_Ji_2007.md
53,https://doi.org/10.1038/nature04587,Foster 2006,Detection Notes,"MUA
spikes separated by more than 50 ms","MUA / spikes separated by more than 50 ms / stopping periods, facing the direction just run / The 50 ms grouping entry is the maximum gap between successive pooled spikes, not merging of already-detected ripple intervals.","Methods, Spike-train analysis, PDF pp. 3-4.",papers/53_Foster_2006.md
53,https://doi.org/10.1038/nature04587,Foster 2006,Min. Cells (#),33%,1/3 of template cells,"Methods, Spike-train analysis, PDF p. 4: at least one-third, not exactly 33%.",papers/53_Foster_2006.md
53,https://doi.org/10.1038/nature04587,Foster 2006,Combine Events Thresh. (ms),#N/A,50,wrong or missing: events split at gaps > 50 ms (same convention as Lee 2002's 100); see the paper note and historical proposal for source location.,papers/53_Foster_2006.md
55,https://doi.org/10.1523/JNEUROSCI.19-21-09497.1999,Nádasdy 1999,Detection Notes,SWR,"SWR / Template matching searches spike trains directly; ripple parameters describe separate EEG/participation analyses and do not gate sequence discovery. / Cited Csicsvari 1999a Methods independently reopened: 150-250 Hz filtered RMS is computed per electrode and summed across electrodes, then compared with 7 SD. The RMS window is not specified. This verifies multi-electrode aggregation and supersedes the earlier channel-count uncertainty.","Methods, PDF pp. 2-3; inherited channel aggregation requires checking Csicsvari 1999a. Independent recheck: Csicsvari et al. 1999a, J Neurosci 19:274, Methods, Detection of SPWs and classification of the electrographic activity (PMC6782375); Nadasdy 1999 Methods/Results. Removed superseded uncertainty after reopening Csicsvari 1999a Methods.",papers/55_Nadasdy_1999.md
55,https://doi.org/10.1523/JNEUROSCI.19-21-09497.1999,Nádasdy 1999,SWR electrodes (#),#N/A,>1,"Csicsvari et al. 1999a, J Neurosci 19:274, Methods, Detection of SPWs and classification of the electrographic activity (PMC6782375); Nadasdy 1999 Methods/Results.",papers/55_Nadasdy_1999.md
55,https://doi.org/10.1523/JNEUROSCI.19-21-09497.1999,Nádasdy 1999,Time bin (ms),10,"5, 6.7, 10 (analysis variants)","Csicsvari et al. 1999a, J Neurosci 19:274, Methods, Detection of SPWs and classification of the electrographic activity (PMC6782375); Nadasdy 1999 Methods/Results.",papers/55_Nadasdy_1999.md
55,https://doi.org/10.1523/JNEUROSCI.19-21-09497.1999,Nádasdy 1999,Decoding notes,,"Template/sequence analysis uses multiple resolutions (5, 6.7 and 10 ms); 10 ms is not a universal Bayesian decoding window. Methods describe p<0.01; Figure 6 describes p<=0.01 against 100 surrogates.","Csicsvari et al. 1999a, J Neurosci 19:274, Methods, Detection of SPWs and classification of the electrographic activity (PMC6782375); Nadasdy 1999 Methods/Results. Methods p<0.01; Figure 6 p<=0.01.",papers/55_Nadasdy_1999.md
55,https://doi.org/10.1523/JNEUROSCI.19-21-09497.1999,Nádasdy 1999,Sig. Thresh.,p<0.01,p<0.01 (Methods); p<=0.01 (Fig. 6),"Csicsvari et al. 1999a, J Neurosci 19:274, Methods, Detection of SPWs and classification of the electrographic activity (PMC6782375); Nadasdy 1999 Methods/Results. Methods p<0.01; Figure 6 p<=0.01.",papers/55_Nadasdy_1999.md
