node,method,left,right,distance,size
0,Carey_candidate_detector,-1,-1,0,1
1,Karlsson_ripple_detector,-1,-1,0,1
2,Kay_ripple_detector,-1,-1,0,1
3,Long_sharp_wave_ripple_detector,-1,-1,0,1
4,Roumis_ripple_detector,-1,-1,0,1
5,Shvartsman_ripple_detector,-1,-1,0,1
6,Yu_ripple_detector,-1,-1,0,1
7,Zugaro_ripple_detector,-1,-1,0,1
8,multiunit_HSE_detector,-1,-1,0,1
9,recipe:ambrose_2016,-1,-1,0,1
10,recipe:bendor_2012,-1,-1,0,1
11,recipe:berners_lee_2021,-1,-1,0,1
12,recipe:berners_lee_2022,-1,-1,0,1
13,recipe:bhattarai_2020,-1,-1,0,1
14,recipe:bhattarai_2020_ripples,-1,-1,0,1
15,recipe:bush_2022,-1,-1,0,1
16,recipe:carey_2019,-1,-1,0,1
17,recipe:carr_2012,-1,-1,0,1
18,recipe:chenani_2019,-1,-1,0,1
19,recipe:davidson_2009,-1,-1,0,1
20,recipe:denovellis_2021,-1,-1,0,1
21,recipe:denovellis_2021_mua,-1,-1,0,1
22,recipe:diba_2007,-1,-1,0,1
23,recipe:drieu_2018,-1,-1,0,1
24,recipe:farooq_2019_neuron,-1,-1,0,1
25,recipe:farooq_2019_science,-1,-1,0,1
26,recipe:farooq_2019_science_awake,-1,-1,0,1
27,recipe:foster_2006,-1,-1,0,1
28,recipe:foster_2006_ripples,-1,-1,0,1
29,recipe:gillespie_2021,-1,-1,0,1
30,recipe:gillespie_2021_mua,-1,-1,0,1
31,recipe:gridchyn_2020,-1,-1,0,1
32,recipe:grosmark_2016,-1,-1,0,1
33,recipe:gupta_2010,-1,-1,0,1
34,recipe:harvey_2023_code,-1,-1,0,1
35,recipe:harvey_2023_no_radiatum,-1,-1,0,1
36,recipe:harvey_2023_text,-1,-1,0,1
37,recipe:huelin_gorriz_2023,-1,-1,0,1
38,recipe:igata_2021,-1,-1,0,1
39,recipe:igata_2021_ripples,-1,-1,0,1
40,recipe:jadhav_2016,-1,-1,0,1
41,recipe:ji_2007,-1,-1,0,1
42,recipe:ji_2007_ripples,-1,-1,0,1
43,recipe:kaefer_2020,-1,-1,0,1
44,recipe:karlsson_2009,-1,-1,0,1
45,recipe:krause_2022,-1,-1,0,1
46,recipe:krause_2022_hse,-1,-1,0,1
47,recipe:kudrimoti_1999,-1,-1,0,1
48,recipe:lee_2002,-1,-1,0,1
49,recipe:lee_2002_ripples,-1,-1,0,1
50,recipe:liu_2019,-1,-1,0,1
51,recipe:liu_2019_awake,-1,-1,0,1
52,recipe:liu_2023,-1,-1,0,1
53,recipe:maboudi_2018,-1,-1,0,1
54,recipe:maboudi_2018_open_field,-1,-1,0,1
55,recipe:mallory_2025,-1,-1,0,1
56,recipe:mallory_2025_ripples,-1,-1,0,1
57,recipe:michon_2019,-1,-1,0,1
58,recipe:michon_2021,-1,-1,0,1
59,recipe:mou_2022,-1,-1,0,1
60,recipe:muessig_2019,-1,-1,0,1
61,recipe:muessig_2019_ripples,-1,-1,0,1
62,recipe:nadasdy_1999,-1,-1,0,1
63,recipe:olafsdottir_2015,-1,-1,0,1
64,recipe:olafsdottir_2015.bayesian_candidates,-1,-1,0,1
65,recipe:olafsdottir_2016,-1,-1,0,1
66,recipe:olafsdottir_2017,-1,-1,0,1
67,recipe:olafsdottir_2017.trajectory,-1,-1,0,1
68,recipe:pfeiffer_2013,-1,-1,0,1
69,recipe:pfeiffer_2013_ripples,-1,-1,0,1
70,recipe:pfeiffer_2015,-1,-1,0,1
71,recipe:shin_2019,-1,-1,0,1
72,recipe:silva_2015,-1,-1,0,1
73,recipe:stella_2019,-1,-1,0,1
74,recipe:tang_2017,-1,-1,0,1
75,recipe:tirole_2022,-1,-1,0,1
76,recipe:widloski_2025,-1,-1,0,1
77,recipe:widloski_2025_bursts,-1,-1,0,1
78,recipe:wikenheiser_2013,-1,-1,0,1
79,recipe:wu_2014,-1,-1,0,1
80,recipe:wu_2017,-1,-1,0,1
81,recipe:xu_2019,-1,-1,0,1
82,recipe:yamamoto_2017,-1,-1,0,1
83,recipe:yang_2024,-1,-1,0,1
84,,1,17,0,2
85,,2,29,0,2
86,,9,69,0,2
87,,71,84,0,3
88,,74,87,0,4
89,,37,75,0,2
90,,32,83,0,2
91,,54,68,0,2
92,,25,26,0,2
93,,28,49,0,2
94,,50,51,0,2
95,,57,58,0,2
96,,70,86,0.00193674,3
97,,44,88,0.00420867,5
98,,24,92,0.00787664,3
99,,65,67,0.0227181,2
100,,8,21,0.0301955,2
101,,19,30,0.042234,2
102,,4,85,0.0522204,3
103,,46,53,0.0699444,2
104,,20,102,0.0816363,4
105,,45,96,0.0942457,4
106,,13,14,0.131252,2
107,,101,103,0.138318,4
108,,5,105,0.152433,5
109,,10,41,0.170102,2
110,,40,97,0.174431,6
111,,56,108,0.182196,6
112,,110,111,0.19638,12
113,,3,34,0.199348,2
114,,55,81,0.215921,2
115,,18,99,0.264099,3
116,,91,114,0.265613,4
117,,63,64,0.276517,2
118,,104,112,0.283245,16
119,,38,100,0.286543,3
120,,107,109,0.288489,6
121,,15,115,0.310271,4
122,,77,89,0.315875,3
123,,7,118,0.316071,17
124,,52,113,0.328863,3
125,,90,106,0.344173,4
126,,12,120,0.353284,7
127,,0,16,0.370449,2
128,,72,116,0.375024,5
129,,76,123,0.380314,18
130,,122,125,0.40203,7
131,,117,121,0.408177,6
132,,59,126,0.409724,8
133,,11,129,0.411681,19
134,,73,133,0.421399,20
135,,42,43,0.438492,2
136,,36,134,0.441551,21
137,,124,130,0.442565,10
138,,78,94,0.448145,3
139,,80,132,0.452633,9
140,,128,131,0.458782,11
141,,62,136,0.459775,22
142,,82,141,0.465916,23
143,,137,142,0.485926,33
144,,139,140,0.500442,20
145,,119,127,0.505613,5
146,,23,79,0.526135,2
147,,143,144,0.535977,53
148,,66,146,0.558553,3
149,,22,27,0.581362,2
150,,60,98,0.593064,4
151,,48,138,0.597909,4
152,,6,147,0.615336,54
153,,35,152,0.617674,55
154,,149,150,0.617921,6
155,,31,145,0.648653,6
156,,95,153,0.66686,57
157,,93,135,0.680399,4
158,,148,156,0.70949,60
159,,155,158,0.744792,66
160,,154,159,0.777061,72
161,,33,151,0.782797,5
162,,39,61,0.85318,2
163,,161,162,0.879597,7
164,,47,157,0.913521,5
165,,160,163,0.915358,79
166,,164,165,0.945161,84
