method,setting,kind,threshold,minimum_iou,primary_expression,expression,n_sessions,n_dropped,n_reference,n_detected,n_matched,minutes,recall,false_positives_per_minute,precision,n_failures
Carey_candidate_detector,1.5,sweep,1.5,0,network,burst,20,0,1962,15595,1908,195.579,0.972477,69.9819,0.122347,0
Carey_candidate_detector,2.0,sweep,2,0,network,burst,20,0,1962,9043,1888,195.579,0.962283,36.5836,0.20878,0
Carey_candidate_detector,2.5,sweep,2.5,0,network,burst,20,0,1962,4702,1840,195.579,0.937819,14.6335,0.391323,0
Carey_candidate_detector,3.0,sweep,3,0,network,burst,20,0,1962,2730,1782,195.579,0.908257,4.84714,0.652747,0
Carey_candidate_detector,3.5,sweep,3.5,0,network,burst,20,0,1962,1970,1703,195.579,0.867992,1.36518,0.864467,0
Carey_candidate_detector,4.0,sweep,4,0,network,burst,20,0,1962,1697,1611,195.579,0.821101,0.43972,0.949322,0
Carey_candidate_detector,5.0,sweep,5,0,network,burst,20,0,1962,1436,1414,195.579,0.720693,0.112486,0.98468,0
Carey_candidate_detector,6.0,sweep,6,0,network,burst,20,0,1962,1243,1235,195.579,0.62946,0.0409041,0.993564,0
Carey_candidate_detector,default,default,,0,network,burst,20,0,1962,2730,1782,195.579,0.908257,4.84714,0.652747,0
Karlsson_ripple_detector,1.5,sweep,1.5,0,ripple,burst,20,0,1962,14815,1718,195.579,0.875637,66.9652,0.115964,0
Karlsson_ripple_detector,2.0,sweep,2,0,ripple,burst,20,0,1962,4565,1587,195.579,0.808869,15.2266,0.347645,0
Karlsson_ripple_detector,2.5,sweep,2.5,0,ripple,burst,20,0,1962,2257,1484,195.579,0.756371,3.95236,0.65751,0
Karlsson_ripple_detector,3.0,sweep,3,0,ripple,burst,20,0,1962,1750,1378,195.579,0.702345,1.90204,0.787429,0
Karlsson_ripple_detector,3.5,sweep,3.5,0,ripple,burst,20,0,1962,1556,1272,195.579,0.648318,1.4521,0.817481,0
Karlsson_ripple_detector,4.0,sweep,4,0,ripple,burst,20,0,1962,1391,1148,195.579,0.585117,1.24246,0.825306,0
Karlsson_ripple_detector,5.0,sweep,5,0,ripple,burst,20,0,1962,1076,888,195.579,0.452599,0.961247,0.825279,0
Karlsson_ripple_detector,6.0,sweep,6,0,ripple,burst,20,0,1962,777,639,195.579,0.325688,0.705597,0.822394,0
Karlsson_ripple_detector,8.0,sweep,8,0,ripple,burst,20,0,1962,285,199,195.579,0.101427,0.43972,0.698246,0
Karlsson_ripple_detector,default,default,,0,ripple,burst,20,0,1962,1750,1378,195.579,0.702345,1.90204,0.787429,0
Kay_ripple_detector,1.5,sweep,1.5,0,ripple,burst,20,0,1962,3974,1610,195.579,0.820591,12.0872,0.405133,0
Kay_ripple_detector,2.0,sweep,2,0,ripple,burst,20,0,1962,2158,1526,195.579,0.777778,3.23143,0.707136,0
Kay_ripple_detector,2.5,sweep,2.5,0,ripple,burst,20,0,1962,1769,1439,195.579,0.733435,1.6873,0.813454,0
Kay_ripple_detector,3.0,sweep,3,0,ripple,burst,20,0,1962,1634,1364,195.579,0.695209,1.38051,0.834761,0
Kay_ripple_detector,3.5,sweep,3.5,0,ripple,burst,20,0,1962,1525,1279,195.579,0.651886,1.2578,0.838689,0
Kay_ripple_detector,4.0,sweep,4,0,ripple,burst,20,0,1962,1404,1182,195.579,0.602446,1.13509,0.84188,0
Kay_ripple_detector,5.0,sweep,5,0,ripple,burst,20,0,1962,1169,970,195.579,0.494393,1.01749,0.829769,0
Kay_ripple_detector,6.0,sweep,6,0,ripple,burst,20,0,1962,930,766,195.579,0.390418,0.838535,0.823656,0
Kay_ripple_detector,8.0,sweep,8,0,ripple,burst,20,0,1962,501,396,195.579,0.201835,0.536867,0.790419,0
Kay_ripple_detector,default,default,,0,ripple,burst,20,0,1962,2158,1526,195.579,0.777778,3.23143,0.707136,0
Long_sharp_wave_ripple_detector,1.5,sweep,1.5,0,ripple,burst,20,0,1962,1685,1375,195.579,0.700815,1.58504,0.816024,0
Long_sharp_wave_ripple_detector,2.0,sweep,2,0,ripple,burst,20,0,1962,1593,1326,195.579,0.675841,1.36518,0.832392,0
Long_sharp_wave_ripple_detector,2.5,sweep,2.5,0,ripple,burst,20,0,1962,1429,1220,195.579,0.621814,1.06862,0.853744,0
Long_sharp_wave_ripple_detector,3.0,sweep,3,0,ripple,burst,20,0,1962,1259,1095,195.579,0.558104,0.838535,0.869738,0
Long_sharp_wave_ripple_detector,3.5,sweep,3.5,0,ripple,burst,20,0,1962,1080,964,195.579,0.491335,0.59311,0.892593,0
Long_sharp_wave_ripple_detector,4.0,sweep,4,0,ripple,burst,20,0,1962,897,826,195.579,0.420999,0.363024,0.920847,0
Long_sharp_wave_ripple_detector,5.0,sweep,5,0,ripple,burst,20,0,1962,516,495,195.579,0.252294,0.107373,0.959302,0
Long_sharp_wave_ripple_detector,default,default,,0,ripple,burst,20,0,1962,1429,1220,195.579,0.621814,1.06862,0.853744,0
Roumis_ripple_detector,1.5,sweep,1.5,0,ripple,burst,20,0,1962,4026,1608,195.579,0.819572,12.3633,0.399404,0
Roumis_ripple_detector,2.0,sweep,2,0,ripple,burst,20,0,1962,2152,1530,195.579,0.779817,3.1803,0.710967,0
Roumis_ripple_detector,2.5,sweep,2.5,0,ripple,burst,20,0,1962,1753,1437,195.579,0.732416,1.61571,0.819738,0
Roumis_ripple_detector,3.0,sweep,3,0,ripple,burst,20,0,1962,1631,1370,195.579,0.698267,1.3345,0.839975,0
Roumis_ripple_detector,3.5,sweep,3.5,0,ripple,burst,20,0,1962,1531,1291,195.579,0.658002,1.22712,0.84324,0
Roumis_ripple_detector,4.0,sweep,4,0,ripple,burst,20,0,1962,1411,1191,195.579,0.607034,1.12486,0.844082,0
Roumis_ripple_detector,5.0,sweep,5,0,ripple,burst,20,0,1962,1190,993,195.579,0.506116,1.00726,0.834454,0
Roumis_ripple_detector,6.0,sweep,6,0,ripple,burst,20,0,1962,945,778,195.579,0.396534,0.853874,0.82328,0
Roumis_ripple_detector,8.0,sweep,8,0,ripple,burst,20,0,1962,517,412,195.579,0.20999,0.536867,0.796905,0
Roumis_ripple_detector,default,default,,0,ripple,burst,20,0,1962,2152,1530,195.579,0.779817,3.1803,0.710967,0
Shvartsman_ripple_detector,1.5,sweep,1.5,0,ripple,burst,20,0,1962,3508,1580,195.579,0.805301,9.8579,0.450399,0
Shvartsman_ripple_detector,2.0,sweep,2,0,ripple,burst,20,0,1962,1855,1481,195.579,0.754842,1.91227,0.798383,0
Shvartsman_ripple_detector,2.5,sweep,2.5,0,ripple,burst,20,0,1962,1613,1380,195.579,0.703364,1.19133,0.855549,0
Shvartsman_ripple_detector,3.0,sweep,3,0,ripple,burst,20,0,1962,1471,1268,195.579,0.646279,1.03794,0.861999,0
Shvartsman_ripple_detector,3.5,sweep,3.5,0,ripple,burst,20,0,1962,1326,1136,195.579,0.579001,0.971473,0.856712,0
Shvartsman_ripple_detector,4.0,sweep,4,0,ripple,burst,20,0,1962,1195,1015,195.579,0.517329,0.920343,0.849372,0
Shvartsman_ripple_detector,5.0,sweep,5,0,ripple,burst,20,0,1962,889,748,195.579,0.381244,0.720936,0.841395,0
Shvartsman_ripple_detector,6.0,sweep,6,0,ripple,burst,20,0,1962,624,512,195.579,0.260958,0.572658,0.820513,0
Shvartsman_ripple_detector,8.0,sweep,8,0,ripple,burst,20,0,1962,191,114,195.579,0.058104,0.393702,0.596859,0
Shvartsman_ripple_detector,default,default,,0,ripple,burst,20,0,1962,1471,1268,195.579,0.646279,1.03794,0.861999,0
Yu_ripple_detector,99.0,sweep,99,0,ripple,burst,20,0,1962,9631,1667,195.579,0.849643,40.7201,0.173087,0
Yu_ripple_detector,99.5,sweep,99.5,0,ripple,burst,20,0,1962,7442,1647,195.579,0.83945,29.6299,0.221311,0
Yu_ripple_detector,99.9,sweep,99.9,0,ripple,burst,20,0,1962,4843,1609,195.579,0.820082,16.5355,0.332232,0
Yu_ripple_detector,99.95,sweep,99.95,0,ripple,burst,20,0,1962,4192,1600,195.579,0.815494,13.2529,0.381679,0
Yu_ripple_detector,99.99,sweep,99.99,0,ripple,burst,20,0,1962,3256,1566,195.579,0.798165,8.641,0.480958,0
Yu_ripple_detector,99.995,sweep,99.995,0,ripple,burst,20,0,1962,3009,1561,195.579,0.795617,7.40365,0.518777,0
Yu_ripple_detector,99.999,sweep,99.999,0,ripple,burst,20,0,1962,2598,1540,195.579,0.784913,5.40957,0.592764,0
Yu_ripple_detector,default,default,,0,ripple,burst,20,0,1962,3256,1566,195.579,0.798165,8.641,0.480958,0
Zugaro_ripple_detector,2.5,sweep,2.5,0,ripple,burst,20,0,1962,1907,1372,195.579,0.699286,2.73546,0.719455,0
Zugaro_ripple_detector,3.0,sweep,3,0,ripple,burst,20,0,1962,1840,1352,195.579,0.689093,2.49515,0.734783,0
Zugaro_ripple_detector,4.0,sweep,4,0,ripple,burst,20,0,1962,1711,1287,195.579,0.655963,2.16792,0.752192,0
Zugaro_ripple_detector,5.0,sweep,5,0,ripple,burst,20,0,1962,1561,1185,195.579,0.603976,1.92249,0.759129,0
Zugaro_ripple_detector,6.0,sweep,6,0,ripple,burst,20,0,1962,1437,1096,195.579,0.558614,1.74354,0.7627,0
Zugaro_ripple_detector,8.0,sweep,8,0,ripple,burst,20,0,1962,1141,860,195.579,0.438328,1.43676,0.753725,0
Zugaro_ripple_detector,10.0,sweep,10,0,ripple,burst,20,0,1962,876,661,195.579,0.336901,1.0993,0.754566,0
Zugaro_ripple_detector,default,default,,0,ripple,burst,20,0,1962,1561,1185,195.579,0.603976,1.92249,0.759129,0
multiunit_HSE_detector,1.5,sweep,1.5,0,burst,burst,20,0,1962,11505,1894,195.579,0.965341,49.1412,0.164624,0
multiunit_HSE_detector,2.0,sweep,2,0,burst,burst,20,0,1962,5406,1833,195.579,0.934251,18.2688,0.339068,0
multiunit_HSE_detector,2.5,sweep,2.5,0,burst,burst,20,0,1962,2935,1737,195.579,0.885321,6.1254,0.591823,0
multiunit_HSE_detector,3.0,sweep,3,0,burst,burst,20,0,1962,2010,1605,195.579,0.818043,2.07077,0.798507,0
multiunit_HSE_detector,3.5,sweep,3.5,0,burst,burst,20,0,1962,1669,1488,195.579,0.75841,0.925456,0.891552,0
multiunit_HSE_detector,4.0,sweep,4,0,burst,burst,20,0,1962,1438,1316,195.579,0.670744,0.623788,0.91516,0
multiunit_HSE_detector,5.0,sweep,5,0,burst,burst,20,0,1962,1035,962,195.579,0.490316,0.37325,0.929469,0
multiunit_HSE_detector,6.0,sweep,6,0,burst,burst,20,0,1962,693,647,195.579,0.329766,0.235199,0.933622,0
multiunit_HSE_detector,8.0,sweep,8,0,burst,burst,20,0,1962,219,207,195.579,0.105505,0.0613562,0.945205,0
multiunit_HSE_detector,default,default,,0,burst,burst,20,0,1962,5406,1833,195.579,0.934251,18.2688,0.339068,0
recipe:ambrose_2016,literature,recipe,,0,ripple,burst,20,0,1962,1629,1436,195.579,0.731906,0.986813,0.881522,0
recipe:bendor_2012,literature,recipe,,0,burst,burst,20,0,1962,1393,1306,195.579,0.665647,0.444833,0.937545,0
recipe:berners_lee_2021,literature,recipe,,0,ripple,burst,20,0,1962,2647,1574,195.579,0.802243,5.48627,0.594635,0
recipe:berners_lee_2022,literature,recipe,,0,burst,burst,20,0,1962,1577,1305,195.579,0.665138,1.39074,0.827521,0
recipe:bhattarai_2020,literature,recipe,,0,network,burst,20,0,1962,814,794,195.579,0.404689,0.10226,0.97543,0
recipe:bhattarai_2020_ripples,literature,recipe,,0,ripple,burst,20,0,1962,922,909,195.579,0.463303,0.0664692,0.9859,0
recipe:bush_2022,literature,recipe,,0,burst,burst,20,0,1962,1396,1230,195.579,0.626911,0.848761,0.881089,0
recipe:carey_2019,literature,recipe,,0,network,burst,20,0,1962,4238,1796,195.579,0.915392,12.486,0.423785,0
recipe:carr_2012,literature,recipe,,0,ripple,burst,20,0,1962,1750,1378,195.579,0.702345,1.90204,0.787429,0
recipe:chenani_2019,literature,recipe,,0,burst,burst,20,0,1962,1468,1323,195.579,0.674312,0.741388,0.901226,0
recipe:davidson_2009,literature,recipe,,0,burst,burst,20,0,1962,2033,1554,195.579,0.792049,2.44914,0.764388,0
recipe:denovellis_2021,literature,recipe,,0,ripple,burst,20,0,1962,2129,1523,195.579,0.776249,3.09849,0.715359,0
recipe:denovellis_2021_mua,literature,recipe,,0,burst,burst,20,0,1962,5409,1832,195.579,0.933741,18.2893,0.338695,0
recipe:diba_2007,literature,recipe,,0,burst,burst,20,0,1962,499,494,195.579,0.251784,0.0255651,0.98998,0
recipe:drieu_2018,literature,recipe,,0,burst,burst,20,0,1962,3137,1516,195.579,0.772681,8.2882,0.483264,0
recipe:farooq_2019_neuron,literature,recipe,,0,burst,burst,20,0,1962,554,553,195.579,0.281855,0.00511302,0.998195,0
recipe:farooq_2019_science,literature,recipe,,0,burst,burst,20,0,1962,549,549,195.579,0.279817,0,1,0
recipe:farooq_2019_science_awake,literature,recipe,,0,burst,burst,20,0,1962,549,549,195.579,0.279817,0,1,0
recipe:foster_2006,literature,recipe,,0,burst,burst,20,0,1962,298,298,195.579,0.151886,0,1,0
recipe:foster_2006_ripples,literature,recipe,,0,ripple,burst,20,0,1962,365,163,195.579,0.0830785,1.03283,0.446575,0
recipe:gillespie_2021,literature,recipe,,0,ripple,burst,20,0,1962,2158,1526,195.579,0.777778,3.23143,0.707136,0
recipe:gillespie_2021_mua,literature,recipe,,0,burst,burst,20,0,1962,2090,1609,195.579,0.820082,2.45936,0.769856,0
recipe:gridchyn_2020,literature,recipe,,0,burst,burst,20,0,1962,10291,1759,195.579,0.896534,43.6243,0.170926,0
recipe:grosmark_2016,literature,recipe,,0,network,burst,20,0,1962,913,906,195.579,0.461774,0.0357911,0.992333,0
recipe:gupta_2010,literature,recipe,,0,ripple,burst,20,0,1962,16996,1534,195.579,0.781855,79.0575,0.0902565,0
recipe:harvey_2023_code,literature,recipe,,0,ripple,burst,20,0,1962,1142,1079,195.579,0.549949,0.32212,0.944834,0
recipe:harvey_2023_no_radiatum,literature,recipe,,0,ripple,burst,20,0,1962,2235,1223,195.579,0.623344,5.17437,0.547204,0
recipe:harvey_2023_text,literature,recipe,,0,ripple,burst,20,0,1962,1352,1080,195.579,0.550459,1.39074,0.798817,0
recipe:huelin_gorriz_2023,literature,recipe,,0,network,burst,20,0,1962,1111,1096,195.579,0.558614,0.0766953,0.986499,0
recipe:igata_2021,literature,recipe,,0,burst,burst,20,0,1962,7432,1840,195.579,0.937819,28.592,0.247578,0
recipe:igata_2021_ripples,literature,recipe,,0,ripple,burst,20,0,1962,9579,1528,195.579,0.778797,41.1649,0.159516,0
recipe:jadhav_2016,literature,recipe,,0,ripple,burst,20,0,1962,1443,1194,195.579,0.608563,1.27314,0.827443,0
recipe:ji_2007,literature,recipe,,0,burst,burst,20,0,1962,1552,1411,195.579,0.719164,0.720936,0.909149,0
recipe:ji_2007_ripples,literature,recipe,,0,ripple,burst,20,0,1962,143,11,195.579,0.00560652,0.674918,0.0769231,0
recipe:kaefer_2020,literature,recipe,,0,ripple,burst,20,0,1962,99,21,195.579,0.0107034,0.398815,0.212121,0
recipe:karlsson_2009,literature,recipe,,0,ripple,burst,20,0,1962,1743,1378,195.579,0.702345,1.86625,0.790591,0
recipe:krause_2022,literature,recipe,,0,network,burst,20,0,1962,1474,1348,195.579,0.687054,0.64424,0.914518,0
recipe:krause_2022_hse,literature,recipe,,0,burst,burst,20,0,1962,1986,1605,195.579,0.818043,1.94806,0.808157,0
recipe:kudrimoti_1999,literature,recipe,,0,ripple,burst,20,0,1962,58,49,195.579,0.0249745,0.0460172,0.844828,0
recipe:lee_2002,literature,recipe,,0,burst,burst,20,0,1962,28788,1854,195.579,0.944954,137.714,0.0644018,0
recipe:lee_2002_ripples,literature,recipe,,0,ripple,burst,20,0,1962,365,163,195.579,0.0830785,1.03283,0.446575,0
recipe:liu_2019,literature,recipe,,0,burst,burst,20,0,1962,12503,1666,195.579,0.849134,55.4098,0.133248,0
recipe:liu_2019_awake,literature,recipe,,0,burst,burst,20,0,1962,12503,1666,195.579,0.849134,55.4098,0.133248,0
recipe:liu_2023,literature,recipe,,0,network,burst,20,0,1962,908,904,195.579,0.460754,0.0204521,0.995595,0
recipe:maboudi_2018,literature,recipe,,0,burst,burst,20,0,1962,1852,1556,195.579,0.793068,1.51345,0.840173,0
recipe:maboudi_2018_open_field,literature,recipe,,0,burst,burst,20,0,1962,1991,1448,195.579,0.738022,2.77637,0.727273,0
recipe:mallory_2025,literature,recipe,,0,burst,burst,20,0,1962,2300,1495,195.579,0.761978,4.11598,0.65,0
recipe:mallory_2025_ripples,literature,recipe,,0,ripple,burst,20,0,1962,1685,1355,195.579,0.690622,1.6873,0.804154,0
recipe:michon_2019,literature,recipe,,0,network,burst,20,0,1962,554,554,195.579,0.282365,0,1,0
recipe:michon_2021,literature,recipe,,0,network,burst,20,0,1962,554,554,195.579,0.282365,0,1,0
recipe:mou_2022,literature,recipe,,0,burst,burst,20,0,1962,3178,1681,195.579,0.856779,7.65419,0.528949,0
recipe:muessig_2019,literature,recipe,,0,network,burst,20,0,1962,220,220,195.579,0.11213,0,1,0
recipe:muessig_2019_ripples,literature,recipe,,0,ripple,burst,20,0,1962,46878,1602,195.579,0.816514,231.497,0.0341738,0
recipe:nadasdy_1999,literature,recipe,,0,ripple,burst,20,0,1962,1086,868,195.579,0.442406,1.11464,0.799263,0
recipe:olafsdottir_2015,literature,recipe,,0,burst,burst,20,0,1962,2063,1307,195.579,0.666157,3.86544,0.633543,0
recipe:olafsdottir_2015.bayesian_candidates,literature,recipe,,0,burst,burst,20,0,1962,1490,1176,195.579,0.599388,1.60549,0.789262,0
recipe:olafsdottir_2016,literature,recipe,,0,burst,burst,20,0,1962,1194,1098,195.579,0.559633,0.49085,0.919598,0
recipe:olafsdottir_2017,literature,recipe,,0,burst,burst,20,0,1962,3088,1457,195.579,0.74261,8.33933,0.471826,0
recipe:olafsdottir_2017.trajectory,literature,recipe,,0,burst,burst,20,0,1962,1167,1098,195.579,0.559633,0.352798,0.940874,0
recipe:pfeiffer_2013,literature,recipe,,0,burst,burst,20,0,1962,1991,1448,195.579,0.738022,2.77637,0.727273,0
recipe:pfeiffer_2013_ripples,literature,recipe,,0,ripple,burst,20,0,1962,1629,1436,195.579,0.731906,0.986813,0.881522,0
recipe:pfeiffer_2015,literature,recipe,,0,ripple,burst,20,0,1962,1626,1436,195.579,0.731906,0.971473,0.883149,0
recipe:shin_2019,literature,recipe,,0,ripple,burst,20,0,1962,1750,1378,195.579,0.702345,1.90204,0.787429,0
recipe:silva_2015,literature,recipe,,0,burst,burst,20,0,1962,1428,1186,195.579,0.604485,1.23735,0.830532,0
recipe:stella_2019,literature,recipe,,0,ripple,burst,20,0,1962,1923,1183,195.579,0.602956,3.78363,0.615185,0
recipe:tang_2017,literature,recipe,,0,ripple,burst,20,0,1962,1750,1378,195.579,0.702345,1.90204,0.787429,0
recipe:tirole_2022,literature,recipe,,0,network,burst,20,0,1962,1111,1096,195.579,0.558614,0.0766953,0.986499,0
recipe:widloski_2025,literature,recipe,,0,ripple,burst,20,0,1962,1215,1034,195.579,0.527013,0.925456,0.851029,0
recipe:widloski_2025_bursts,literature,recipe,,0,burst,burst,20,0,1962,1041,1015,195.579,0.517329,0.132938,0.975024,0
recipe:wikenheiser_2013,literature,recipe,,0,ripple,burst,20,0,1962,18098,1862,195.579,0.949032,83.015,0.102884,0
recipe:wu_2014,literature,recipe,,0,burst,burst,20,0,1962,6504,1672,195.579,0.852192,24.7061,0.257073,0
recipe:wu_2017,literature,recipe,,0,burst,burst,20,0,1962,1197,1052,195.579,0.536188,0.741388,0.878864,0
recipe:xu_2019,literature,recipe,,0,burst,burst,20,0,1962,2169,1479,195.579,0.753823,3.52798,0.681881,0
recipe:yamamoto_2017,literature,recipe,,0,network,burst,20,0,1962,1558,1219,195.579,0.621305,1.73331,0.782413,0
recipe:yang_2024,literature,recipe,,0,network,burst,20,0,1962,913,906,195.579,0.461774,0.0357911,0.992333,0
Carey_candidate_detector,1.5,sweep,1.5,0.2,network,burst,20,0,1962,15595,1901,195.579,0.968909,70.0177,0.121898,0
Carey_candidate_detector,2.0,sweep,2,0.2,network,burst,20,0,1962,9043,1883,195.579,0.959735,36.6092,0.208227,0
Carey_candidate_detector,2.5,sweep,2.5,0.2,network,burst,20,0,1962,4702,1836,195.579,0.93578,14.6539,0.390472,0
Carey_candidate_detector,3.0,sweep,3,0.2,network,burst,20,0,1962,2730,1780,195.579,0.907238,4.85737,0.652015,0
Carey_candidate_detector,3.5,sweep,3.5,0.2,network,burst,20,0,1962,1970,1701,195.579,0.866972,1.3754,0.863452,0
Carey_candidate_detector,4.0,sweep,4,0.2,network,burst,20,0,1962,1697,1609,195.579,0.820082,0.449946,0.948144,0
Carey_candidate_detector,5.0,sweep,5,0.2,network,burst,20,0,1962,1436,1413,195.579,0.720183,0.117599,0.983983,0
Carey_candidate_detector,6.0,sweep,6,0.2,network,burst,20,0,1962,1243,1235,195.579,0.62946,0.0409041,0.993564,0
Carey_candidate_detector,default,default,,0.2,network,burst,20,0,1962,2730,1780,195.579,0.907238,4.85737,0.652015,0
Karlsson_ripple_detector,1.5,sweep,1.5,0.2,ripple,burst,20,0,1962,14815,1682,195.579,0.857288,67.1493,0.113534,0
Karlsson_ripple_detector,2.0,sweep,2,0.2,ripple,burst,20,0,1962,4565,1575,195.579,0.802752,15.2879,0.345016,0
Karlsson_ripple_detector,2.5,sweep,2.5,0.2,ripple,burst,20,0,1962,2257,1477,195.579,0.752803,3.98815,0.654409,0
Karlsson_ripple_detector,3.0,sweep,3,0.2,ripple,burst,20,0,1962,1750,1370,195.579,0.698267,1.94295,0.782857,0
Karlsson_ripple_detector,3.5,sweep,3.5,0.2,ripple,burst,20,0,1962,1556,1264,195.579,0.644241,1.493,0.812339,0
Karlsson_ripple_detector,4.0,sweep,4,0.2,ripple,burst,20,0,1962,1391,1141,195.579,0.581549,1.27825,0.820273,0
Karlsson_ripple_detector,5.0,sweep,5,0.2,ripple,burst,20,0,1962,1076,882,195.579,0.449541,0.991926,0.819703,0
Karlsson_ripple_detector,6.0,sweep,6,0.2,ripple,burst,20,0,1962,777,633,195.579,0.32263,0.736275,0.814672,0
Karlsson_ripple_detector,8.0,sweep,8,0.2,ripple,burst,20,0,1962,285,198,195.579,0.100917,0.444833,0.694737,0
Karlsson_ripple_detector,default,default,,0.2,ripple,burst,20,0,1962,1750,1370,195.579,0.698267,1.94295,0.782857,0
Kay_ripple_detector,1.5,sweep,1.5,0.2,ripple,burst,20,0,1962,3974,1598,195.579,0.814475,12.1485,0.402114,0
Kay_ripple_detector,2.0,sweep,2,0.2,ripple,burst,20,0,1962,2158,1518,195.579,0.7737,3.27233,0.703429,0
Kay_ripple_detector,2.5,sweep,2.5,0.2,ripple,burst,20,0,1962,1769,1432,195.579,0.729867,1.72309,0.809497,0
Kay_ripple_detector,3.0,sweep,3,0.2,ripple,burst,20,0,1962,1634,1355,195.579,0.690622,1.42653,0.829253,0
Kay_ripple_detector,3.5,sweep,3.5,0.2,ripple,burst,20,0,1962,1525,1270,195.579,0.647299,1.30382,0.832787,0
Kay_ripple_detector,4.0,sweep,4,0.2,ripple,burst,20,0,1962,1404,1172,195.579,0.59735,1.18622,0.834758,0
Kay_ripple_detector,5.0,sweep,5,0.2,ripple,burst,20,0,1962,1169,960,195.579,0.489297,1.06862,0.821215,0
Kay_ripple_detector,6.0,sweep,6,0.2,ripple,burst,20,0,1962,930,756,195.579,0.385321,0.889665,0.812903,0
Kay_ripple_detector,8.0,sweep,8,0.2,ripple,burst,20,0,1962,501,388,195.579,0.197757,0.577771,0.774451,0
Kay_ripple_detector,default,default,,0.2,ripple,burst,20,0,1962,2158,1518,195.579,0.7737,3.27233,0.703429,0
Long_sharp_wave_ripple_detector,1.5,sweep,1.5,0.2,ripple,burst,20,0,1962,1685,1283,195.579,0.653925,2.05543,0.761424,0
Long_sharp_wave_ripple_detector,2.0,sweep,2,0.2,ripple,burst,20,0,1962,1593,1238,195.579,0.630989,1.81512,0.77715,0
Long_sharp_wave_ripple_detector,2.5,sweep,2.5,0.2,ripple,burst,20,0,1962,1429,1131,195.579,0.576453,1.52368,0.791463,0
Long_sharp_wave_ripple_detector,3.0,sweep,3,0.2,ripple,burst,20,0,1962,1259,1005,195.579,0.512232,1.29871,0.798253,0
Long_sharp_wave_ripple_detector,3.5,sweep,3.5,0.2,ripple,burst,20,0,1962,1080,876,195.579,0.446483,1.04306,0.811111,0
Long_sharp_wave_ripple_detector,4.0,sweep,4,0.2,ripple,burst,20,0,1962,897,740,195.579,0.377166,0.802744,0.824972,0
Long_sharp_wave_ripple_detector,5.0,sweep,5,0.2,ripple,burst,20,0,1962,516,440,195.579,0.224261,0.388589,0.852713,0
Long_sharp_wave_ripple_detector,default,default,,0.2,ripple,burst,20,0,1962,1429,1131,195.579,0.576453,1.52368,0.791463,0
Roumis_ripple_detector,1.5,sweep,1.5,0.2,ripple,burst,20,0,1962,4026,1595,195.579,0.812946,12.4297,0.396175,0
Roumis_ripple_detector,2.0,sweep,2,0.2,ripple,burst,20,0,1962,2152,1521,195.579,0.775229,3.22631,0.706784,0
Roumis_ripple_detector,2.5,sweep,2.5,0.2,ripple,burst,20,0,1962,1753,1431,195.579,0.729358,1.64639,0.816315,0
Roumis_ripple_detector,3.0,sweep,3,0.2,ripple,burst,20,0,1962,1631,1361,195.579,0.69368,1.38051,0.834457,0
Roumis_ripple_detector,3.5,sweep,3.5,0.2,ripple,burst,20,0,1962,1531,1282,195.579,0.653415,1.27314,0.837361,0
Roumis_ripple_detector,4.0,sweep,4,0.2,ripple,burst,20,0,1962,1411,1181,195.579,0.601937,1.17599,0.836995,0
Roumis_ripple_detector,5.0,sweep,5,0.2,ripple,burst,20,0,1962,1190,981,195.579,0.5,1.06862,0.82437,0
Roumis_ripple_detector,6.0,sweep,6,0.2,ripple,burst,20,0,1962,945,768,195.579,0.391437,0.905004,0.812698,0
Roumis_ripple_detector,8.0,sweep,8,0.2,ripple,burst,20,0,1962,517,406,195.579,0.206932,0.567545,0.7853,0
Roumis_ripple_detector,default,default,,0.2,ripple,burst,20,0,1962,2152,1521,195.579,0.775229,3.22631,0.706784,0
Shvartsman_ripple_detector,1.5,sweep,1.5,0.2,ripple,burst,20,0,1962,3508,1570,195.579,0.800204,9.90903,0.447548,0
Shvartsman_ripple_detector,2.0,sweep,2,0.2,ripple,burst,20,0,1962,1855,1478,195.579,0.753313,1.92761,0.796765,0
Shvartsman_ripple_detector,2.5,sweep,2.5,0.2,ripple,burst,20,0,1962,1613,1377,195.579,0.701835,1.20667,0.853689,0
Shvartsman_ripple_detector,3.0,sweep,3,0.2,ripple,burst,20,0,1962,1471,1261,195.579,0.642712,1.07373,0.85724,0
Shvartsman_ripple_detector,3.5,sweep,3.5,0.2,ripple,burst,20,0,1962,1326,1131,195.579,0.576453,0.997039,0.852941,0
Shvartsman_ripple_detector,4.0,sweep,4,0.2,ripple,burst,20,0,1962,1195,1011,195.579,0.515291,0.940795,0.846025,0
Shvartsman_ripple_detector,5.0,sweep,5,0.2,ripple,burst,20,0,1962,889,745,195.579,0.379715,0.736275,0.83802,0
Shvartsman_ripple_detector,6.0,sweep,6,0.2,ripple,burst,20,0,1962,624,509,195.579,0.259429,0.587997,0.815705,0
Shvartsman_ripple_detector,8.0,sweep,8,0.2,ripple,burst,20,0,1962,191,113,195.579,0.0575943,0.398815,0.591623,0
Shvartsman_ripple_detector,default,default,,0.2,ripple,burst,20,0,1962,1471,1261,195.579,0.642712,1.07373,0.85724,0
Yu_ripple_detector,99.0,sweep,99,0.2,ripple,burst,20,0,1962,9631,1643,195.579,0.837411,40.8428,0.170595,0
Yu_ripple_detector,99.5,sweep,99.5,0.2,ripple,burst,20,0,1962,7442,1626,195.579,0.828746,29.7373,0.21849,0
Yu_ripple_detector,99.9,sweep,99.9,0.2,ripple,burst,20,0,1962,4843,1593,195.579,0.811927,16.6173,0.328928,0
Yu_ripple_detector,99.95,sweep,99.95,0.2,ripple,burst,20,0,1962,4192,1584,195.579,0.807339,13.3348,0.377863,0
Yu_ripple_detector,99.99,sweep,99.99,0.2,ripple,burst,20,0,1962,3256,1555,195.579,0.792559,8.69724,0.47758,0
Yu_ripple_detector,99.995,sweep,99.995,0.2,ripple,burst,20,0,1962,3009,1550,195.579,0.79001,7.45989,0.515121,0
Yu_ripple_detector,99.999,sweep,99.999,0.2,ripple,burst,20,0,1962,2598,1532,195.579,0.780836,5.45048,0.589684,0
Yu_ripple_detector,default,default,,0.2,ripple,burst,20,0,1962,3256,1555,195.579,0.792559,8.69724,0.47758,0
Zugaro_ripple_detector,2.5,sweep,2.5,0.2,ripple,burst,20,0,1962,1907,1319,195.579,0.672273,3.00645,0.691662,0
Zugaro_ripple_detector,3.0,sweep,3,0.2,ripple,burst,20,0,1962,1840,1304,195.579,0.664628,2.74058,0.708696,0
Zugaro_ripple_detector,4.0,sweep,4,0.2,ripple,burst,20,0,1962,1711,1248,195.579,0.636086,2.36733,0.729398,0
Zugaro_ripple_detector,5.0,sweep,5,0.2,ripple,burst,20,0,1962,1561,1154,195.579,0.588175,2.081,0.73927,0
Zugaro_ripple_detector,6.0,sweep,6,0.2,ripple,burst,20,0,1962,1437,1064,195.579,0.542304,1.90716,0.740431,0
Zugaro_ripple_detector,8.0,sweep,8,0.2,ripple,burst,20,0,1962,1141,835,195.579,0.425586,1.56458,0.731814,0
Zugaro_ripple_detector,10.0,sweep,10,0.2,ripple,burst,20,0,1962,876,637,195.579,0.324669,1.22201,0.727169,0
Zugaro_ripple_detector,default,default,,0.2,ripple,burst,20,0,1962,1561,1154,195.579,0.588175,2.081,0.73927,0
multiunit_HSE_detector,1.5,sweep,1.5,0.2,burst,burst,20,0,1962,11505,1873,195.579,0.954638,49.2486,0.162799,0
multiunit_HSE_detector,2.0,sweep,2,0.2,burst,burst,20,0,1962,5406,1811,195.579,0.923038,18.3813,0.334998,0
multiunit_HSE_detector,2.5,sweep,2.5,0.2,burst,burst,20,0,1962,2935,1719,195.579,0.876147,6.21743,0.58569,0
multiunit_HSE_detector,3.0,sweep,3,0.2,burst,burst,20,0,1962,2010,1592,195.579,0.811417,2.13724,0.79204,0
multiunit_HSE_detector,3.5,sweep,3.5,0.2,burst,burst,20,0,1962,1669,1479,195.579,0.753823,0.971473,0.886159,0
multiunit_HSE_detector,4.0,sweep,4,0.2,burst,burst,20,0,1962,1438,1307,195.579,0.666157,0.669805,0.908901,0
multiunit_HSE_detector,5.0,sweep,5,0.2,burst,burst,20,0,1962,1035,956,195.579,0.487258,0.403928,0.923671,0
multiunit_HSE_detector,6.0,sweep,6,0.2,burst,burst,20,0,1962,693,645,195.579,0.328746,0.245425,0.930736,0
multiunit_HSE_detector,8.0,sweep,8,0.2,burst,burst,20,0,1962,219,207,195.579,0.105505,0.0613562,0.945205,0
multiunit_HSE_detector,default,default,,0.2,burst,burst,20,0,1962,5406,1811,195.579,0.923038,18.3813,0.334998,0
recipe:ambrose_2016,literature,recipe,,0.2,ripple,burst,20,0,1962,1629,1427,195.579,0.727319,1.03283,0.875998,0
recipe:bendor_2012,literature,recipe,,0.2,burst,burst,20,0,1962,1393,1304,195.579,0.664628,0.455059,0.936109,0
recipe:berners_lee_2021,literature,recipe,,0.2,ripple,burst,20,0,1962,2647,1560,195.579,0.795107,5.55785,0.589346,0
recipe:berners_lee_2022,literature,recipe,,0.2,burst,burst,20,0,1962,1577,1301,195.579,0.663099,1.41119,0.824984,0
recipe:bhattarai_2020,literature,recipe,,0.2,network,burst,20,0,1962,814,670,195.579,0.341488,0.736275,0.823096,0
recipe:bhattarai_2020_ripples,literature,recipe,,0.2,ripple,burst,20,0,1962,922,907,195.579,0.462283,0.0766953,0.983731,0
recipe:bush_2022,literature,recipe,,0.2,burst,burst,20,0,1962,1396,1229,195.579,0.626402,0.853874,0.880372,0
recipe:carey_2019,literature,recipe,,0.2,network,burst,20,0,1962,4238,1785,195.579,0.909786,12.5422,0.421189,0
recipe:carr_2012,literature,recipe,,0.2,ripple,burst,20,0,1962,1750,1370,195.579,0.698267,1.94295,0.782857,0
recipe:chenani_2019,literature,recipe,,0.2,burst,burst,20,0,1962,1468,1322,195.579,0.673802,0.746501,0.900545,0
recipe:davidson_2009,literature,recipe,,0.2,burst,burst,20,0,1962,2033,1540,195.579,0.784913,2.52072,0.757501,0
recipe:denovellis_2021,literature,recipe,,0.2,ripple,burst,20,0,1962,2129,1514,195.579,0.771662,3.14451,0.711132,0
recipe:denovellis_2021_mua,literature,recipe,,0.2,burst,burst,20,0,1962,5409,1810,195.579,0.922528,18.4018,0.334627,0
recipe:diba_2007,literature,recipe,,0.2,burst,burst,20,0,1962,499,464,195.579,0.236493,0.178956,0.92986,0
recipe:drieu_2018,literature,recipe,,0.2,burst,burst,20,0,1962,3137,1510,195.579,0.769623,8.31888,0.481352,0
recipe:farooq_2019_neuron,literature,recipe,,0.2,burst,burst,20,0,1962,554,553,195.579,0.281855,0.00511302,0.998195,0
recipe:farooq_2019_science,literature,recipe,,0.2,burst,burst,20,0,1962,549,549,195.579,0.279817,0,1,0
recipe:farooq_2019_science_awake,literature,recipe,,0.2,burst,burst,20,0,1962,549,549,195.579,0.279817,0,1,0
recipe:foster_2006,literature,recipe,,0.2,burst,burst,20,0,1962,298,298,195.579,0.151886,0,1,0
recipe:foster_2006_ripples,literature,recipe,,0.2,ripple,burst,20,0,1962,365,84,195.579,0.0428135,1.43676,0.230137,0
recipe:gillespie_2021,literature,recipe,,0.2,ripple,burst,20,0,1962,2158,1518,195.579,0.7737,3.27233,0.703429,0
recipe:gillespie_2021_mua,literature,recipe,,0.2,burst,burst,20,0,1962,2090,1595,195.579,0.812946,2.53094,0.763158,0
recipe:gridchyn_2020,literature,recipe,,0.2,burst,burst,20,0,1962,10291,1711,195.579,0.872069,43.8697,0.166262,0
recipe:grosmark_2016,literature,recipe,,0.2,network,burst,20,0,1962,913,904,195.579,0.460754,0.0460172,0.990142,0
recipe:gupta_2010,literature,recipe,,0.2,ripple,burst,20,0,1962,16996,1454,195.579,0.741081,79.4665,0.0855495,0
recipe:harvey_2023_code,literature,recipe,,0.2,ripple,burst,20,0,1962,1142,1005,195.579,0.512232,0.700483,0.880035,0
recipe:harvey_2023_no_radiatum,literature,recipe,,0.2,ripple,burst,20,0,1962,2235,1186,195.579,0.604485,5.36356,0.530649,0
recipe:harvey_2023_text,literature,recipe,,0.2,ripple,burst,20,0,1962,1352,984,195.579,0.501529,1.88159,0.727811,0
recipe:huelin_gorriz_2023,literature,recipe,,0.2,network,burst,20,0,1962,1111,1089,195.579,0.555046,0.112486,0.980198,0
recipe:igata_2021,literature,recipe,,0.2,burst,burst,20,0,1962,7432,1820,195.579,0.927625,28.6943,0.244887,0
recipe:igata_2021_ripples,literature,recipe,,0.2,ripple,burst,20,0,1962,9579,1517,195.579,0.773191,41.2212,0.158367,0
recipe:jadhav_2016,literature,recipe,,0.2,ripple,burst,20,0,1962,1443,1175,195.579,0.598879,1.37029,0.814276,0
recipe:ji_2007,literature,recipe,,0.2,burst,burst,20,0,1962,1552,1374,195.579,0.700306,0.910117,0.885309,0
recipe:ji_2007_ripples,literature,recipe,,0.2,ripple,burst,20,0,1962,143,8,195.579,0.00407747,0.690257,0.0559441,0
recipe:kaefer_2020,literature,recipe,,0.2,ripple,burst,20,0,1962,99,18,195.579,0.00917431,0.414154,0.181818,0
recipe:karlsson_2009,literature,recipe,,0.2,ripple,burst,20,0,1962,1743,1370,195.579,0.698267,1.90716,0.786001,0
recipe:krause_2022,literature,recipe,,0.2,network,burst,20,0,1962,1474,1341,195.579,0.683486,0.680031,0.909769,0
recipe:krause_2022_hse,literature,recipe,,0.2,burst,burst,20,0,1962,1986,1579,195.579,0.804791,2.081,0.795065,0
recipe:kudrimoti_1999,literature,recipe,,0.2,ripple,burst,20,0,1962,58,29,195.579,0.0147808,0.148278,0.5,0
recipe:lee_2002,literature,recipe,,0.2,burst,burst,20,0,1962,28788,1550,195.579,0.79001,139.268,0.0538419,0
recipe:lee_2002_ripples,literature,recipe,,0.2,ripple,burst,20,0,1962,365,84,195.579,0.0428135,1.43676,0.230137,0
recipe:liu_2019,literature,recipe,,0.2,burst,burst,20,0,1962,12503,954,195.579,0.486239,59.0502,0.0763017,0
recipe:liu_2019_awake,literature,recipe,,0.2,burst,burst,20,0,1962,12503,954,195.579,0.486239,59.0502,0.0763017,0
recipe:liu_2023,literature,recipe,,0.2,network,burst,20,0,1962,908,903,195.579,0.460245,0.0255651,0.994493,0
recipe:maboudi_2018,literature,recipe,,0.2,burst,burst,20,0,1962,1852,1531,195.579,0.780326,1.64128,0.826674,0
recipe:maboudi_2018_open_field,literature,recipe,,0.2,burst,burst,20,0,1962,1991,1445,195.579,0.736493,2.79171,0.725766,0
recipe:mallory_2025,literature,recipe,,0.2,burst,burst,20,0,1962,2300,1490,195.579,0.759429,4.14154,0.647826,0
recipe:mallory_2025_ripples,literature,recipe,,0.2,ripple,burst,20,0,1962,1685,1348,195.579,0.687054,1.72309,0.8,0
recipe:michon_2019,literature,recipe,,0.2,network,burst,20,0,1962,554,554,195.579,0.282365,0,1,0
recipe:michon_2021,literature,recipe,,0.2,network,burst,20,0,1962,554,554,195.579,0.282365,0,1,0
recipe:mou_2022,literature,recipe,,0.2,burst,burst,20,0,1962,3178,1568,195.579,0.799185,8.23196,0.493392,0
recipe:muessig_2019,literature,recipe,,0.2,network,burst,20,0,1962,220,220,195.579,0.11213,0,1,0
recipe:muessig_2019_ripples,literature,recipe,,0.2,ripple,burst,20,0,1962,46878,1553,195.579,0.791539,231.748,0.0331285,0
recipe:nadasdy_1999,literature,recipe,,0.2,ripple,burst,20,0,1962,1086,846,195.579,0.431193,1.22712,0.779006,0
recipe:olafsdottir_2015,literature,recipe,,0.2,burst,burst,20,0,1962,2063,1302,195.579,0.663609,3.89101,0.63112,0
recipe:olafsdottir_2015.bayesian_candidates,literature,recipe,,0.2,burst,burst,20,0,1962,1490,1172,195.579,0.59735,1.62594,0.786577,0
recipe:olafsdottir_2016,literature,recipe,,0.2,burst,burst,20,0,1962,1194,1098,195.579,0.559633,0.49085,0.919598,0
recipe:olafsdottir_2017,literature,recipe,,0.2,burst,burst,20,0,1962,3088,1448,195.579,0.738022,8.38535,0.468912,0
recipe:olafsdottir_2017.trajectory,literature,recipe,,0.2,burst,burst,20,0,1962,1167,1098,195.579,0.559633,0.352798,0.940874,0
recipe:pfeiffer_2013,literature,recipe,,0.2,burst,burst,20,0,1962,1991,1445,195.579,0.736493,2.79171,0.725766,0
recipe:pfeiffer_2013_ripples,literature,recipe,,0.2,ripple,burst,20,0,1962,1629,1427,195.579,0.727319,1.03283,0.875998,0
recipe:pfeiffer_2015,literature,recipe,,0.2,ripple,burst,20,0,1962,1626,1427,195.579,0.727319,1.01749,0.877614,0
recipe:shin_2019,literature,recipe,,0.2,ripple,burst,20,0,1962,1750,1370,195.579,0.698267,1.94295,0.782857,0
recipe:silva_2015,literature,recipe,,0.2,burst,burst,20,0,1962,1428,1185,195.579,0.603976,1.24246,0.829832,0
recipe:stella_2019,literature,recipe,,0.2,ripple,burst,20,0,1962,1923,1142,195.579,0.582059,3.99327,0.593864,0
recipe:tang_2017,literature,recipe,,0.2,ripple,burst,20,0,1962,1750,1370,195.579,0.698267,1.94295,0.782857,0
recipe:tirole_2022,literature,recipe,,0.2,network,burst,20,0,1962,1111,1089,195.579,0.555046,0.112486,0.980198,0
recipe:widloski_2025,literature,recipe,,0.2,ripple,burst,20,0,1962,1215,658,195.579,0.335372,2.84795,0.541564,0
recipe:widloski_2025_bursts,literature,recipe,,0.2,burst,burst,20,0,1962,1041,665,195.579,0.33894,1.92249,0.638809,0
recipe:wikenheiser_2013,literature,recipe,,0.2,ripple,burst,20,0,1962,18098,1205,195.579,0.614169,86.3742,0.0665819,0
recipe:wu_2014,literature,recipe,,0.2,burst,burst,20,0,1962,6504,1657,195.579,0.844546,24.7828,0.254766,0
recipe:wu_2017,literature,recipe,,0.2,burst,burst,20,0,1962,1197,1049,195.579,0.534659,0.756727,0.876358,0
recipe:xu_2019,literature,recipe,,0.2,burst,burst,20,0,1962,2169,1470,195.579,0.749235,3.574,0.677732,0
recipe:yamamoto_2017,literature,recipe,,0.2,network,burst,20,0,1962,1558,1111,195.579,0.566259,2.28552,0.713094,0
recipe:yang_2024,literature,recipe,,0.2,network,burst,20,0,1962,913,904,195.579,0.460754,0.0460172,0.990142,0
Carey_candidate_detector,1.5,sweep,1.5,0.5,network,burst,20,0,1962,15595,1743,195.579,0.888379,70.8255,0.111767,0
Carey_candidate_detector,2.0,sweep,2,0.5,network,burst,20,0,1962,9043,1739,195.579,0.88634,37.3455,0.192303,0
Carey_candidate_detector,2.5,sweep,2.5,0.5,network,burst,20,0,1962,4702,1712,195.579,0.872579,15.2879,0.3641,0
Carey_candidate_detector,3.0,sweep,3,0.5,network,burst,20,0,1962,2730,1677,195.579,0.85474,5.38401,0.614286,0
Carey_candidate_detector,3.5,sweep,3.5,0.5,network,burst,20,0,1962,1970,1614,195.579,0.82263,1.82023,0.819289,0
Carey_candidate_detector,4.0,sweep,4,0.5,network,burst,20,0,1962,1697,1535,195.579,0.782365,0.828309,0.904537,0
Carey_candidate_detector,5.0,sweep,5,0.5,network,burst,20,0,1962,1436,1361,195.579,0.69368,0.383476,0.947772,0
Carey_candidate_detector,6.0,sweep,6,0.5,network,burst,20,0,1962,1243,1194,195.579,0.608563,0.250538,0.960579,0
Carey_candidate_detector,default,default,,0.5,network,burst,20,0,1962,2730,1677,195.579,0.85474,5.38401,0.614286,0
Karlsson_ripple_detector,1.5,sweep,1.5,0.5,ripple,burst,20,0,1962,14815,1397,195.579,0.712029,68.6065,0.0942963,0
Karlsson_ripple_detector,2.0,sweep,2,0.5,ripple,burst,20,0,1962,4565,1343,195.579,0.684506,16.4741,0.294195,0
Karlsson_ripple_detector,2.5,sweep,2.5,0.5,ripple,burst,20,0,1962,2257,1281,195.579,0.652905,4.99031,0.567568,0
Karlsson_ripple_detector,3.0,sweep,3,0.5,ripple,burst,20,0,1962,1750,1198,195.579,0.610601,2.82239,0.684571,0
Karlsson_ripple_detector,3.5,sweep,3.5,0.5,ripple,burst,20,0,1962,1556,1103,195.579,0.562181,2.3162,0.708869,0
Karlsson_ripple_detector,4.0,sweep,4,0.5,ripple,burst,20,0,1962,1391,1001,195.579,0.510194,1.99408,0.719626,0
Karlsson_ripple_detector,5.0,sweep,5,0.5,ripple,burst,20,0,1962,1076,763,195.579,0.388889,1.60037,0.709108,0
Karlsson_ripple_detector,6.0,sweep,6,0.5,ripple,burst,20,0,1962,777,553,195.579,0.281855,1.14532,0.711712,0
Karlsson_ripple_detector,8.0,sweep,8,0.5,ripple,burst,20,0,1962,285,171,195.579,0.087156,0.582884,0.6,0
Karlsson_ripple_detector,default,default,,0.5,ripple,burst,20,0,1962,1750,1198,195.579,0.610601,2.82239,0.684571,0
Kay_ripple_detector,1.5,sweep,1.5,0.5,ripple,burst,20,0,1962,3974,1323,195.579,0.674312,13.5546,0.332914,0
Kay_ripple_detector,2.0,sweep,2,0.5,ripple,burst,20,0,1962,2158,1278,195.579,0.651376,4.49946,0.592215,0
Kay_ripple_detector,2.5,sweep,2.5,0.5,ripple,burst,20,0,1962,1769,1233,195.579,0.62844,2.74058,0.697004,0
Kay_ripple_detector,3.0,sweep,3,0.5,ripple,burst,20,0,1962,1634,1179,195.579,0.600917,2.32642,0.721542,0
Kay_ripple_detector,3.5,sweep,3.5,0.5,ripple,burst,20,0,1962,1525,1113,195.579,0.567278,2.10656,0.729836,0
Kay_ripple_detector,4.0,sweep,4,0.5,ripple,burst,20,0,1962,1404,1032,195.579,0.525994,1.90204,0.735043,0
Kay_ripple_detector,5.0,sweep,5,0.5,ripple,burst,20,0,1962,1169,848,195.579,0.432212,1.64128,0.725406,0
Kay_ripple_detector,6.0,sweep,6,0.5,ripple,burst,20,0,1962,930,669,195.579,0.340979,1.3345,0.719355,0
Kay_ripple_detector,8.0,sweep,8,0.5,ripple,burst,20,0,1962,501,343,195.579,0.174822,0.807857,0.684631,0
Kay_ripple_detector,default,default,,0.5,ripple,burst,20,0,1962,2158,1278,195.579,0.651376,4.49946,0.592215,0
Long_sharp_wave_ripple_detector,1.5,sweep,1.5,0.5,ripple,burst,20,0,1962,1685,388,195.579,0.197757,6.63158,0.230267,0
Long_sharp_wave_ripple_detector,2.0,sweep,2,0.5,ripple,burst,20,0,1962,1593,366,195.579,0.186544,6.27367,0.229755,0
Long_sharp_wave_ripple_detector,2.5,sweep,2.5,0.5,ripple,burst,20,0,1962,1429,329,195.579,0.167686,5.62432,0.230231,0
Long_sharp_wave_ripple_detector,3.0,sweep,3,0.5,ripple,burst,20,0,1962,1259,273,195.579,0.139144,5.04144,0.216839,0
Long_sharp_wave_ripple_detector,3.5,sweep,3.5,0.5,ripple,burst,20,0,1962,1080,223,195.579,0.11366,4.38186,0.206481,0
Long_sharp_wave_ripple_detector,4.0,sweep,4,0.5,ripple,burst,20,0,1962,897,191,195.579,0.0973496,3.60979,0.212932,0
Long_sharp_wave_ripple_detector,5.0,sweep,5,0.5,ripple,burst,20,0,1962,516,108,195.579,0.0550459,2.08611,0.209302,0
Long_sharp_wave_ripple_detector,default,default,,0.5,ripple,burst,20,0,1962,1429,329,195.579,0.167686,5.62432,0.230231,0
Roumis_ripple_detector,1.5,sweep,1.5,0.5,ripple,burst,20,0,1962,4026,1326,195.579,0.675841,13.8051,0.329359,0
Roumis_ripple_detector,2.0,sweep,2,0.5,ripple,burst,20,0,1962,2152,1284,195.579,0.654434,4.4381,0.596654,0
Roumis_ripple_detector,2.5,sweep,2.5,0.5,ripple,burst,20,0,1962,1753,1234,195.579,0.62895,2.65366,0.703936,0
Roumis_ripple_detector,3.0,sweep,3,0.5,ripple,burst,20,0,1962,1631,1185,195.579,0.603976,2.28041,0.726548,0
Roumis_ripple_detector,3.5,sweep,3.5,0.5,ripple,burst,20,0,1962,1531,1125,195.579,0.573394,2.07589,0.734814,0
Roumis_ripple_detector,4.0,sweep,4,0.5,ripple,burst,20,0,1962,1411,1040,195.579,0.530071,1.89693,0.737066,0
Roumis_ripple_detector,5.0,sweep,5,0.5,ripple,burst,20,0,1962,1190,870,195.579,0.443425,1.63617,0.731092,0
Roumis_ripple_detector,6.0,sweep,6,0.5,ripple,burst,20,0,1962,945,678,195.579,0.345566,1.36518,0.71746,0
Roumis_ripple_detector,8.0,sweep,8,0.5,ripple,burst,20,0,1962,517,360,195.579,0.183486,0.802744,0.696325,0
Roumis_ripple_detector,default,default,,0.5,ripple,burst,20,0,1962,2152,1284,195.579,0.654434,4.4381,0.596654,0
Shvartsman_ripple_detector,1.5,sweep,1.5,0.5,ripple,burst,20,0,1962,3508,1356,195.579,0.691131,11.0032,0.386545,0
Shvartsman_ripple_detector,2.0,sweep,2,0.5,ripple,burst,20,0,1962,1855,1299,195.579,0.66208,2.84284,0.70027,0
Shvartsman_ripple_detector,2.5,sweep,2.5,0.5,ripple,burst,20,0,1962,1613,1228,195.579,0.625892,1.96851,0.761314,0
Shvartsman_ripple_detector,3.0,sweep,3,0.5,ripple,burst,20,0,1962,1471,1124,195.579,0.572885,1.77422,0.764106,0
Shvartsman_ripple_detector,3.5,sweep,3.5,0.5,ripple,burst,20,0,1962,1326,1009,195.579,0.514271,1.62083,0.760935,0
Shvartsman_ripple_detector,4.0,sweep,4,0.5,ripple,burst,20,0,1962,1195,904,195.579,0.460754,1.48789,0.756485,0
Shvartsman_ripple_detector,5.0,sweep,5,0.5,ripple,burst,20,0,1962,889,658,195.579,0.335372,1.18111,0.740157,0
Shvartsman_ripple_detector,6.0,sweep,6,0.5,ripple,burst,20,0,1962,624,449,195.579,0.228848,0.894778,0.719551,0
Shvartsman_ripple_detector,8.0,sweep,8,0.5,ripple,burst,20,0,1962,191,99,195.579,0.0504587,0.470398,0.518325,0
Shvartsman_ripple_detector,default,default,,0.5,ripple,burst,20,0,1962,1471,1124,195.579,0.572885,1.77422,0.764106,0
Yu_ripple_detector,99.0,sweep,99,0.5,ripple,burst,20,0,1962,9631,1305,195.579,0.665138,42.571,0.1355,0
Yu_ripple_detector,99.5,sweep,99.5,0.5,ripple,burst,20,0,1962,7442,1301,195.579,0.663099,31.399,0.174819,0
Yu_ripple_detector,99.9,sweep,99.9,0.5,ripple,burst,20,0,1962,4843,1288,195.579,0.656473,18.1768,0.265951,0
Yu_ripple_detector,99.95,sweep,99.95,0.5,ripple,burst,20,0,1962,4192,1283,195.579,0.653925,14.8738,0.306059,0
Yu_ripple_detector,99.99,sweep,99.99,0.5,ripple,burst,20,0,1962,3256,1273,195.579,0.648828,10.1391,0.390971,0
Yu_ripple_detector,99.995,sweep,99.995,0.5,ripple,burst,20,0,1962,3009,1272,195.579,0.648318,8.88131,0.422732,0
Yu_ripple_detector,99.999,sweep,99.999,0.5,ripple,burst,20,0,1962,2598,1263,195.579,0.643731,6.82588,0.486143,0
Yu_ripple_detector,default,default,,0.5,ripple,burst,20,0,1962,3256,1273,195.579,0.648828,10.1391,0.390971,0
Zugaro_ripple_detector,2.5,sweep,2.5,0.5,ripple,burst,20,0,1962,1907,401,195.579,0.204383,7.70021,0.210278,0
Zugaro_ripple_detector,3.0,sweep,3,0.5,ripple,burst,20,0,1962,1840,401,195.579,0.204383,7.35763,0.217935,0
Zugaro_ripple_detector,4.0,sweep,4,0.5,ripple,burst,20,0,1962,1711,398,195.579,0.202854,6.71339,0.232613,0
Zugaro_ripple_detector,5.0,sweep,5,0.5,ripple,burst,20,0,1962,1561,388,195.579,0.197757,5.99757,0.248559,0
Zugaro_ripple_detector,6.0,sweep,6,0.5,ripple,burst,20,0,1962,1437,374,195.579,0.190622,5.43514,0.260264,0
Zugaro_ripple_detector,8.0,sweep,8,0.5,ripple,burst,20,0,1962,1141,332,195.579,0.169215,4.13643,0.290973,0
Zugaro_ripple_detector,10.0,sweep,10,0.5,ripple,burst,20,0,1962,876,279,195.579,0.142202,3.05247,0.318493,0
Zugaro_ripple_detector,default,default,,0.5,ripple,burst,20,0,1962,1561,388,195.579,0.197757,5.99757,0.248559,0
multiunit_HSE_detector,1.5,sweep,1.5,0.5,burst,burst,20,0,1962,11505,1428,195.579,0.727829,51.5239,0.12412,0
multiunit_HSE_detector,2.0,sweep,2,0.5,burst,burst,20,0,1962,5406,1399,195.579,0.713048,20.4879,0.258787,0
multiunit_HSE_detector,2.5,sweep,2.5,0.5,burst,burst,20,0,1962,2935,1349,195.579,0.687564,8.10925,0.459625,0
multiunit_HSE_detector,3.0,sweep,3,0.5,burst,burst,20,0,1962,2010,1267,195.579,0.64577,3.79897,0.630348,0
multiunit_HSE_detector,3.5,sweep,3.5,0.5,burst,burst,20,0,1962,1669,1181,195.579,0.601937,2.49515,0.707609,0
multiunit_HSE_detector,4.0,sweep,4,0.5,burst,burst,20,0,1962,1438,1061,195.579,0.540775,1.92761,0.73783,0
multiunit_HSE_detector,5.0,sweep,5,0.5,burst,burst,20,0,1962,1035,793,195.579,0.404179,1.23735,0.766184,0
multiunit_HSE_detector,6.0,sweep,6,0.5,burst,burst,20,0,1962,693,554,195.579,0.282365,0.71071,0.799423,0
multiunit_HSE_detector,8.0,sweep,8,0.5,burst,burst,20,0,1962,219,177,195.579,0.0902141,0.214747,0.808219,0
multiunit_HSE_detector,default,default,,0.5,burst,burst,20,0,1962,5406,1399,195.579,0.713048,20.4879,0.258787,0
recipe:ambrose_2016,literature,recipe,,0.5,ripple,burst,20,0,1962,1629,1156,195.579,0.589195,2.41846,0.709638,0
recipe:bendor_2012,literature,recipe,,0.5,burst,burst,20,0,1962,1393,1202,195.579,0.61264,0.976586,0.862886,0
recipe:berners_lee_2021,literature,recipe,,0.5,ripple,burst,20,0,1962,2647,1252,195.579,0.638124,7.13266,0.472988,0
recipe:berners_lee_2022,literature,recipe,,0.5,burst,burst,20,0,1962,1577,1145,195.579,0.583588,2.20882,0.726062,0
recipe:bhattarai_2020,literature,recipe,,0.5,network,burst,20,0,1962,814,252,195.579,0.12844,2.87352,0.309582,0
recipe:bhattarai_2020_ripples,literature,recipe,,0.5,ripple,burst,20,0,1962,922,803,195.579,0.409276,0.608449,0.870933,0
recipe:bush_2022,literature,recipe,,0.5,burst,burst,20,0,1962,1396,1165,195.579,0.593782,1.18111,0.834527,0
recipe:carey_2019,literature,recipe,,0.5,network,burst,20,0,1962,4238,1570,195.579,0.800204,13.6415,0.370458,0
recipe:carr_2012,literature,recipe,,0.5,ripple,burst,20,0,1962,1750,1198,195.579,0.610601,2.82239,0.684571,0
recipe:chenani_2019,literature,recipe,,0.5,burst,burst,20,0,1962,1468,1176,195.579,0.599388,1.493,0.80109,0
recipe:davidson_2009,literature,recipe,,0.5,burst,burst,20,0,1962,2033,1236,195.579,0.629969,4.07508,0.607969,0
recipe:denovellis_2021,literature,recipe,,0.5,ripple,burst,20,0,1962,2129,1277,195.579,0.650866,4.35629,0.599812,0
recipe:denovellis_2021_mua,literature,recipe,,0.5,burst,burst,20,0,1962,5409,1402,195.579,0.714577,20.4879,0.259198,0
recipe:diba_2007,literature,recipe,,0.5,burst,burst,20,0,1962,499,138,195.579,0.0703364,1.8458,0.276553,0
recipe:drieu_2018,literature,recipe,,0.5,burst,burst,20,0,1962,3137,1392,195.579,0.70948,8.92222,0.443736,0
recipe:farooq_2019_neuron,literature,recipe,,0.5,burst,burst,20,0,1962,554,548,195.579,0.279307,0.0306781,0.98917,0
recipe:farooq_2019_science,literature,recipe,,0.5,burst,burst,20,0,1962,549,544,195.579,0.277268,0.0255651,0.990893,0
recipe:farooq_2019_science_awake,literature,recipe,,0.5,burst,burst,20,0,1962,549,544,195.579,0.277268,0.0255651,0.990893,0
recipe:foster_2006,literature,recipe,,0.5,burst,burst,20,0,1962,298,266,195.579,0.135576,0.163617,0.892617,0
recipe:foster_2006_ripples,literature,recipe,,0.5,ripple,burst,20,0,1962,365,2,195.579,0.00101937,1.85603,0.00547945,0
recipe:gillespie_2021,literature,recipe,,0.5,ripple,burst,20,0,1962,2158,1278,195.579,0.651376,4.49946,0.592215,0
recipe:gillespie_2021_mua,literature,recipe,,0.5,burst,burst,20,0,1962,2090,1278,195.579,0.651376,4.15177,0.611483,0
recipe:gridchyn_2020,literature,recipe,,0.5,burst,burst,20,0,1962,10291,1484,195.579,0.756371,45.0304,0.144204,0
recipe:grosmark_2016,literature,recipe,,0.5,network,burst,20,0,1962,913,753,195.579,0.383792,0.818083,0.824754,0
recipe:gupta_2010,literature,recipe,,0.5,ripple,burst,20,0,1962,16996,1074,195.579,0.547401,81.4095,0.0631913,0
recipe:harvey_2023_code,literature,recipe,,0.5,ripple,burst,20,0,1962,1142,289,195.579,0.147299,4.3614,0.253065,0
recipe:harvey_2023_no_radiatum,literature,recipe,,0.5,ripple,burst,20,0,1962,2235,753,195.579,0.383792,7.57749,0.336913,0
recipe:harvey_2023_text,literature,recipe,,0.5,ripple,burst,20,0,1962,1352,327,195.579,0.166667,5.24084,0.241864,0
recipe:huelin_gorriz_2023,literature,recipe,,0.5,network,burst,20,0,1962,1111,887,195.579,0.45209,1.14532,0.79838,0
recipe:igata_2021,literature,recipe,,0.5,burst,burst,20,0,1962,7432,1420,195.579,0.723751,30.7395,0.191066,0
recipe:igata_2021_ripples,literature,recipe,,0.5,ripple,burst,20,0,1962,9579,1359,195.579,0.692661,42.029,0.141873,0
recipe:jadhav_2016,literature,recipe,,0.5,ripple,burst,20,0,1962,1443,1016,195.579,0.517839,2.18326,0.704089,0
recipe:ji_2007,literature,recipe,,0.5,burst,burst,20,0,1962,1552,1099,195.579,0.560143,2.3162,0.708119,0
recipe:ji_2007_ripples,literature,recipe,,0.5,ripple,burst,20,0,1962,143,2,195.579,0.00101937,0.720936,0.013986,0
recipe:kaefer_2020,literature,recipe,,0.5,ripple,burst,20,0,1962,99,11,195.579,0.00560652,0.449946,0.111111,0
recipe:karlsson_2009,literature,recipe,,0.5,ripple,burst,20,0,1962,1743,1198,195.579,0.610601,2.78659,0.687321,0
recipe:krause_2022,literature,recipe,,0.5,network,burst,20,0,1962,1474,1118,195.579,0.569827,1.82023,0.75848,0
recipe:krause_2022_hse,literature,recipe,,0.5,burst,burst,20,0,1962,1986,1053,195.579,0.536697,4.77045,0.530211,0
recipe:kudrimoti_1999,literature,recipe,,0.5,ripple,burst,20,0,1962,58,1,195.579,0.000509684,0.291442,0.0172414,0
recipe:lee_2002,literature,recipe,,0.5,burst,burst,20,0,1962,28788,650,195.579,0.331295,143.87,0.0225789,0
recipe:lee_2002_ripples,literature,recipe,,0.5,ripple,burst,20,0,1962,365,2,195.579,0.00101937,1.85603,0.00547945,0
recipe:liu_2019,literature,recipe,,0.5,burst,burst,20,0,1962,12503,237,195.579,0.120795,62.7163,0.0189555,0
recipe:liu_2019_awake,literature,recipe,,0.5,burst,burst,20,0,1962,12503,237,195.579,0.120795,62.7163,0.0189555,0
recipe:liu_2023,literature,recipe,,0.5,network,burst,20,0,1962,908,819,195.579,0.417431,0.455059,0.901982,0
recipe:maboudi_2018,literature,recipe,,0.5,burst,burst,20,0,1962,1852,1016,195.579,0.517839,4.27448,0.548596,0
recipe:maboudi_2018_open_field,literature,recipe,,0.5,burst,burst,20,0,1962,1991,1344,195.579,0.685015,3.30812,0.675038,0
recipe:mallory_2025,literature,recipe,,0.5,burst,burst,20,0,1962,2300,1266,195.579,0.64526,5.28686,0.550435,0
recipe:mallory_2025_ripples,literature,recipe,,0.5,ripple,burst,20,0,1962,1685,1083,195.579,0.551988,3.07804,0.64273,0
recipe:michon_2019,literature,recipe,,0.5,network,burst,20,0,1962,554,533,195.579,0.271662,0.107373,0.962094,0
recipe:michon_2021,literature,recipe,,0.5,network,burst,20,0,1962,554,533,195.579,0.271662,0.107373,0.962094,0
recipe:mou_2022,literature,recipe,,0.5,burst,burst,20,0,1962,3178,778,195.579,0.396534,12.2712,0.244808,0
recipe:muessig_2019,literature,recipe,,0.5,network,burst,20,0,1962,220,215,195.579,0.109582,0.0255651,0.977273,0
recipe:muessig_2019_ripples,literature,recipe,,0.5,ripple,burst,20,0,1962,46878,1305,195.579,0.665138,233.016,0.0278382,0
recipe:nadasdy_1999,literature,recipe,,0.5,ripple,burst,20,0,1962,1086,680,195.579,0.346585,2.07589,0.626151,0
recipe:olafsdottir_2015,literature,recipe,,0.5,burst,burst,20,0,1962,2063,1083,195.579,0.551988,5.01076,0.524964,0
recipe:olafsdottir_2015.bayesian_candidates,literature,recipe,,0.5,burst,burst,20,0,1962,1490,1004,195.579,0.511723,2.48493,0.673826,0
recipe:olafsdottir_2016,literature,recipe,,0.5,burst,burst,20,0,1962,1194,944,195.579,0.481142,1.27825,0.79062,0
recipe:olafsdottir_2017,literature,recipe,,0.5,burst,burst,20,0,1962,3088,1128,195.579,0.574924,10.0215,0.365285,0
recipe:olafsdottir_2017.trajectory,literature,recipe,,0.5,burst,burst,20,0,1962,1167,944,195.579,0.481142,1.1402,0.808912,0
recipe:pfeiffer_2013,literature,recipe,,0.5,burst,burst,20,0,1962,1991,1344,195.579,0.685015,3.30812,0.675038,0
recipe:pfeiffer_2013_ripples,literature,recipe,,0.5,ripple,burst,20,0,1962,1629,1156,195.579,0.589195,2.41846,0.709638,0
recipe:pfeiffer_2015,literature,recipe,,0.5,ripple,burst,20,0,1962,1626,1156,195.579,0.589195,2.40312,0.710947,0
recipe:shin_2019,literature,recipe,,0.5,ripple,burst,20,0,1962,1750,1198,195.579,0.610601,2.82239,0.684571,0
recipe:silva_2015,literature,recipe,,0.5,burst,burst,20,0,1962,1428,1067,195.579,0.543833,1.8458,0.747199,0
recipe:stella_2019,literature,recipe,,0.5,ripple,burst,20,0,1962,1923,546,195.579,0.278287,7.04063,0.283931,0
recipe:tang_2017,literature,recipe,,0.5,ripple,burst,20,0,1962,1750,1198,195.579,0.610601,2.82239,0.684571,0
recipe:tirole_2022,literature,recipe,,0.5,network,burst,20,0,1962,1111,887,195.579,0.45209,1.14532,0.79838,0
recipe:widloski_2025,literature,recipe,,0.5,ripple,burst,20,0,1962,1215,35,195.579,0.0178389,6.03336,0.0288066,0
recipe:widloski_2025_bursts,literature,recipe,,0.5,burst,burst,20,0,1962,1041,41,195.579,0.020897,5.11302,0.0393852,0
recipe:wikenheiser_2013,literature,recipe,,0.5,ripple,burst,20,0,1962,18098,220,195.579,0.11213,91.4105,0.012156,0
recipe:wu_2014,literature,recipe,,0.5,burst,burst,20,0,1962,6504,1327,195.579,0.676351,26.4701,0.204028,0
recipe:wu_2017,literature,recipe,,0.5,burst,burst,20,0,1962,1197,850,195.579,0.433231,1.77422,0.710109,0
recipe:xu_2019,literature,recipe,,0.5,burst,burst,20,0,1962,2169,1169,195.579,0.595821,5.11302,0.538958,0
recipe:yamamoto_2017,literature,recipe,,0.5,network,burst,20,0,1962,1558,512,195.579,0.260958,5.34822,0.328626,0
recipe:yang_2024,literature,recipe,,0.5,network,burst,20,0,1962,913,753,195.579,0.383792,0.818083,0.824754,0
