method,setting,selection,n_pairs,mean_difference,mean_difference_low,mean_difference_high,median_difference,mean_detected,mean_truth,primary_expression,n_sessions,n_failures
Carey_candidate_detector,default,all,1786,0.169653,0.0991839,0.24238,0,19.4362,19.2665,network,20,0
Carey_candidate_detector,default,principal,1786,0.0974244,0.0422684,0.158046,0,10.4726,10.3751,network,20,0
Karlsson_ripple_detector,default,all,1467,0.990457,0.858094,1.12725,0,18.6592,17.6687,ripple,20,0
Karlsson_ripple_detector,default,principal,1467,0.706203,0.612599,0.794663,0,9.93797,9.23177,ripple,20,0
Kay_ripple_detector,default,all,1680,-0.022619,-0.115613,0.0817962,0,17.1268,17.1494,ripple,20,0
Kay_ripple_detector,default,principal,1680,-0.0464286,-0.100121,0.0116829,0,8.73631,8.78274,ripple,20,0
Long_sharp_wave_ripple_detector,default,all,1370,-4.11241,-4.37825,-3.82886,-4,13.2474,17.3599,ripple,20,0
Long_sharp_wave_ripple_detector,default,principal,1370,-2.86131,-3.03468,-2.68431,-2,6.12774,8.98905,ripple,20,0
Roumis_ripple_detector,default,all,1679,0.0202501,-0.0692206,0.120508,0,17.1644,17.1441,ripple,20,0
Roumis_ripple_detector,default,principal,1679,-0.0202501,-0.0795242,0.040813,0,8.75581,8.77606,ripple,20,0
Shvartsman_ripple_detector,default,all,1341,1.14989,1.01236,1.29581,1,19.0597,17.9098,ripple,20,0
Shvartsman_ripple_detector,default,principal,1341,0.818792,0.716837,0.915369,0,10.2446,9.4258,ripple,20,0
Yu_ripple_detector,default,all,1731,-0.34662,-0.464955,-0.22101,0,16.7198,17.0664,ripple,20,0
Yu_ripple_detector,default,principal,1731,-0.268053,-0.346418,-0.182966,0,8.41941,8.68746,ripple,20,0
Zugaro_ripple_detector,default,all,1352,-3.42973,-3.59748,-3.27593,-3,14.3654,17.7951,ripple,20,0
Zugaro_ripple_detector,default,principal,1352,-2.39719,-2.50901,-2.2885,-2,6.90459,9.30178,ripple,20,0
multiunit_HSE_detector,default,all,1833,2.18058,2.05535,2.31968,2,20.9504,18.7698,burst,20,0
multiunit_HSE_detector,default,principal,1833,1.51391,1.42054,1.61829,1,11.5848,10.0709,burst,20,0
recipe:ambrose_2016,literature,all,1476,2.2229,2.07656,2.3543,2,19.9898,17.7669,ripple,20,0
recipe:ambrose_2016,literature,principal,1476,1.57656,1.47572,1.66645,1,10.8896,9.31301,ripple,20,0
recipe:bendor_2012,literature,all,1306,-1.00766,-1.09208,-0.91978,-1,19.7979,20.8055,burst,20,0
recipe:bendor_2012,literature,principal,1306,-0.761868,-0.830003,-0.692188,0,10.9403,11.7021,burst,20,0
recipe:berners_lee_2021,literature,all,1611,2.12415,1.985,2.25729,1,19.4867,17.3625,ripple,20,0
recipe:berners_lee_2021,literature,principal,1611,1.50155,1.40539,1.59454,1,10.4159,8.91434,ripple,20,0
recipe:berners_lee_2022,literature,all,1305,1.43372,1.31924,1.56486,1,22.0628,20.6291,burst,20,0
recipe:berners_lee_2022,literature,principal,1305,1.02069,0.919996,1.12726,1,12.5341,11.5134,burst,20,0
recipe:bhattarai_2020,literature,all,797,2.55082,2.2719,2.8531,3,24.5721,22.0213,network,20,0
recipe:bhattarai_2020,literature,principal,797,1.98494,1.73883,2.24875,2,14.8545,12.8695,network,20,0
recipe:bhattarai_2020_ripples,literature,all,908,0.0693833,-0.100884,0.258072,0,20.1344,20.065,ripple,20,0
recipe:bhattarai_2020_ripples,literature,principal,908,0.0837004,-0.0468693,0.230601,0,11.3447,11.261,ripple,20,0
recipe:bush_2022,literature,all,1230,0.666667,0.577196,0.76982,0,22.1325,21.4659,burst,20,0
recipe:bush_2022,literature,principal,1230,0.672358,0.600143,0.757704,0,13.322,12.6496,burst,20,0
recipe:carey_2019,literature,all,1808,-1.22954,-1.32519,-1.13427,-1,17.9773,19.2069,network,20,0
recipe:carey_2019,literature,principal,1808,-0.803097,-0.861601,-0.745327,0,9.53927,10.3424,network,20,0
recipe:carr_2012,literature,all,1467,0.990457,0.858094,1.12725,0,18.6592,17.6687,ripple,20,0
recipe:carr_2012,literature,principal,1467,0.706203,0.612599,0.794663,0,9.93797,9.23177,ripple,20,0
recipe:chenani_2019,literature,all,1323,1.74754,1.64403,1.87082,1,22.6893,20.9418,burst,20,0
recipe:chenani_2019,literature,principal,1323,1.22676,1.14179,1.32727,1,13.4316,12.2048,burst,20,0
recipe:davidson_2009,literature,all,1554,2.00257,1.88023,2.13991,2,21.5811,19.5785,burst,20,0
recipe:davidson_2009,literature,principal,1554,1.45045,1.36215,1.54892,1,12.139,10.6885,burst,20,0
recipe:denovellis_2021,literature,all,1679,-0.110185,-0.198571,-0.0192066,0,17.05,17.1602,ripple,20,0
recipe:denovellis_2021,literature,principal,1679,-0.108398,-0.162576,-0.0525066,0,8.67838,8.78678,ripple,20,0
recipe:denovellis_2021_mua,literature,all,1832,2.18504,2.05737,2.33061,2,20.9607,18.7757,burst,20,0
recipe:denovellis_2021_mua,literature,principal,1832,1.52129,1.42459,1.62939,1,11.5977,10.0764,burst,20,0
recipe:diba_2007,literature,all,494,4.12348,3.91563,4.32148,4,28.2692,24.1457,burst,20,0
recipe:diba_2007,literature,principal,494,3.26721,3.08067,3.43683,3,18.4393,15.1721,burst,20,0
recipe:drieu_2018,literature,all,1516,0.693931,0.597183,0.792141,0,20.6966,20.0026,burst,20,0
recipe:drieu_2018,literature,principal,1516,0.579815,0.51164,0.655463,0,11.9584,11.3786,burst,20,0
recipe:farooq_2019_neuron,literature,all,553,-0.533454,-0.639056,-0.417135,0,24.2134,24.7468,burst,20,0
recipe:farooq_2019_neuron,literature,principal,553,-0.321881,-0.401146,-0.23941,0,15.0488,15.3707,burst,20,0
recipe:farooq_2019_science,literature,all,549,-0.533698,-0.639794,-0.417733,0,24.2623,24.796,burst,20,0
recipe:farooq_2019_science,literature,principal,549,-0.320583,-0.400369,-0.237583,0,15.1038,15.4244,burst,20,0
recipe:farooq_2019_science_awake,literature,all,549,-0.533698,-0.639794,-0.417733,0,24.2623,24.796,burst,20,0
recipe:farooq_2019_science_awake,literature,principal,549,-0.320583,-0.400369,-0.237583,0,15.1038,15.4244,burst,20,0
recipe:foster_2006,literature,all,298,1.91946,1.72534,2.11413,1,28.953,27.0336,burst,20,0
recipe:foster_2006,literature,principal,298,1.81879,1.65371,2.00312,1,19.4899,17.6711,burst,20,0
recipe:foster_2006_ripples,literature,all,162,-8.35802,-8.94307,-7.77484,-8,11.642,20,ripple,20,0
recipe:foster_2006_ripples,literature,principal,162,-5.64198,-6.1722,-5.08855,-6,5.33333,10.9753,ripple,20,0
recipe:gillespie_2021,literature,all,1680,-0.022619,-0.115613,0.0817962,0,17.1268,17.1494,ripple,20,0
recipe:gillespie_2021,literature,principal,1680,-0.0464286,-0.100121,0.0116829,0,8.73631,8.78274,ripple,20,0
recipe:gillespie_2021_mua,literature,all,1609,2.00994,1.89789,2.13836,1,21.6047,19.5948,burst,20,0
recipe:gillespie_2021_mua,literature,principal,1609,1.45618,1.37083,1.55081,1,12.1672,10.711,burst,20,0
recipe:gridchyn_2020,literature,all,1759,-0.836839,-1.03558,-0.662954,0,18.0739,18.9107,burst,20,0
recipe:gridchyn_2020,literature,principal,1759,-0.632177,-0.774603,-0.511884,0,9.56111,10.1933,burst,20,0
recipe:grosmark_2016,literature,all,906,1.86203,1.70937,2.04429,1,23.4437,21.5817,network,20,0
recipe:grosmark_2016,literature,principal,906,1.58168,1.4415,1.74532,1,14.032,12.4503,network,20,0
recipe:gupta_2010,literature,all,1637,-0.932804,-1.12793,-0.744261,0,15.7178,16.6506,ripple,20,0
recipe:gupta_2010,literature,principal,1637,-0.572999,-0.704308,-0.445267,0,7.75137,8.32437,ripple,20,0
recipe:harvey_2023_code,literature,all,1133,-4.2489,-4.52691,-3.9574,-4,14.1553,18.4042,ripple,20,0
recipe:harvey_2023_code,literature,principal,1133,-2.96734,-3.14366,-2.77729,-3,6.96028,9.92763,ripple,20,0
recipe:harvey_2023_no_radiatum,literature,all,1222,0.308511,0.0985627,0.508296,0,18.8232,18.5147,ripple,20,0
recipe:harvey_2023_no_radiatum,literature,principal,1222,0.220949,0.0612708,0.367148,0,10.1972,9.97627,ripple,20,0
recipe:harvey_2023_text,literature,all,1207,-3.99586,-4.18113,-3.80743,-3,13.6752,17.6711,ripple,20,0
recipe:harvey_2023_text,literature,principal,1207,-2.76636,-2.89795,-2.62594,-2,6.47307,9.23944,ripple,20,0
recipe:huelin_gorriz_2023,literature,all,1097,1.69644,1.57091,1.83824,1,23.4321,21.7356,network,20,0
recipe:huelin_gorriz_2023,literature,principal,1097,1.32634,1.22407,1.43763,1,13.8232,12.4968,network,20,0
recipe:igata_2021,literature,all,1840,2.13424,2.01335,2.27449,2,20.8793,18.7451,burst,20,0
recipe:igata_2021,literature,principal,1840,1.47935,1.38765,1.58405,1,11.5326,10.0533,burst,20,0
recipe:igata_2021_ripples,literature,all,1769,0.0395704,-0.0906496,0.171671,0,17.294,17.2544,ripple,20,0
recipe:igata_2021_ripples,literature,principal,1769,0.013567,-0.0852147,0.110558,0,8.81063,8.79706,ripple,20,0
recipe:jadhav_2016,literature,all,1195,0.945607,0.801007,1.09819,0,18.8552,17.9096,ripple,20,0
recipe:jadhav_2016,literature,principal,1195,0.663598,0.56063,0.768155,0,10.1071,9.44351,ripple,20,0
recipe:ji_2007,literature,all,1411,-1.95748,-2.27018,-1.68999,-1,18.4111,20.3685,burst,20,0
recipe:ji_2007,literature,principal,1411,-1.29199,-1.50156,-1.11494,-1,10.0106,11.3026,burst,20,0
recipe:ji_2007_ripples,literature,all,10,1.4,-0.428571,3.66667,0.5,16.1,14.7,ripple,20,0
recipe:ji_2007_ripples,literature,principal,10,0.8,0,2.33333,0.5,7.8,7,ripple,20,0
recipe:kaefer_2020,literature,all,21,4.61905,2.89938,6.30455,4,24.3333,19.7143,ripple,20,0
recipe:kaefer_2020,literature,principal,21,3.80952,2.3,5.22736,4,14.381,10.5714,ripple,20,0
recipe:karlsson_2009,literature,all,1467,0.990457,0.858094,1.12725,0,18.6592,17.6687,ripple,20,0
recipe:karlsson_2009,literature,principal,1467,0.706203,0.612599,0.794663,0,9.93797,9.23177,ripple,20,0
recipe:krause_2022,literature,all,1349,-0.739807,-0.875573,-0.599361,-1,19.6538,20.3936,network,20,0
recipe:krause_2022,literature,principal,1349,-0.296516,-0.403892,-0.186227,0,11.0734,11.3699,network,20,0
recipe:krause_2022_hse,literature,all,1605,2.719,2.58655,2.85565,2,22.3695,19.6505,burst,20,0
recipe:krause_2022_hse,literature,principal,1605,2.04984,1.94216,2.16122,2,12.79,10.7402,burst,20,0
recipe:kudrimoti_1999,literature,all,49,-8.59184,-9.95787,-7.48075,-8,11.6939,20.2857,ripple,20,0
recipe:kudrimoti_1999,literature,principal,49,-5.89796,-7.0979,-4.94118,-5,5.42857,11.3265,ripple,20,0
recipe:lee_2002,literature,all,1854,4.49407,4.21808,4.77135,4,23.0787,18.5847,burst,20,0
recipe:lee_2002,literature,principal,1854,3.96224,3.72968,4.18198,3,13.9919,10.0297,burst,20,0
recipe:lee_2002_ripples,literature,all,162,-8.35802,-8.94307,-7.77484,-8,11.642,20,ripple,20,0
recipe:lee_2002_ripples,literature,principal,162,-5.64198,-6.1722,-5.08855,-6,5.33333,10.9753,ripple,20,0
recipe:liu_2019,literature,all,1666,9.45078,9.10421,9.8033,9,27.7773,18.3265,burst,20,0
recipe:liu_2019,literature,principal,1666,8.12725,7.8107,8.44616,7,17.9442,9.81693,burst,20,0
recipe:liu_2019_awake,literature,all,1666,9.45078,9.10421,9.8033,9,27.7773,18.3265,burst,20,0
recipe:liu_2019_awake,literature,principal,1666,8.12725,7.8107,8.44616,7,17.9442,9.81693,burst,20,0
recipe:liu_2023,literature,all,906,1.29581,1.15866,1.45741,1,23.1689,21.8731,network,20,0
recipe:liu_2023,literature,principal,906,1.0883,0.972035,1.22891,1,13.7594,12.6711,network,20,0
recipe:maboudi_2018,literature,all,1556,2.77121,2.63875,2.90677,2,22.6761,19.9049,burst,20,0
recipe:maboudi_2018,literature,principal,1556,2.09512,1.98729,2.20847,2,13.0835,10.9884,burst,20,0
recipe:maboudi_2018_open_field,literature,all,1448,0.904696,0.776149,1.04208,0,21.2935,20.3888,burst,20,0
recipe:maboudi_2018_open_field,literature,principal,1448,0.792818,0.705789,0.88995,0,12.5,11.7072,burst,20,0
recipe:mallory_2025,literature,all,1495,2.02074,1.87364,2.1645,1,22.1318,20.111,burst,20,0
recipe:mallory_2025,literature,principal,1495,1.53244,1.43053,1.64361,1,13.0221,11.4896,burst,20,0
recipe:mallory_2025_ripples,literature,all,1406,2.04623,1.90077,2.19948,1,19.9516,17.9054,ripple,20,0
recipe:mallory_2025_ripples,literature,principal,1406,1.4431,1.34101,1.54556,1,10.8364,9.39331,ripple,20,0
recipe:michon_2019,literature,all,554,0.564982,0.454541,0.692446,0,23.009,22.444,network,20,0
recipe:michon_2019,literature,principal,554,0.440433,0.323654,0.570928,0,13.4693,13.0289,network,20,0
recipe:michon_2021,literature,all,554,0.564982,0.454541,0.692446,0,23.009,22.444,network,20,0
recipe:michon_2021,literature,principal,554,0.440433,0.323654,0.570928,0,13.4693,13.0289,network,20,0
recipe:mou_2022,literature,all,1681,3.98215,3.60104,4.36242,3,23.3004,19.3183,burst,20,0
recipe:mou_2022,literature,principal,1681,3.1398,2.81451,3.46909,2,13.6175,10.4777,burst,20,0
recipe:muessig_2019,literature,all,220,-1.40909,-1.65347,-1.18058,-1,26.0318,27.4409,network,20,0
recipe:muessig_2019,literature,principal,220,-1.07727,-1.25556,-0.907027,-1,16.6909,17.7682,network,20,0
recipe:muessig_2019_ripples,literature,all,1790,0.724022,0.617584,0.830457,0,17.7994,17.0754,ripple,20,0
recipe:muessig_2019_ripples,literature,principal,1790,0.336872,0.261926,0.41408,0,9.00838,8.67151,ripple,20,0
recipe:nadasdy_1999,literature,all,949,-0.907271,-1.05076,-0.781658,-1,16.7429,17.6502,ripple,20,0
recipe:nadasdy_1999,literature,principal,949,-0.695469,-0.814263,-0.592588,0,8.53319,9.22866,ripple,20,0
recipe:olafsdottir_2015,literature,all,1307,1.08493,0.916841,1.25868,1,21.9158,20.8309,burst,20,0
recipe:olafsdottir_2015,literature,principal,1307,1.14843,1.03574,1.2675,1,13.2119,12.0635,burst,20,0
recipe:olafsdottir_2015.bayesian_candidates,literature,all,1176,1.19473,1.02679,1.36912,1,22.6607,21.466,burst,20,0
recipe:olafsdottir_2015.bayesian_candidates,literature,principal,1176,1.21088,1.08801,1.33936,1,13.818,12.6071,burst,20,0
recipe:olafsdottir_2016,literature,all,1098,-1.12659,-1.24126,-1.01418,-1,20.7878,21.9144,burst,20,0
recipe:olafsdottir_2016,literature,principal,1098,-0.667577,-0.744973,-0.589172,0,12.4035,13.071,burst,20,0
recipe:olafsdottir_2017,literature,all,1457,-1.60398,-1.73599,-1.48487,-1,18.6616,20.2656,burst,20,0
recipe:olafsdottir_2017,literature,principal,1457,-0.878518,-0.962019,-0.798648,0,10.6774,11.5559,burst,20,0
recipe:olafsdottir_2017.trajectory,literature,all,1098,-1.12659,-1.24126,-1.01418,-1,20.7878,21.9144,burst,20,0
recipe:olafsdottir_2017.trajectory,literature,principal,1098,-0.667577,-0.744973,-0.589172,0,12.4035,13.071,burst,20,0
recipe:pfeiffer_2013,literature,all,1448,0.904696,0.776149,1.04208,0,21.2935,20.3888,burst,20,0
recipe:pfeiffer_2013,literature,principal,1448,0.792818,0.705789,0.88995,0,12.5,11.7072,burst,20,0
recipe:pfeiffer_2013_ripples,literature,all,1476,2.2229,2.07656,2.3543,2,19.9898,17.7669,ripple,20,0
recipe:pfeiffer_2013_ripples,literature,principal,1476,1.57656,1.47572,1.66645,1,10.8896,9.31301,ripple,20,0
recipe:pfeiffer_2015,literature,all,1476,2.2229,2.07656,2.3543,2,19.9898,17.7669,ripple,20,0
recipe:pfeiffer_2015,literature,principal,1476,1.57656,1.47572,1.66645,1,10.8896,9.31301,ripple,20,0
recipe:shin_2019,literature,all,1467,0.990457,0.858094,1.12725,0,18.6592,17.6687,ripple,20,0
recipe:shin_2019,literature,principal,1467,0.706203,0.612599,0.794663,0,9.93797,9.23177,ripple,20,0
recipe:silva_2015,literature,all,1186,1.69224,1.56983,1.82252,1,23.1273,21.4351,burst,20,0
recipe:silva_2015,literature,principal,1186,1.33474,1.23927,1.43326,1,13.8272,12.4924,burst,20,0
recipe:stella_2019,literature,all,1339,-2.75131,-2.91485,-2.60465,-2,14.7356,17.4869,ripple,20,0
recipe:stella_2019,literature,principal,1339,-1.92756,-2.04385,-1.82877,-1,7.16804,9.09559,ripple,20,0
recipe:tang_2017,literature,all,1467,0.990457,0.858094,1.12725,0,18.6592,17.6687,ripple,20,0
recipe:tang_2017,literature,principal,1467,0.706203,0.612599,0.794663,0,9.93797,9.23177,ripple,20,0
recipe:tirole_2022,literature,all,1097,1.69644,1.57091,1.83824,1,23.4321,21.7356,network,20,0
recipe:tirole_2022,literature,principal,1097,1.32634,1.22407,1.43763,1,13.8232,12.4968,network,20,0
recipe:widloski_2025,literature,all,1033,9.21297,8.92575,9.49168,8,28.4017,19.1888,ripple,20,0
recipe:widloski_2025,literature,principal,1033,8.04356,7.77756,8.30511,7,18.4337,10.3901,ripple,20,0
recipe:widloski_2025_bursts,literature,all,1015,8.09261,7.74322,8.45419,7,30.1547,22.0621,burst,20,0
recipe:widloski_2025_bursts,literature,principal,1015,7.46207,7.1055,7.82832,7,20.1773,12.7153,burst,20,0
recipe:wikenheiser_2013,literature,all,1692,8.44563,7.98985,8.92577,8,25.3717,16.9261,ripple,20,0
recipe:wikenheiser_2013,literature,principal,1692,6.99586,6.57905,7.42676,6,15.49,8.49409,ripple,20,0
recipe:wu_2014,literature,all,1672,2.05622,1.91471,2.19723,1,21.4677,19.4115,burst,20,0
recipe:wu_2014,literature,principal,1672,1.55801,1.44755,1.67272,1,12.3547,10.7967,burst,20,0
recipe:wu_2017,literature,all,1052,-1.13213,-1.28201,-0.982114,-1,20.1492,21.2814,burst,20,0
recipe:wu_2017,literature,principal,1052,-0.925856,-1.04813,-0.803107,0,11.211,12.1369,burst,20,0
recipe:xu_2019,literature,all,1479,2.49493,2.34482,2.64856,2,22.7059,20.211,burst,20,0
recipe:xu_2019,literature,principal,1479,2.03786,1.92828,2.16403,2,13.5889,11.551,burst,20,0
recipe:yamamoto_2017,literature,all,1220,-4.23852,-4.45205,-4.01213,-3,16.4402,20.6787,network,20,0
recipe:yamamoto_2017,literature,principal,1220,-3.01967,-3.18417,-2.85955,-2,8.57131,11.591,network,20,0
recipe:yang_2024,literature,all,906,1.86203,1.70937,2.04429,1,23.4437,21.5817,network,20,0
recipe:yang_2024,literature,principal,906,1.58168,1.4415,1.74532,1,14.032,12.4503,network,20,0
