kind,statement,source,method,scoring,condition_id,value,low,high,p,spot_condition,spot_method_a,spot_setting_a,spot_method_b,spot_setting_b,spot_selection
robustness,"recipe:wu_2014_ripples's recall against ripple by peak containment changes by -0.894 (-0.911, -0.878) from the reference to noise_type=brown.",robustness_recall,recipe:wu_2014_ripples,peak_containment,noise_type=brown,-0.894118,-0.911194,-0.877506,0.00195312,noise_type=brown,recipe:wu_2014_ripples,literature,,,missed
robustness,"recipe:carey_2019's recall against network changes by -0.826 (-0.844, -0.806) from the reference to n_units=120.",robustness_recall,recipe:carey_2019,interval,n_units=120,-0.825688,-0.843953,-0.806478,0.00195312,n_units=120,recipe:carey_2019,literature,,,missed
robustness,"recipe:olafsdottir_2016's recall against burst changes by -0.478 (-0.526, -0.438) from the reference to participation=low.",robustness_recall,recipe:olafsdottir_2016,interval,participation=low,-0.477505,-0.525583,-0.437925,0.00195312,participation=low,recipe:olafsdottir_2016,literature,,,missed
robustness,"recipe:olafsdottir_2015.bayesian_candidates's recall against burst changes by -0.465 (-0.494, -0.434) from the reference to n_units=30.",robustness_recall,recipe:olafsdottir_2015.bayesian_candidates,interval,n_units=30,-0.465235,-0.4942,-0.434116,0.00195312,n_units=30,recipe:olafsdottir_2015.bayesian_candidates,literature,,,missed
robustness,"recipe:stella_2019's recall against ripple changes by -0.447 (-0.475, -0.417) from the reference to ripple_snr=low.",robustness_recall,recipe:stella_2019,interval,ripple_snr=low,-0.447059,-0.475186,-0.417398,0.00195312,ripple_snr=low,recipe:stella_2019,literature,,,missed
robustness,"recipe:carey_2019's recall against network changes by -0.447 (-0.474, -0.420) from the reference to slow_amplitude=0.",robustness_recall,recipe:carey_2019,interval,slow_amplitude=0,-0.446789,-0.474487,-0.420308,0.00195312,slow_amplitude=0,recipe:carey_2019,literature,,,missed
robustness,"recipe:nadasdy_1999's recall against ripple changes by -0.440 (-0.468, -0.417) from the reference to spatial_profile=local.",robustness_recall,recipe:nadasdy_1999,interval,spatial_profile=local,-0.440196,-0.467761,-0.417373,0.00195312,spatial_profile=local,recipe:nadasdy_1999,literature,,,missed
robustness,"recipe:widloski_2025's recall against ripple changes by -0.347 (-0.371, -0.323) from the reference to noise_modulation=varying.",robustness_recall,recipe:widloski_2025,interval,noise_modulation=varying,-0.347059,-0.371429,-0.323229,0.00195312,noise_modulation=varying,recipe:widloski_2025,literature,,,missed
robustness,"recipe:foster_2006_ripples's recall against ripple changes by +0.337 (+0.310, +0.363) from the reference to ripple_snr=high.",robustness_recall,recipe:foster_2006_ripples,interval,ripple_snr=high,0.337255,0.309647,0.362606,0.00195312,ripple_snr=high,recipe:foster_2006_ripples,literature,,,found
robustness,"recipe:foster_2006's recall against burst changes by +0.321 (+0.292, +0.347) from the reference to participation=high.",robustness_recall,recipe:foster_2006,interval,participation=high,0.321063,0.29244,0.346559,0.00195312,participation=high,recipe:foster_2006,literature,,,found
robustness,"recipe:krause_2022's recall against network changes by +0.263 (+0.239, +0.287) from the reference to type_mix=swr_only.",robustness_recall,recipe:krause_2022,interval,type_mix=swr_only,0.263303,0.238743,0.287042,0.00195312,type_mix=swr_only,recipe:krause_2022,literature,,,found
robustness,"recipe:gupta_2010's recall against ripple changes by -0.214 (-0.243, -0.188) from the reference to n_channels=1.",robustness_recall,recipe:gupta_2010,interval,n_channels=1,-0.213725,-0.242641,-0.187667,0.00195312,n_channels=1,recipe:gupta_2010,literature,,,missed
model_order_reversal,"At 1 false positives a minute, Karlsson_ripple_detector minus Roumis_ripple_detector in recall is -0.114 in the reference and +0.189 under spatial_profile=local (reversed in 100% of resamples).",model_sensitivity_orders,Karlsson_ripple_detector Roumis_ripple_detector,interval,spatial_profile=local,0.189197,0.106015,0.207924,,spatial_profile=local,Karlsson_ripple_detector,3.5,Roumis_ripple_detector,3.0,missed
model_order_reversal,"At 5 false positives a minute, Karlsson_ripple_detector minus Yu_ripple_detector in recall is -0.046 in the reference and +0.213 under spatial_profile=local (reversed in 100% of resamples).",model_sensitivity_orders,Karlsson_ripple_detector Yu_ripple_detector,interval,spatial_profile=local,0.212975,0.185355,0.235609,,spatial_profile=local,Karlsson_ripple_detector,2.5,Yu_ripple_detector,99.999,missed
model_order_reversal,"At 2 false positives a minute, Karlsson_ripple_detector minus Roumis_ripple_detector in recall is -0.073 in the reference and +0.179 under spatial_profile=local (reversed in 100% of resamples).",model_sensitivity_orders,Karlsson_ripple_detector Roumis_ripple_detector,interval,spatial_profile=local,0.179462,0.169816,0.187864,,spatial_profile=local,Karlsson_ripple_detector,3.0,Roumis_ripple_detector,2.5,missed
model_order_reversal,"At 5 false positives a minute, Karlsson_ripple_detector minus Roumis_ripple_detector in recall is -0.052 in the reference and +0.133 under spatial_profile=local (reversed in 100% of resamples).",model_sensitivity_orders,Karlsson_ripple_detector Roumis_ripple_detector,interval,spatial_profile=local,0.133497,0.108214,0.155305,,spatial_profile=local,Karlsson_ripple_detector,2.5,Roumis_ripple_detector,2.0,missed
model_order_reversal,"At 1 false positives a minute, Karlsson_ripple_detector minus Kay_ripple_detector in recall is -0.114 in the reference and +0.074 under spatial_profile=local (reversed in 98% of resamples).",model_sensitivity_orders,Karlsson_ripple_detector Kay_ripple_detector,interval,spatial_profile=local,0.0739316,0.00190953,0.0930552,,spatial_profile=local,Karlsson_ripple_detector,3.5,Kay_ripple_detector,3.0,missed
model_order_reversal,"At 1 false positives a minute, Roumis_ripple_detector minus Shvartsman_ripple_detector in recall is +0.036 in the reference and -0.127 under spatial_profile=local (reversed in 100% of resamples).",model_sensitivity_orders,Roumis_ripple_detector Shvartsman_ripple_detector,interval,spatial_profile=local,-0.126896,-0.141755,-0.111623,,spatial_profile=local,Roumis_ripple_detector,3.0,Shvartsman_ripple_detector,2.5,missed
model_order_reversal,"At 5 false positives a minute, Shvartsman_ripple_detector minus Yu_ripple_detector in recall is -0.030 in the reference and +0.131 under spatial_profile=local (reversed in 100% of resamples).",model_sensitivity_orders,Shvartsman_ripple_detector Yu_ripple_detector,interval,spatial_profile=local,0.130825,0.109921,0.146646,,spatial_profile=local,Shvartsman_ripple_detector,2.0,Yu_ripple_detector,99.999,missed
model_order_reversal,"At 2 false positives a minute, Karlsson_ripple_detector minus Kay_ripple_detector in recall is -0.072 in the reference and +0.073 under spatial_profile=local (reversed in 100% of resamples).",model_sensitivity_orders,Karlsson_ripple_detector Kay_ripple_detector,interval,spatial_profile=local,0.0726785,0.0597494,0.084648,,spatial_profile=local,Karlsson_ripple_detector,3.0,Kay_ripple_detector,2.5,missed
model_order_reversal,"At 2 false positives a minute, Roumis_ripple_detector minus Shvartsman_ripple_detector in recall is +0.034 in the reference and -0.108 under spatial_profile=local (reversed in 100% of resamples).",model_sensitivity_orders,Roumis_ripple_detector Shvartsman_ripple_detector,interval,spatial_profile=local,-0.108455,-0.118875,-0.0950942,,spatial_profile=local,Roumis_ripple_detector,2.5,Shvartsman_ripple_detector,2.0,missed
model_order_reversal,"At 2 false positives a minute, Karlsson_ripple_detector minus Shvartsman_ripple_detector in recall is -0.039 in the reference and +0.071 under spatial_profile=local (reversed in 100% of resamples).",model_sensitivity_orders,Karlsson_ripple_detector Shvartsman_ripple_detector,interval,spatial_profile=local,0.0710066,0.0603397,0.0860153,,spatial_profile=local,Karlsson_ripple_detector,3.0,Shvartsman_ripple_detector,2.0,missed
model_order_reversal,"At 5 false positives a minute, Karlsson_ripple_detector minus Kay_ripple_detector in recall is -0.052 in the reference and +0.057 under spatial_profile=local (reversed in 100% of resamples).",model_sensitivity_orders,Karlsson_ripple_detector Kay_ripple_detector,interval,spatial_profile=local,0.0572281,0.0420125,0.0726443,,spatial_profile=local,Karlsson_ripple_detector,2.5,Kay_ripple_detector,2.0,missed
model_order_reversal,"At 5 false positives a minute, Karlsson_ripple_detector minus Shvartsman_ripple_detector in recall is -0.016 in the reference and +0.082 under spatial_profile=local (reversed in 100% of resamples).",model_sensitivity_orders,Karlsson_ripple_detector Shvartsman_ripple_detector,interval,spatial_profile=local,0.0821503,0.0673549,0.0966018,,spatial_profile=local,Karlsson_ripple_detector,2.5,Shvartsman_ripple_detector,2.0,missed
model_change,"recipe:nadasdy_1999's recall changes by -0.440 (-0.468, -0.417) under spatial_profile=local.",model_sensitivity,recipe:nadasdy_1999,interval,spatial_profile=local,-0.440196,-0.467761,-0.417373,0.00195312,spatial_profile=local,recipe:nadasdy_1999,literature,,,missed
model_change,"recipe:widloski_2025's recall changes by -0.347 (-0.371, -0.323) under noise_modulation=varying.",model_sensitivity,recipe:widloski_2025,interval,noise_modulation=varying,-0.347059,-0.371429,-0.323229,0.00195312,noise_modulation=varying,recipe:widloski_2025,literature,,,missed
model_change,"recipe:silva_2015's recall changes by -0.079 (-0.096, -0.055) under envelope_power=quartic.",model_sensitivity,recipe:silva_2015,interval,envelope_power=quartic,-0.0787321,-0.095823,-0.0552763,0.00195312,envelope_power=quartic,recipe:silva_2015,literature,,,missed
model_change,"recipe:xu_2019's recall changes by +0.031 (+0.001, +0.061) under spike_model=refractory.",model_sensitivity,recipe:xu_2019,interval,spike_model=refractory,0.0306748,0.00104161,0.0606654,0.111328,spike_model=refractory,recipe:xu_2019,literature,,,found
model_change,"recipe:gupta_2010's recall changes by -0.029 (-0.049, -0.008) under strength_correlation=coupled.",model_sensitivity,recipe:gupta_2010,interval,strength_correlation=coupled,-0.0294118,-0.0488068,-0.00804,0.0390625,strength_correlation=coupled,recipe:gupta_2010,literature,,,missed
model_change,"Zugaro_ripple_detector's recall changes by -0.344 (-0.382, -0.309) under spatial_profile=local.",model_sensitivity,Zugaro_ripple_detector,interval,spatial_profile=local,-0.344118,-0.381815,-0.309408,0.00195312,spatial_profile=local,Zugaro_ripple_detector,default,,,missed
model_change,"recipe:nadasdy_1999's recall changes by -0.112 (-0.127, -0.098) under noise_modulation=varying.",model_sensitivity,recipe:nadasdy_1999,interval,noise_modulation=varying,-0.111765,-0.12688,-0.0983264,0.00195312,noise_modulation=varying,recipe:nadasdy_1999,literature,,,missed
model_change,"recipe:farooq_2019_neuron's recall changes by -0.065 (-0.091, -0.039) under envelope_power=quartic.",model_sensitivity,recipe:farooq_2019_neuron,interval,envelope_power=quartic,-0.0654397,-0.0906183,-0.0394135,0.00390625,envelope_power=quartic,recipe:farooq_2019_neuron,literature,,,missed
model_change,"recipe:mallory_2025's recall changes by +0.030 (+0.006, +0.053) under spike_model=refractory.",model_sensitivity,recipe:mallory_2025,interval,spike_model=refractory,0.0296524,0.00618851,0.0533063,0.0546875,spike_model=refractory,recipe:mallory_2025,literature,,,found
model_change,"recipe:grosmark_2016's recall changes by +0.029 (+0.014, +0.045) under strength_correlation=coupled.",model_sensitivity,recipe:grosmark_2016,interval,strength_correlation=coupled,0.0293578,0.0135652,0.0452567,0.015625,strength_correlation=coupled,recipe:grosmark_2016,literature,,,found
model_change,"recipe:harvey_2023_text's recall changes by -0.338 (-0.368, -0.311) under spatial_profile=local.",model_sensitivity,recipe:harvey_2023_text,interval,spatial_profile=local,-0.338235,-0.368153,-0.311473,0.00195312,spatial_profile=local,recipe:harvey_2023_text,literature,,,missed
model_change,"recipe:wikenheiser_2013's recall changes by -0.111 (-0.131, -0.090) under noise_modulation=varying.",model_sensitivity,recipe:wikenheiser_2013,interval,noise_modulation=varying,-0.110784,-0.131197,-0.0897662,0.00195312,noise_modulation=varying,recipe:wikenheiser_2013,literature,,,missed
matching_rank,recipe:lee_2002's rank by recall among burst methods moves from 1 at IoU 0 to 28 at 0.5 (descriptive: ranks carry no interval or test).,matching_sensitivity,recipe:lee_2002,interval,reference,27,,,,reference,recipe:lee_2002,literature,,,found
matching_rank,recipe:liu_2019's rank by recall among burst methods moves from 8 at IoU 0 to 33 at 0.5 (descriptive: ranks carry no interval or test).,matching_sensitivity,recipe:liu_2019,interval,reference,25,,,,reference,recipe:liu_2019,literature,,,found
matching_rank,recipe:liu_2019_awake's rank by recall among burst methods moves from 8 at IoU 0 to 33 at 0.5 (descriptive: ranks carry no interval or test).,matching_sensitivity,recipe:liu_2019_awake,interval,reference,25,,,,reference,recipe:liu_2019_awake,literature,,,found
matching_rank,recipe:wikenheiser_2013's rank by recall among ripple methods moves from 4 at IoU 0 to 29 at 0.5 (descriptive: ranks carry no interval or test).,matching_sensitivity,recipe:wikenheiser_2013,interval,reference,25,,,,reference,recipe:wikenheiser_2013,literature,,,found
matching_rank,recipe:mou_2022's rank by recall among burst methods moves from 6 at IoU 0 to 27 at 0.5 (descriptive: ranks carry no interval or test).,matching_sensitivity,recipe:mou_2022,interval,reference,21,,,,reference,recipe:mou_2022,literature,,,found
matching_rank,recipe:maboudi_2018_open_field's rank by recall among burst methods moves from 18 at IoU 0 to 6 at 0.5 (descriptive: ranks carry no interval or test).,matching_sensitivity,recipe:maboudi_2018_open_field,interval,reference,-12,,,,reference,recipe:maboudi_2018_open_field,literature,,,found
matching_rank,recipe:pfeiffer_2013's rank by recall among burst methods moves from 18 at IoU 0 to 6 at 0.5 (descriptive: ranks carry no interval or test).,matching_sensitivity,recipe:pfeiffer_2013,interval,reference,-12,,,,reference,recipe:pfeiffer_2013,literature,,,found
matching_rank,recipe:bendor_2012's rank by recall among burst methods moves from 23 at IoU 0 to 12 at 0.5 (descriptive: ranks carry no interval or test).,matching_sensitivity,recipe:bendor_2012,interval,reference,-11,,,,reference,recipe:bendor_2012,literature,,,found
matching_rank,recipe:bush_2022's rank by recall among burst methods moves from 25 at IoU 0 to 15 at 0.5 (descriptive: ranks carry no interval or test).,matching_sensitivity,recipe:bush_2022,interval,reference,-10,,,,reference,recipe:bush_2022,literature,,,found
matching_rank,recipe:krause_2022_hse's rank by recall among burst methods moves from 11 at IoU 0 to 21 at 0.5 (descriptive: ranks carry no interval or test).,matching_sensitivity,recipe:krause_2022_hse,interval,reference,10,,,,reference,recipe:krause_2022_hse,literature,,,found
matching_rank,recipe:maboudi_2018's rank by recall among burst methods moves from 12 at IoU 0 to 22 at 0.5 (descriptive: ranks carry no interval or test).,matching_sensitivity,recipe:maboudi_2018,interval,reference,10,,,,reference,recipe:maboudi_2018,literature,,,found
matching_rank,recipe:drieu_2018's rank by recall among burst methods moves from 14 at IoU 0 to 5 at 0.5 (descriptive: ranks carry no interval or test).,matching_sensitivity,recipe:drieu_2018,interval,reference,-9,,,,reference,recipe:drieu_2018,literature,,,found
participation_bias,"The true events recipe:foster_2006 finds recruit 1.49 (1.45, 1.53) times as many cells on average as all true events.",participation_bias,recipe:foster_2006,interval,reference,1.49109,1.45157,1.53432,,reference,recipe:foster_2006,literature,,,missed
participation_bias,"The true events recipe:muessig_2019 finds recruit 1.46 (1.42, 1.51) times as many cells on average as all true events.",participation_bias,recipe:muessig_2019,interval,reference,1.46275,1.41512,1.51433,,reference,recipe:muessig_2019,literature,,,missed
participation_bias,"The true events recipe:diba_2007 finds recruit 1.41 (1.38, 1.45) times as many cells on average as all true events.",participation_bias,recipe:diba_2007,interval,reference,1.41252,1.37603,1.45112,,reference,recipe:diba_2007,literature,,,missed
participation_bias,"The true events recipe:farooq_2019_science finds recruit 1.34 (1.30, 1.38) times as many cells on average as all true events.",participation_bias,recipe:farooq_2019_science,interval,reference,1.33732,1.29772,1.3776,,reference,recipe:farooq_2019_science,literature,,,missed
participation_bias,"The true events recipe:farooq_2019_science_awake finds recruit 1.34 (1.30, 1.38) times as many cells on average as all true events.",participation_bias,recipe:farooq_2019_science_awake,interval,reference,1.33732,1.29772,1.3776,,reference,recipe:farooq_2019_science_awake,literature,,,missed
participation_bias,"The true events recipe:farooq_2019_neuron finds recruit 1.33 (1.29, 1.37) times as many cells on average as all true events.",participation_bias,recipe:farooq_2019_neuron,interval,reference,1.33261,1.2931,1.37399,,reference,recipe:farooq_2019_neuron,literature,,,missed
participation_bias,"The true events recipe:olafsdottir_2016 finds recruit 1.29 (1.26, 1.31) times as many cells on average as all true events.",participation_bias,recipe:olafsdottir_2016,interval,reference,1.28542,1.25821,1.31262,,reference,recipe:olafsdottir_2016,literature,,,missed
participation_bias,"The true events recipe:olafsdottir_2017.trajectory finds recruit 1.29 (1.26, 1.31) times as many cells on average as all true events.",participation_bias,recipe:olafsdottir_2017.trajectory,interval,reference,1.28542,1.25821,1.31262,,reference,recipe:olafsdottir_2017.trajectory,literature,,,missed
participation_bias,"The true events recipe:bush_2022 finds recruit 1.25 (1.23, 1.28) times as many cells on average as all true events.",participation_bias,recipe:bush_2022,interval,reference,1.25257,1.22795,1.27687,,reference,recipe:bush_2022,literature,,,missed
participation_bias,"The true events recipe:bhattarai_2020 finds recruit 1.25 (1.22, 1.27) times as many cells on average as all true events.",participation_bias,recipe:bhattarai_2020,interval,reference,1.24518,1.22027,1.27293,,reference,recipe:bhattarai_2020,literature,,,missed
participation_bias,"The true events recipe:olafsdottir_2015.bayesian_candidates finds recruit 1.24 (1.22, 1.26) times as many cells on average as all true events.",participation_bias,recipe:olafsdottir_2015.bayesian_candidates,interval,reference,1.24162,1.21749,1.26491,,reference,recipe:olafsdottir_2015.bayesian_candidates,literature,,,missed
participation_bias,"The true events recipe:bhattarai_2020_ripples finds recruit 1.24 (1.22, 1.26) times as many cells on average as all true events.",participation_bias,recipe:bhattarai_2020_ripples,interval,reference,1.23734,1.21622,1.26146,,reference,recipe:bhattarai_2020_ripples,literature,,,missed
boundary_effect,"recipe:liu_2019's bounds change the principal units counted active in a true event by +8.13 (+7.81, +8.45) on average.",boundary_effect,recipe:liu_2019,interval,reference,8.12725,7.8107,8.44616,,reference,recipe:liu_2019,literature,,,found
boundary_effect,"recipe:liu_2019_awake's bounds change the principal units counted active in a true event by +8.13 (+7.81, +8.45) on average.",boundary_effect,recipe:liu_2019_awake,interval,reference,8.12725,7.8107,8.44616,,reference,recipe:liu_2019_awake,literature,,,found
boundary_effect,"recipe:widloski_2025's bounds change the principal units counted active in a true event by +8.04 (+7.78, +8.31) on average.",boundary_effect,recipe:widloski_2025,interval,reference,8.04356,7.77756,8.30511,,reference,recipe:widloski_2025,literature,,,found
boundary_effect,"recipe:widloski_2025_bursts's bounds change the principal units counted active in a true event by +7.46 (+7.11, +7.83) on average.",boundary_effect,recipe:widloski_2025_bursts,interval,reference,7.46207,7.1055,7.82832,,reference,recipe:widloski_2025_bursts,literature,,,found
boundary_effect,"recipe:wikenheiser_2013's bounds change the principal units counted active in a true event by +7.00 (+6.58, +7.43) on average.",boundary_effect,recipe:wikenheiser_2013,interval,reference,6.99586,6.57905,7.42676,,reference,recipe:wikenheiser_2013,literature,,,found
boundary_effect,"recipe:kudrimoti_1999's bounds change the principal units counted active in a true event by -5.90 (-7.10, -4.94) on average.",boundary_effect,recipe:kudrimoti_1999,interval,reference,-5.89796,-7.0979,-4.94118,,reference,recipe:kudrimoti_1999,literature,,,found
boundary_effect,"recipe:foster_2006_ripples's bounds change the principal units counted active in a true event by -5.64 (-6.17, -5.09) on average.",boundary_effect,recipe:foster_2006_ripples,interval,reference,-5.64198,-6.1722,-5.08855,,reference,recipe:foster_2006_ripples,literature,,,found
boundary_effect,"recipe:lee_2002_ripples's bounds change the principal units counted active in a true event by -5.64 (-6.17, -5.09) on average.",boundary_effect,recipe:lee_2002_ripples,interval,reference,-5.64198,-6.1722,-5.08855,,reference,recipe:lee_2002_ripples,literature,,,found
boundary_effect,"recipe:lee_2002's bounds change the principal units counted active in a true event by +3.96 (+3.73, +4.18) on average.",boundary_effect,recipe:lee_2002,interval,reference,3.96224,3.72968,4.18198,,reference,recipe:lee_2002,literature,,,found
boundary_effect,"recipe:kaefer_2020's bounds change the principal units counted active in a true event by +3.81 (+2.30, +5.23) on average.",boundary_effect,recipe:kaefer_2020,interval,reference,3.80952,2.3,5.22736,,reference,recipe:kaefer_2020,literature,,,found
boundary_effect,"recipe:diba_2007's bounds change the principal units counted active in a true event by +3.27 (+3.08, +3.44) on average.",boundary_effect,recipe:diba_2007,interval,reference,3.26721,3.08067,3.43683,,reference,recipe:diba_2007,literature,,,found
boundary_effect,"recipe:mou_2022's bounds change the principal units counted active in a true event by +3.14 (+2.81, +3.47) on average.",boundary_effect,recipe:mou_2022,interval,reference,3.1398,2.81451,3.46909,,reference,recipe:mou_2022,literature,,,found
operating_order,"At 1 false positive a minute against ripple, Roumis_ripple_detector has the highest recall, 0.786 (0.766, 0.804); next Kay_ripple_detector, 0.784 (0.762, 0.802); Roumis_ripple_detector minus Kay_ripple_detector +0.002 (-0.002, +0.008), bootstrap p 0.29 (approximate, from the interval's 2000 resamples) over 20 sessions, paired. Long_sharp_wave_ripple_detector, Yu_ripple_detector do not reach 1 false positive a minute.",operating_differences,Roumis_ripple_detector,interval,reference,0.00188455,-0.0018154,0.00755813,0.29,reference,Roumis_ripple_detector,2.5,Kay_ripple_detector,2.5,missed
