primary_expression,method,members,n_members,stand_in_inputs,n_sessions,n_failures,n_reference,n_detected,n_matched_iou0,recall_iou0,recall_iou0_low,recall_iou0_high,precision_iou0,precision_iou0_low,precision_iou0_high,n_matched_iou0.5,recall_iou0.5,recall_iou0.5_low,recall_iou0.5_high,precision_iou0.5,precision_iou0.5_low,precision_iou0.5_high,n_unmatched,minutes,unmatched_per_minute,unmatched_per_minute_low,unmatched_per_minute_high,n_unmatched_rest,rest_minutes,unmatched_rest_per_rest_minute,unmatched_rest_per_rest_minute_low,unmatched_rest_per_rest_minute_high,n_unmatched_running,running_minutes,n_pairs,onset_error_10,onset_error_10_low,onset_error_10_high,offset_error_10,offset_error_10_low,offset_error_10_high,onset_error_50,onset_error_50_low,onset_error_50_high,offset_error_50,offset_error_50_low,offset_error_50_high
burst,multiunit_HSE_detector,multiunit_HSE_detector,1,,20,0,1962,5406,1833,0.934251,0.924211,0.944532,0.339068,0.322013,0.356986,1399,0.713048,0.697264,0.728787,0.258787,0.243846,0.274809,3573,195.579,18.2688,17.3373,19.1521,3209,131.387,24.424,23.1431,25.6033,364,64.1919,1833,-0.021086,-0.0222665,-0.0198251,0.0191263,0.0172981,0.0206797,-0.0430167,-0.0446925,-0.04154,0.0496303,0.0477162,0.0525691
burst,recipe:bendor_2012,recipe:bendor_2012,1,,20,0,1962,1393,1306,0.665647,0.642752,0.68864,0.937545,0.922967,0.950495,1202,0.61264,0.591582,0.635322,0.862886,0.844814,0.881815,87,195.579,0.444833,0.347884,0.546884,84,131.387,0.639331,0.495835,0.791094,3,64.1919,1306,0.0107418,0.00974898,0.011671,-0.0181109,-0.0194529,-0.0164337,-0.0117972,-0.0127043,-0.0111424,0.0132861,0.0122308,0.0141364
burst,recipe:berners_lee_2022,recipe:berners_lee_2022,1,,20,0,1962,1577,1305,0.665138,0.646858,0.686078,0.827521,0.81007,0.846396,1145,0.583588,0.562466,0.604456,0.726062,0.702982,0.749844,272,195.579,1.39074,1.23228,1.55337,248,131.387,1.88755,1.6623,2.10579,24,64.1919,1305,-0.0142665,-0.0159475,-0.0113736,0.012016,0.010174,0.0130648,-0.0392015,-0.0415672,-0.0369384,0.0455553,0.0439439,0.0470497
burst,recipe:bush_2022,recipe:bush_2022,1,pyramidal,20,0,1962,1396,1230,0.626911,0.605036,0.65008,0.881089,0.863023,0.898317,1165,0.593782,0.569795,0.620021,0.834527,0.813365,0.854954,166,195.579,0.848761,0.721435,0.981139,137,131.387,1.04272,0.882207,1.216,29,64.1919,1230,0.0011896,0.000141517,0.0024999,-0.00392797,-0.00503034,-0.00250753,-0.0219972,-0.0229816,-0.0207216,0.0269011,0.0258464,0.0279076
burst,recipe:chenani_2019,recipe:chenani_2019,1,place_cells behavior_intervals,20,0,1962,1468,1323,0.674312,0.657602,0.69168,0.901226,0.884383,0.917576,1176,0.599388,0.582683,0.616517,0.80109,0.781828,0.820179,145,195.579,0.741388,0.613509,0.879581,145,131.387,1.10361,0.911808,1.31103,0,64.1919,1323,-0.0198358,-0.0213831,-0.0186101,0.0154478,0.0145477,0.0166006,-0.0431102,-0.0444012,-0.0422866,0.0459255,0.0448694,0.0474738
burst,recipe:davidson_2009,recipe:davidson_2009,1,,20,0,1962,2033,1554,0.792049,0.775789,0.80818,0.764388,0.741494,0.787929,1236,0.629969,0.614906,0.644836,0.607969,0.583575,0.632074,479,195.579,2.44914,2.17922,2.72265,432,131.387,3.28799,2.92499,3.64734,47,64.1919,1554,-0.0205316,-0.0216794,-0.0189375,0.018037,0.0163929,0.0202313,-0.0428963,-0.0443253,-0.0412471,0.0491085,0.0470654,0.0527274
burst,recipe:denovellis_2021_mua,recipe:denovellis_2021_mua,1,,20,0,1962,5409,1832,0.933741,0.923965,0.943597,0.338695,0.321278,0.356769,1402,0.714577,0.696835,0.732135,0.259198,0.24422,0.275302,3577,195.579,18.2893,17.3521,19.1854,3211,131.387,24.4392,23.1468,25.6538,366,64.1919,1832,-0.0211043,-0.0223841,-0.0197038,0.0191545,0.0174612,0.0208611,-0.042983,-0.0448194,-0.0415864,0.0495757,0.0479557,0.0521594
burst,recipe:diba_2007,recipe:diba_2007,1,place_cells behavior_intervals,20,0,1962,499,494,0.251784,0.230652,0.273773,0.98998,0.980972,0.996357,138,0.0703364,0.0611015,0.0794337,0.276553,0.251419,0.302044,5,195.579,0.0255651,0.0102152,0.046015,5,131.387,0.0380554,0.0150893,0.0685011,0,64.1919,494,-0.0705893,-0.0832794,-0.0586936,0.0790515,0.0674034,0.0918822,-0.095858,-0.109676,-0.0876279,0.118889,0.104399,0.131115
burst,recipe:drieu_2018,recipe:drieu_2018,1,place_cells sleep_intervals,20,0,1962,3137,1516,0.772681,0.757402,0.787465,0.483264,0.461222,0.504874,1392,0.70948,0.693039,0.725491,0.443736,0.422714,0.464469,1621,195.579,8.2882,7.78933,8.86768,1621,131.387,12.3376,11.5733,13.2166,0,64.1919,1516,-0.00512186,-0.00629624,-0.00402579,0.00239189,0.00108934,0.00369654,-0.0272806,-0.0285655,-0.0262099,0.0302541,0.0291808,0.031897
burst,recipe:farooq_2019_neuron,recipe:farooq_2019_neuron,1,pyramidal sleep_intervals,20,0,1962,554,553,0.281855,0.259614,0.306177,0.998195,0.994555,1,548,0.279307,0.257455,0.303003,0.98917,0.978547,0.998145,1,195.579,0.00511302,0,0.0153466,1,131.387,0.00761108,0,0.023014,0,64.1919,553,0.0108739,0.00927235,0.0127362,-0.0164029,-0.0184064,-0.0143733,-0.019897,-0.0211369,-0.0181172,0.0234454,0.0217418,0.025096
burst,recipe:farooq_2019_science,recipe:farooq_2019_science recipe:farooq_2019_science_awake,2,recipe:farooq_2019_science (pyramidal place_cells sleep_intervals); recipe:farooq_2019_science_awake (pyramidal place_cells behavior_intervals),20,0,1962,549,549,0.279817,0.257885,0.303748,1,1,1,544,0.277268,0.255934,0.300107,0.990893,0.981718,0.998168,0,195.579,0,0,0,0,131.387,0,0,0,0,64.1919,549,0.0108739,0.00927483,0.0127519,-0.0164029,-0.0184413,-0.0143541,-0.0198992,-0.0211778,-0.0182704,0.0234454,0.0217418,0.0250999
burst,recipe:foster_2006,recipe:foster_2006,1,place_cells behavior_intervals,20,0,1962,298,298,0.151886,0.130303,0.172791,1,1,1,266,0.135576,0.11544,0.155708,0.892617,0.867105,0.917808,0,195.579,0,0,0,0,131.387,0,0,0,0,64.1919,298,-0.00292905,-0.00633144,-0.000480895,0.00553233,-0.00112171,0.0102834,-0.0383087,-0.0411692,-0.0333688,0.0467698,0.0402641,0.0525469
burst,recipe:gillespie_2021_mua,recipe:gillespie_2021_mua,1,,20,0,1962,2090,1609,0.820082,0.80737,0.832985,0.769856,0.746205,0.793584,1278,0.651376,0.632432,0.669446,0.611483,0.586965,0.634938,481,195.579,2.45936,2.19389,2.72853,439,131.387,3.34127,2.98434,3.69277,42,64.1919,1609,-0.02062,-0.0216191,-0.0191476,0.0181888,0.016542,0.020287,-0.0429024,-0.0444149,-0.0413681,0.0492527,0.0472135,0.0528127
burst,recipe:gridchyn_2020,recipe:gridchyn_2020,1,baseline_intervals,20,0,1962,10291,1759,0.896534,0.884615,0.907621,0.170926,0.163559,0.178392,1484,0.756371,0.734779,0.776411,0.144204,0.137,0.150957,8532,195.579,43.6243,42.8873,44.3442,5757,131.387,43.817,42.9903,44.68,2775,64.1919,1759,0.0115721,0.00999495,0.0127021,3.07448e-05,-0.00155355,0.00141627,-0.0089885,-0.0104504,-0.00700321,0.0272962,0.0257176,0.0291333
burst,recipe:igata_2021,recipe:igata_2021,1,,20,0,1962,7432,1840,0.937819,0.927919,0.947789,0.247578,0.233003,0.262193,1420,0.723751,0.707561,0.73931,0.191066,0.178165,0.203907,5592,195.579,28.592,27.1597,30.0597,3742,131.387,28.4807,26.9797,29.958,1850,64.1919,1840,-0.0205692,-0.0219333,-0.0189843,0.0179595,0.0165438,0.0197883,-0.0424442,-0.0440692,-0.0411427,0.0486204,0.0462441,0.0513735
burst,recipe:ji_2007,recipe:ji_2007,1,sleep_intervals,20,0,1962,1552,1411,0.719164,0.656132,0.771091,0.909149,0.886305,0.93106,1099,0.560143,0.492805,0.62248,0.708119,0.677373,0.734944,141,195.579,0.720936,0.516017,0.93002,141,131.387,1.07316,0.764137,1.38413,0,64.1919,1411,0.0145984,0.0124624,0.017441,-0.0224847,-0.0255373,-0.0200666,-0.00925077,-0.0112409,-0.00708624,0.00967833,0.00801383,0.011593
burst,recipe:krause_2022_hse,recipe:krause_2022_hse,1,,20,0,1962,1986,1605,0.818043,0.80364,0.832479,0.808157,0.785465,0.829195,1053,0.536697,0.513858,0.560739,0.530211,0.504352,0.556178,381,195.579,1.94806,1.73385,2.1768,343,131.387,2.6106,2.34203,2.89286,38,64.1919,1605,-0.0319659,-0.033914,-0.0297768,0.0295917,0.0275151,0.0318208,-0.0556241,-0.0576456,-0.0534844,0.0613195,0.0589168,0.0636316
burst,recipe:lee_2002,recipe:lee_2002,1,place_cells sleep_intervals,20,0,1962,28788,1854,0.944954,0.93529,0.954523,0.0644018,0.0620049,0.0669545,650,0.331295,0.309437,0.354589,0.0225789,0.0210079,0.0242179,26934,195.579,137.714,135.685,139.629,26934,131.387,204.997,203.288,206.524,0,64.1919,1854,-0.0401752,-0.0457685,-0.0357558,0.02726,0.0199276,0.0328296,-0.0631932,-0.0681894,-0.0587241,0.0587668,0.0510185,0.063706
burst,recipe:liu_2019,recipe:liu_2019 recipe:liu_2019_awake,2,recipe:liu_2019 (pyramidal sleep_intervals); recipe:liu_2019_awake (pyramidal behavior_intervals),20,0,1962,12503,1666,0.849134,0.831109,0.866255,0.133248,0.128205,0.138248,237,0.120795,0.0988819,0.13974,0.0189555,0.015233,0.0221394,10837,195.579,55.4098,54.4044,56.3974,10837,131.387,82.4813,81.0575,83.9097,0,64.1919,1666,-0.146442,-0.156628,-0.136513,0.133392,0.115919,0.147827,-0.170834,-0.179751,-0.159633,0.16212,0.149205,0.179679
burst,recipe:maboudi_2018,recipe:maboudi_2018,1,pyramidal,20,0,1962,1852,1556,0.793068,0.780638,0.807073,0.840173,0.819822,0.857911,1016,0.517839,0.496582,0.540621,0.548596,0.522825,0.575068,296,195.579,1.51345,1.34525,1.69631,272,131.387,2.07021,1.84282,2.31051,24,64.1919,1556,-0.0325475,-0.0342614,-0.0303926,0.0304743,0.0279566,0.0331292,-0.0565904,-0.0584472,-0.054278,0.0617186,0.0592722,0.0642802
burst,recipe:maboudi_2018_open_field,recipe:maboudi_2018_open_field recipe:pfeiffer_2013,2,pyramidal,20,0,1962,1991,1448,0.738022,0.7232,0.754123,0.727273,0.706596,0.748866,1344,0.685015,0.666499,0.705611,0.675038,0.650115,0.702388,543,195.579,2.77637,2.55033,3.00216,484,131.387,3.68376,3.38957,3.98228,59,64.1919,1448,-0.00216719,-0.00331133,-0.000722612,-0.000733825,-0.00265111,0.000899728,-0.0235742,-0.0252948,-0.0222671,0.0277928,0.026739,0.0294548
burst,recipe:mallory_2025,recipe:mallory_2025,1,pyramidal,20,0,1962,2300,1495,0.761978,0.748592,0.775323,0.65,0.626198,0.676187,1266,0.64526,0.628223,0.663021,0.550435,0.526713,0.576384,805,195.579,4.11598,3.75657,4.47244,733,131.387,5.57892,5.06755,6.11122,72,64.1919,1495,-0.015242,-0.0167414,-0.0143711,0.0144131,0.0127757,0.0155076,-0.039539,-0.0408165,-0.0377735,0.0443588,0.042036,0.045723
burst,recipe:mou_2022,recipe:mou_2022,1,,20,0,1962,3178,1681,0.856779,0.832649,0.879259,0.528949,0.457765,0.621586,778,0.396534,0.356492,0.439356,0.244808,0.191452,0.320087,1497,195.579,7.65419,5.02428,10.5186,1028,131.387,7.82419,5.21792,10.6832,469,64.1919,1681,-0.0506197,-0.0592522,-0.0425315,0.0500896,0.0438685,0.056465,-0.0760978,-0.0830815,-0.068408,0.082165,0.0750647,0.0903246
burst,recipe:olafsdottir_2015,recipe:olafsdottir_2015,1,templates behavior_intervals,20,0,1962,2063,1307,0.666157,0.647954,0.684347,0.633543,0.605028,0.66455,1083,0.551988,0.530999,0.573546,0.524964,0.500236,0.553578,756,195.579,3.86544,3.39677,4.31287,756,131.387,5.75398,5.07369,6.43265,0,64.1919,1307,0.00445992,0.00241423,0.00586044,-0.00470102,-0.00683559,-0.00271855,-0.020016,-0.022429,-0.0179123,0.0264756,0.0236542,0.029713
burst,recipe:olafsdottir_2015.bayesian_candidates,recipe:olafsdottir_2015.bayesian_candidates,1,templates behavior_intervals,20,0,1962,1490,1176,0.599388,0.578573,0.619991,0.789262,0.760823,0.817749,1004,0.511723,0.489245,0.534951,0.673826,0.648209,0.702915,314,195.579,1.60549,1.34904,1.88177,314,131.387,2.38988,2.00314,2.80289,0,64.1919,1176,0.00329596,0.000619266,0.00505814,-0.00406171,-0.00611778,-0.00234802,-0.0220001,-0.0253706,-0.0193541,0.0288382,0.0258495,0.0309867
burst,recipe:olafsdottir_2016,recipe:olafsdottir_2016,1,place_cells,20,0,1962,1194,1098,0.559633,0.539038,0.582807,0.919598,0.903336,0.936732,944,0.481142,0.461331,0.50338,0.79062,0.774434,0.807507,96,195.579,0.49085,0.38324,0.593175,69,131.387,0.525165,0.398832,0.638661,27,64.1919,1098,0.00981967,0.00797016,0.0111181,-0.0163758,-0.0181109,-0.0145018,-0.0132721,-0.0146818,-0.012142,0.015467,0.0140243,0.016693
burst,recipe:olafsdottir_2017,recipe:olafsdottir_2017,1,place_cells behavior_intervals,20,0,1962,3088,1457,0.74261,0.721023,0.760915,0.471826,0.453779,0.489566,1128,0.574924,0.557222,0.593062,0.365285,0.348188,0.38203,1631,195.579,8.33933,7.95146,8.7116,1631,131.387,12.4137,11.8587,12.9572,0,64.1919,1457,0.0116766,0.0105929,0.0127648,-0.0174951,-0.0189445,-0.0159714,-0.0103115,-0.0113384,-0.00930388,0.0125709,0.01127,0.0138165
burst,recipe:olafsdottir_2017.trajectory,recipe:olafsdottir_2017.trajectory,1,place_cells behavior_intervals,20,0,1962,1167,1098,0.559633,0.539038,0.582807,0.940874,0.928571,0.954466,944,0.481142,0.461331,0.50338,0.808912,0.793787,0.825022,69,195.579,0.352798,0.265827,0.429542,69,131.387,0.525165,0.398832,0.638661,0,64.1919,1098,0.00981967,0.00797016,0.0111181,-0.0163758,-0.0181109,-0.0145018,-0.0132721,-0.0146818,-0.012142,0.015467,0.0140243,0.016693
burst,recipe:silva_2015,recipe:silva_2015,1,pyramidal,20,0,1962,1428,1186,0.604485,0.582871,0.626329,0.830532,0.805988,0.853974,1067,0.543833,0.523759,0.563773,0.747199,0.723988,0.77324,242,195.579,1.23735,1.05811,1.42597,213,131.387,1.62116,1.37546,1.87937,29,64.1919,1186,-0.0119659,-0.0136651,-0.0101832,0.0101352,0.00788742,0.0118474,-0.0380796,-0.0406745,-0.0362053,0.0434125,0.0418378,0.0446297
burst,recipe:widloski_2025_bursts,recipe:widloski_2025_bursts,1,,20,0,1962,1041,1015,0.517329,0.488844,0.546905,0.975024,0.962597,0.985423,41,0.020897,0.0163597,0.0255104,0.0393852,0.0307692,0.0480781,26,195.579,0.132938,0.0767138,0.199164,26,131.387,0.197888,0.114361,0.293024,0,64.1919,1015,-0.169077,-0.174699,-0.163291,0.155768,0.147475,0.171899,-0.19828,-0.204128,-0.189363,0.193712,0.18294,0.205876
burst,recipe:wu_2014,recipe:wu_2014,1,place_cells,20,0,1962,6504,1672,0.852192,0.838233,0.866635,0.257073,0.24203,0.272989,1327,0.676351,0.661817,0.688803,0.204028,0.190669,0.218002,4832,195.579,24.7061,23.2838,26.1878,4256,131.387,32.3928,30.3782,34.3684,576,64.1919,1672,-0.0171618,-0.0188053,-0.0155876,0.0156447,0.0135568,0.0170934,-0.0401201,-0.0416185,-0.0383332,0.0449277,0.04145,0.0480173
burst,recipe:wu_2017,recipe:wu_2017,1,,20,0,1962,1197,1052,0.536188,0.520512,0.55288,0.878864,0.858396,0.897396,850,0.433231,0.418604,0.447891,0.710109,0.684966,0.734847,145,195.579,0.741388,0.61373,0.884301,127,131.387,0.966608,0.785342,1.16344,18,64.1919,1052,0.0110042,0.00928111,0.0132826,-0.019014,-0.0210056,-0.0174293,-0.0109807,-0.012494,-0.00911024,0.0127295,0.0111065,0.014802
burst,recipe:xu_2019,recipe:xu_2019,1,pyramidal,20,0,1962,2169,1479,0.753823,0.739083,0.768763,0.681881,0.652549,0.711039,1169,0.595821,0.573069,0.619336,0.538958,0.508276,0.569087,690,195.579,3.52798,3.15494,3.93977,496,131.387,3.7751,3.39166,4.21997,194,64.1919,1479,-0.00737195,-0.00905108,-0.00537416,0.0204152,0.0191025,0.0216612,-0.0323817,-0.034745,-0.0307795,0.0505661,0.0490029,0.0534206
