kind,event_type,n_methods,count,fraction,n_methods_compared,n_failed_calls
true_event,swr,5,2,0.0016116,84,0
true_event,swr,11,1,0.000805802,84,0
true_event,swr,15,1,0.000805802,84,0
true_event,swr,16,2,0.0016116,84,0
true_event,swr,18,1,0.000805802,84,0
true_event,swr,19,1,0.000805802,84,0
true_event,swr,20,2,0.0016116,84,0
true_event,swr,21,3,0.00241741,84,0
true_event,swr,22,2,0.0016116,84,0
true_event,swr,23,2,0.0016116,84,0
true_event,swr,24,2,0.0016116,84,0
true_event,swr,25,3,0.00241741,84,0
true_event,swr,26,3,0.00241741,84,0
true_event,swr,27,6,0.00483481,84,0
true_event,swr,28,5,0.00402901,84,0
true_event,swr,29,4,0.00322321,84,0
true_event,swr,30,5,0.00402901,84,0
true_event,swr,31,6,0.00483481,84,0
true_event,swr,32,4,0.00322321,84,0
true_event,swr,33,5,0.00402901,84,0
true_event,swr,34,7,0.00564061,84,0
true_event,swr,35,11,0.00886382,84,0
true_event,swr,36,6,0.00483481,84,0
true_event,swr,37,7,0.00564061,84,0
true_event,swr,38,12,0.00966962,84,0
true_event,swr,39,11,0.00886382,84,0
true_event,swr,40,9,0.00725222,84,0
true_event,swr,41,9,0.00725222,84,0
true_event,swr,42,13,0.0104754,84,0
true_event,swr,43,12,0.00966962,84,0
true_event,swr,44,12,0.00966962,84,0
true_event,swr,45,18,0.0145044,84,0
true_event,swr,46,17,0.0136986,84,0
true_event,swr,47,14,0.0112812,84,0
true_event,swr,48,11,0.00886382,84,0
true_event,swr,49,18,0.0145044,84,0
true_event,swr,50,15,0.012087,84,0
true_event,swr,51,22,0.0177276,84,0
true_event,swr,52,16,0.0128928,84,0
true_event,swr,53,21,0.0169218,84,0
true_event,swr,54,16,0.0128928,84,0
true_event,swr,55,26,0.0209508,84,0
true_event,swr,56,13,0.0104754,84,0
true_event,swr,57,26,0.0209508,84,0
true_event,swr,58,27,0.0217566,84,0
true_event,swr,59,26,0.0209508,84,0
true_event,swr,60,27,0.0217566,84,0
true_event,swr,61,26,0.0209508,84,0
true_event,swr,62,27,0.0217566,84,0
true_event,swr,63,32,0.0257857,84,0
true_event,swr,64,33,0.0265915,84,0
true_event,swr,65,33,0.0265915,84,0
true_event,swr,66,42,0.0338437,84,0
true_event,swr,67,48,0.0386785,84,0
true_event,swr,68,49,0.0394843,84,0
true_event,swr,69,48,0.0386785,84,0
true_event,swr,70,51,0.0410959,84,0
true_event,swr,71,42,0.0338437,84,0
true_event,swr,72,59,0.0475423,84,0
true_event,swr,73,47,0.0378727,84,0
true_event,swr,74,52,0.0419017,84,0
true_event,swr,75,35,0.0282031,84,0
true_event,swr,76,42,0.0338437,84,0
true_event,swr,77,30,0.0241741,84,0
true_event,swr,78,29,0.0233683,84,0
true_event,swr,79,22,0.0177276,84,0
true_event,swr,80,5,0.00402901,84,0
true_event,swr,81,6,0.00483481,84,0
true_event,swr,82,1,0.000805802,84,0
true_event,weak_ripple,0,1,0.0031746,84,0
true_event,weak_ripple,2,1,0.0031746,84,0
true_event,weak_ripple,3,3,0.00952381,84,0
true_event,weak_ripple,4,6,0.0190476,84,0
true_event,weak_ripple,5,7,0.0222222,84,0
true_event,weak_ripple,6,3,0.00952381,84,0
true_event,weak_ripple,7,10,0.031746,84,0
true_event,weak_ripple,8,7,0.0222222,84,0
true_event,weak_ripple,9,4,0.0126984,84,0
true_event,weak_ripple,10,10,0.031746,84,0
true_event,weak_ripple,11,9,0.0285714,84,0
true_event,weak_ripple,12,9,0.0285714,84,0
true_event,weak_ripple,13,12,0.0380952,84,0
true_event,weak_ripple,14,10,0.031746,84,0
true_event,weak_ripple,15,9,0.0285714,84,0
true_event,weak_ripple,16,11,0.0349206,84,0
true_event,weak_ripple,17,19,0.0603175,84,0
true_event,weak_ripple,18,11,0.0349206,84,0
true_event,weak_ripple,19,16,0.0507937,84,0
true_event,weak_ripple,20,13,0.0412698,84,0
true_event,weak_ripple,21,12,0.0380952,84,0
true_event,weak_ripple,22,12,0.0380952,84,0
true_event,weak_ripple,23,12,0.0380952,84,0
true_event,weak_ripple,24,11,0.0349206,84,0
true_event,weak_ripple,25,8,0.0253968,84,0
true_event,weak_ripple,26,12,0.0380952,84,0
true_event,weak_ripple,27,11,0.0349206,84,0
true_event,weak_ripple,28,2,0.00634921,84,0
true_event,weak_ripple,29,7,0.0222222,84,0
true_event,weak_ripple,30,7,0.0222222,84,0
true_event,weak_ripple,31,5,0.015873,84,0
true_event,weak_ripple,32,4,0.0126984,84,0
true_event,weak_ripple,33,4,0.0126984,84,0
true_event,weak_ripple,34,4,0.0126984,84,0
true_event,weak_ripple,35,3,0.00952381,84,0
true_event,weak_ripple,36,2,0.00634921,84,0
true_event,weak_ripple,37,5,0.015873,84,0
true_event,weak_ripple,38,3,0.00952381,84,0
true_event,weak_ripple,39,5,0.015873,84,0
true_event,weak_ripple,40,1,0.0031746,84,0
true_event,weak_ripple,41,4,0.0126984,84,0
true_event,weak_ripple,42,2,0.00634921,84,0
true_event,weak_ripple,43,1,0.0031746,84,0
true_event,weak_ripple,45,2,0.00634921,84,0
true_event,weak_ripple,47,1,0.0031746,84,0
true_event,weak_ripple,49,1,0.0031746,84,0
true_event,weak_ripple,52,1,0.0031746,84,0
true_event,weak_ripple,53,1,0.0031746,84,0
true_event,weak_ripple,55,1,0.0031746,84,0
true_event,burst_only,2,1,0.00490196,84,0
true_event,burst_only,4,7,0.0343137,84,0
true_event,burst_only,5,1,0.00490196,84,0
true_event,burst_only,6,6,0.0294118,84,0
true_event,burst_only,7,1,0.00490196,84,0
true_event,burst_only,9,3,0.0147059,84,0
true_event,burst_only,10,5,0.0245098,84,0
true_event,burst_only,11,1,0.00490196,84,0
true_event,burst_only,12,5,0.0245098,84,0
true_event,burst_only,13,4,0.0196078,84,0
true_event,burst_only,14,5,0.0245098,84,0
true_event,burst_only,15,2,0.00980392,84,0
true_event,burst_only,16,7,0.0343137,84,0
true_event,burst_only,17,7,0.0343137,84,0
true_event,burst_only,18,1,0.00490196,84,0
true_event,burst_only,19,3,0.0147059,84,0
true_event,burst_only,20,5,0.0245098,84,0
true_event,burst_only,21,6,0.0294118,84,0
true_event,burst_only,22,6,0.0294118,84,0
true_event,burst_only,23,6,0.0294118,84,0
true_event,burst_only,24,7,0.0343137,84,0
true_event,burst_only,25,7,0.0343137,84,0
true_event,burst_only,26,4,0.0196078,84,0
true_event,burst_only,27,5,0.0245098,84,0
true_event,burst_only,28,4,0.0196078,84,0
true_event,burst_only,29,4,0.0196078,84,0
true_event,burst_only,30,5,0.0245098,84,0
true_event,burst_only,31,9,0.0441176,84,0
true_event,burst_only,32,10,0.0490196,84,0
true_event,burst_only,33,6,0.0294118,84,0
true_event,burst_only,34,5,0.0245098,84,0
true_event,burst_only,35,7,0.0343137,84,0
true_event,burst_only,36,10,0.0490196,84,0
true_event,burst_only,37,6,0.0294118,84,0
true_event,burst_only,38,16,0.0784314,84,0
true_event,burst_only,39,5,0.0245098,84,0
true_event,burst_only,40,6,0.0294118,84,0
true_event,burst_only,41,3,0.0147059,84,0
true_event,burst_only,42,1,0.00490196,84,0
true_event,burst_only,43,1,0.00490196,84,0
true_event,burst_only,54,1,0.00490196,84,0
true_event,ripple_doublet,39,1,0.0049505,84,0
true_event,ripple_doublet,44,1,0.0049505,84,0
true_event,ripple_doublet,47,2,0.00990099,84,0
true_event,ripple_doublet,49,1,0.0049505,84,0
true_event,ripple_doublet,50,1,0.0049505,84,0
true_event,ripple_doublet,51,1,0.0049505,84,0
true_event,ripple_doublet,52,1,0.0049505,84,0
true_event,ripple_doublet,53,1,0.0049505,84,0
true_event,ripple_doublet,55,1,0.0049505,84,0
true_event,ripple_doublet,56,2,0.00990099,84,0
true_event,ripple_doublet,57,1,0.0049505,84,0
true_event,ripple_doublet,58,3,0.0148515,84,0
true_event,ripple_doublet,60,2,0.00990099,84,0
true_event,ripple_doublet,61,3,0.0148515,84,0
true_event,ripple_doublet,62,1,0.0049505,84,0
true_event,ripple_doublet,63,3,0.0148515,84,0
true_event,ripple_doublet,64,4,0.019802,84,0
true_event,ripple_doublet,65,2,0.00990099,84,0
true_event,ripple_doublet,66,5,0.0247525,84,0
true_event,ripple_doublet,67,2,0.00990099,84,0
true_event,ripple_doublet,68,7,0.0346535,84,0
true_event,ripple_doublet,69,12,0.0594059,84,0
true_event,ripple_doublet,70,7,0.0346535,84,0
true_event,ripple_doublet,71,9,0.0445545,84,0
true_event,ripple_doublet,72,8,0.039604,84,0
true_event,ripple_doublet,73,9,0.0445545,84,0
true_event,ripple_doublet,74,16,0.0792079,84,0
true_event,ripple_doublet,75,23,0.113861,84,0
true_event,ripple_doublet,76,17,0.0841584,84,0
true_event,ripple_doublet,77,17,0.0841584,84,0
true_event,ripple_doublet,78,15,0.0742574,84,0
true_event,ripple_doublet,79,16,0.0792079,84,0
true_event,ripple_doublet,80,2,0.00990099,84,0
true_event,ripple_doublet,81,5,0.0247525,84,0
true_event,ripple_doublet,82,1,0.0049505,84,0
true_event,sharp_wave_only,0,9,0.0396476,84,0
true_event,sharp_wave_only,1,32,0.140969,84,0
true_event,sharp_wave_only,2,30,0.132159,84,0
true_event,sharp_wave_only,3,30,0.132159,84,0
true_event,sharp_wave_only,4,57,0.251101,84,0
true_event,sharp_wave_only,5,28,0.123348,84,0
true_event,sharp_wave_only,6,11,0.0484581,84,0
true_event,sharp_wave_only,7,13,0.0572687,84,0
true_event,sharp_wave_only,8,7,0.030837,84,0
true_event,sharp_wave_only,9,3,0.0132159,84,0
true_event,sharp_wave_only,10,1,0.00440529,84,0
true_event,sharp_wave_only,11,2,0.00881057,84,0
true_event,sharp_wave_only,12,1,0.00440529,84,0
true_event,sharp_wave_only,15,1,0.00440529,84,0
true_event,sharp_wave_only,17,1,0.00440529,84,0
true_event,sharp_wave_only,20,1,0.00440529,84,0
false_positive_group,all,1,11133,0.399691,84,0
false_positive_group,all,2,4369,0.156854,84,0
false_positive_group,all,3,2331,0.0836864,84,0
false_positive_group,all,4,1747,0.0627199,84,0
false_positive_group,all,5,1662,0.0596683,84,0
false_positive_group,all,6,1374,0.0493286,84,0
false_positive_group,all,7,993,0.0356502,84,0
false_positive_group,all,8,778,0.0279314,84,0
false_positive_group,all,9,629,0.022582,84,0
false_positive_group,all,10,474,0.0170173,84,0
false_positive_group,all,11,465,0.0166942,84,0
false_positive_group,all,12,356,0.0127809,84,0
false_positive_group,all,13,277,0.00994471,84,0
false_positive_group,all,14,224,0.00804193,84,0
false_positive_group,all,15,177,0.00635456,84,0
false_positive_group,all,16,127,0.00455949,84,0
false_positive_group,all,17,113,0.00405687,84,0
false_positive_group,all,18,93,0.00333884,84,0
false_positive_group,all,19,70,0.0025131,84,0
false_positive_group,all,20,82,0.00294392,84,0
false_positive_group,all,21,26,0.000933439,84,0
false_positive_group,all,22,31,0.00111295,84,0
false_positive_group,all,23,29,0.00104114,84,0
false_positive_group,all,24,25,0.000897537,84,0
false_positive_group,all,25,13,0.000466719,84,0
false_positive_group,all,26,16,0.000574424,84,0
false_positive_group,all,27,21,0.000753931,84,0
false_positive_group,all,28,17,0.000610325,84,0
false_positive_group,all,29,11,0.000394916,84,0
false_positive_group,all,30,16,0.000574424,84,0
false_positive_group,all,31,13,0.000466719,84,0
false_positive_group,all,32,19,0.000682128,84,0
false_positive_group,all,33,14,0.000502621,84,0
false_positive_group,all,34,12,0.000430818,84,0
false_positive_group,all,35,20,0.00071803,84,0
false_positive_group,all,36,20,0.00071803,84,0
false_positive_group,all,37,12,0.000430818,84,0
false_positive_group,all,38,14,0.000502621,84,0
false_positive_group,all,39,9,0.000323113,84,0
false_positive_group,all,40,13,0.000466719,84,0
false_positive_group,all,41,7,0.00025131,84,0
false_positive_group,all,42,7,0.00025131,84,0
false_positive_group,all,43,3,0.000107704,84,0
false_positive_group,all,44,6,0.000215409,84,0
false_positive_group,all,45,1,3.59015e-05,84,0
false_positive_group,all,47,1,3.59015e-05,84,0
false_positive_group,all,48,1,3.59015e-05,84,0
false_positive_group,all,49,1,3.59015e-05,84,0
false_positive_group,all,51,1,3.59015e-05,84,0
false_positive_group,all,52,1,3.59015e-05,84,0
