method,setting,event_type,n_true,n_found,recall,recall_low,recall_high,primary_expression,n_sessions,n_failures
Carey_candidate_detector,default,swr,1241,1217,0.980661,0.972514,0.988005,network,20,0
Carey_candidate_detector,default,weak_ripple,315,239,0.75873,0.692267,0.821198,network,20,0
Carey_candidate_detector,default,burst_only,204,124,0.607843,0.537628,0.677779,network,20,0
Carey_candidate_detector,default,ripple_doublet,202,202,1,1,1,network,20,0
Carey_candidate_detector,default,sharp_wave_only,227,4,0.0176211,0.00429139,0.034188,network,20,0
Karlsson_ripple_detector,default,swr,1241,1143,0.921031,0.908869,0.932807,ripple,20,0
Karlsson_ripple_detector,default,weak_ripple,315,32,0.101587,0.07744,0.129142,ripple,20,0
Karlsson_ripple_detector,default,burst_only,204,1,0.00490196,0,0.0158751,ripple,20,0
Karlsson_ripple_detector,default,ripple_doublet,202,202,1,1,1,ripple,20,0
Karlsson_ripple_detector,default,sharp_wave_only,227,0,0,0,0,ripple,20,0
Kay_ripple_detector,default,swr,1241,1211,0.975826,0.969022,0.982933,ripple,20,0
Kay_ripple_detector,default,weak_ripple,315,109,0.346032,0.305992,0.387102,ripple,20,0
Kay_ripple_detector,default,burst_only,204,4,0.0196078,0.00502513,0.0352423,ripple,20,0
Kay_ripple_detector,default,ripple_doublet,202,202,1,1,1,ripple,20,0
Kay_ripple_detector,default,sharp_wave_only,227,1,0.00440529,0,0.014218,ripple,20,0
Long_sharp_wave_ripple_detector,default,swr,1241,1000,0.805802,0.786585,0.825494,ripple,20,0
Long_sharp_wave_ripple_detector,default,weak_ripple,315,28,0.0888889,0.0650629,0.111919,ripple,20,0
Long_sharp_wave_ripple_detector,default,burst_only,204,0,0,0,0,ripple,20,0
Long_sharp_wave_ripple_detector,default,ripple_doublet,202,194,0.960396,0.938095,0.9801,ripple,20,0
Long_sharp_wave_ripple_detector,default,sharp_wave_only,227,59,0.259912,0.213953,0.305168,ripple,20,0
Roumis_ripple_detector,default,swr,1241,1212,0.976632,0.970233,0.983256,ripple,20,0
Roumis_ripple_detector,default,weak_ripple,315,112,0.355556,0.315789,0.396669,ripple,20,0
Roumis_ripple_detector,default,burst_only,204,4,0.0196078,0.00502513,0.0352423,ripple,20,0
Roumis_ripple_detector,default,ripple_doublet,202,202,1,1,1,ripple,20,0
Roumis_ripple_detector,default,sharp_wave_only,227,1,0.00440529,0,0.014218,ripple,20,0
Shvartsman_ripple_detector,default,swr,1241,1060,0.85415,0.83851,0.871073,ripple,20,0
Shvartsman_ripple_detector,default,weak_ripple,315,9,0.0285714,0.00946372,0.050634,ripple,20,0
Shvartsman_ripple_detector,default,burst_only,204,1,0.00490196,0,0.0158751,ripple,20,0
Shvartsman_ripple_detector,default,ripple_doublet,202,198,0.980198,0.95454,1,ripple,20,0
Shvartsman_ripple_detector,default,sharp_wave_only,227,0,0,0,0,ripple,20,0
Yu_ripple_detector,default,swr,1241,1213,0.977438,0.971176,0.983713,ripple,20,0
Yu_ripple_detector,default,weak_ripple,315,145,0.460317,0.403443,0.509919,ripple,20,0
Yu_ripple_detector,default,burst_only,204,6,0.0294118,0.010986,0.0483111,ripple,20,0
Yu_ripple_detector,default,ripple_doublet,202,202,1,1,1,ripple,20,0
Yu_ripple_detector,default,sharp_wave_only,227,6,0.0264317,0.00888889,0.0442527,ripple,20,0
Zugaro_ripple_detector,default,swr,1241,984,0.792909,0.76259,0.820055,ripple,20,0
Zugaro_ripple_detector,default,weak_ripple,315,7,0.0222222,0.00332226,0.0465134,ripple,20,0
Zugaro_ripple_detector,default,burst_only,204,1,0.00490196,0,0.0158751,ripple,20,0
Zugaro_ripple_detector,default,ripple_doublet,202,194,0.960396,0.923759,0.989639,ripple,20,0
Zugaro_ripple_detector,default,sharp_wave_only,227,0,0,0,0,ripple,20,0
multiunit_HSE_detector,default,swr,1241,1201,0.967768,0.95886,0.976423,burst,20,0
multiunit_HSE_detector,default,weak_ripple,315,271,0.860317,0.808429,0.905492,burst,20,0
multiunit_HSE_detector,default,burst_only,204,159,0.779412,0.713575,0.84375,burst,20,0
multiunit_HSE_detector,default,ripple_doublet,202,202,1,1,1,burst,20,0
multiunit_HSE_detector,default,sharp_wave_only,227,22,0.0969163,0.0605995,0.136986,burst,20,0
recipe:ambrose_2016,literature,swr,1241,1181,0.951652,0.937745,0.963753,ripple,20,0
recipe:ambrose_2016,literature,weak_ripple,315,52,0.165079,0.131141,0.196778,ripple,20,0
recipe:ambrose_2016,literature,burst_only,204,1,0.00490196,0,0.0158751,ripple,20,0
recipe:ambrose_2016,literature,ripple_doublet,202,202,1,1,1,ripple,20,0
recipe:ambrose_2016,literature,sharp_wave_only,227,0,0,0,0,ripple,20,0
recipe:bendor_2012,literature,swr,1241,955,0.769541,0.747414,0.791667,burst,20,0
recipe:bendor_2012,literature,weak_ripple,315,109,0.346032,0.282274,0.40625,burst,20,0
recipe:bendor_2012,literature,burst_only,204,62,0.303922,0.235287,0.381415,burst,20,0
recipe:bendor_2012,literature,ripple_doublet,202,180,0.891089,0.846534,0.931378,burst,20,0
recipe:bendor_2012,literature,sharp_wave_only,227,0,0,0,0,burst,20,0
recipe:berners_lee_2021,literature,swr,1241,1216,0.979855,0.971842,0.987411,ripple,20,0
recipe:berners_lee_2021,literature,weak_ripple,315,148,0.469841,0.412979,0.524543,ripple,20,0
recipe:berners_lee_2021,literature,burst_only,204,8,0.0392157,0.0136971,0.0694525,ripple,20,0
recipe:berners_lee_2021,literature,ripple_doublet,202,202,1,1,1,ripple,20,0
recipe:berners_lee_2021,literature,sharp_wave_only,227,3,0.0132159,0,0.0280374,ripple,20,0
recipe:berners_lee_2022,literature,swr,1241,885,0.713135,0.695646,0.730864,burst,20,0
recipe:berners_lee_2022,literature,weak_ripple,315,144,0.457143,0.386874,0.530965,burst,20,0
recipe:berners_lee_2022,literature,burst_only,204,82,0.401961,0.344996,0.466346,burst,20,0
recipe:berners_lee_2022,literature,ripple_doublet,202,194,0.960396,0.929576,0.98515,burst,20,0
recipe:berners_lee_2022,literature,sharp_wave_only,227,1,0.00440529,0,0.0140187,burst,20,0
recipe:bhattarai_2020,literature,swr,1241,634,0.510878,0.48162,0.540194,network,20,0
recipe:bhattarai_2020,literature,weak_ripple,315,0,0,0,0,network,20,0
recipe:bhattarai_2020,literature,burst_only,204,2,0.00980392,0,0.0246336,network,20,0
recipe:bhattarai_2020,literature,ripple_doublet,202,159,0.787129,0.72896,0.844664,network,20,0
recipe:bhattarai_2020,literature,sharp_wave_only,227,2,0.00881057,0,0.0219298,network,20,0
recipe:bhattarai_2020_ripples,literature,swr,1241,739,0.595488,0.562788,0.628124,ripple,20,0
recipe:bhattarai_2020_ripples,literature,weak_ripple,315,1,0.0031746,0,0.0101351,ripple,20,0
recipe:bhattarai_2020_ripples,literature,burst_only,204,1,0.00490196,0,0.0158751,ripple,20,0
recipe:bhattarai_2020_ripples,literature,ripple_doublet,202,168,0.831683,0.774359,0.883178,ripple,20,0
recipe:bhattarai_2020_ripples,literature,sharp_wave_only,227,0,0,0,0,ripple,20,0
recipe:bush_2022,literature,swr,1241,890,0.717164,0.687705,0.746455,burst,20,0
recipe:bush_2022,literature,weak_ripple,315,18,0.0571429,0.0358304,0.080003,burst,20,0
recipe:bush_2022,literature,burst_only,204,145,0.710784,0.654028,0.772326,burst,20,0
recipe:bush_2022,literature,ripple_doublet,202,177,0.876238,0.836905,0.917959,burst,20,0
recipe:bush_2022,literature,sharp_wave_only,227,0,0,0,0,burst,20,0
recipe:carey_2019,literature,swr,1241,1201,0.967768,0.957269,0.977457,network,20,0
recipe:carey_2019,literature,weak_ripple,315,249,0.790476,0.725647,0.85128,network,20,0
recipe:carey_2019,literature,burst_only,204,146,0.715686,0.634256,0.786821,network,20,0
recipe:carey_2019,literature,ripple_doublet,202,201,0.99505,0.984291,1,network,20,0
recipe:carey_2019,literature,sharp_wave_only,227,11,0.0484581,0.0204918,0.0833425,network,20,0
recipe:carr_2012,literature,swr,1241,1143,0.921031,0.908869,0.932807,ripple,20,0
recipe:carr_2012,literature,weak_ripple,315,32,0.101587,0.07744,0.129142,ripple,20,0
recipe:carr_2012,literature,burst_only,204,1,0.00490196,0,0.0158751,ripple,20,0
recipe:carr_2012,literature,ripple_doublet,202,202,1,1,1,ripple,20,0
recipe:carr_2012,literature,sharp_wave_only,227,0,0,0,0,ripple,20,0
recipe:chenani_2019,literature,swr,1241,954,0.768735,0.745842,0.793704,burst,20,0
recipe:chenani_2019,literature,weak_ripple,315,24,0.0761905,0.0526273,0.10257,burst,20,0
recipe:chenani_2019,literature,burst_only,204,161,0.789216,0.73096,0.845305,burst,20,0
recipe:chenani_2019,literature,ripple_doublet,202,184,0.910891,0.869792,0.946607,burst,20,0
recipe:chenani_2019,literature,sharp_wave_only,227,1,0.00440529,0,0.0140187,burst,20,0
recipe:davidson_2009,literature,swr,1241,1081,0.871072,0.85612,0.886403,burst,20,0
recipe:davidson_2009,literature,weak_ripple,315,183,0.580952,0.520398,0.641205,burst,20,0
recipe:davidson_2009,literature,burst_only,204,99,0.485294,0.426009,0.551546,burst,20,0
recipe:davidson_2009,literature,ripple_doublet,202,191,0.945545,0.916256,0.974093,burst,20,0
recipe:davidson_2009,literature,sharp_wave_only,227,2,0.00881057,0,0.0222222,burst,20,0
recipe:denovellis_2021,literature,swr,1241,1209,0.974214,0.966408,0.982085,ripple,20,0
recipe:denovellis_2021,literature,weak_ripple,315,108,0.342857,0.305365,0.379205,ripple,20,0
recipe:denovellis_2021,literature,burst_only,204,4,0.0196078,0.00502513,0.0352423,ripple,20,0
recipe:denovellis_2021,literature,ripple_doublet,202,202,1,1,1,ripple,20,0
recipe:denovellis_2021,literature,sharp_wave_only,227,0,0,0,0,ripple,20,0
recipe:denovellis_2021_mua,literature,swr,1241,1201,0.967768,0.95886,0.976423,burst,20,0
recipe:denovellis_2021_mua,literature,weak_ripple,315,270,0.857143,0.804552,0.902439,burst,20,0
recipe:denovellis_2021_mua,literature,burst_only,204,159,0.779412,0.713575,0.84375,burst,20,0
recipe:denovellis_2021_mua,literature,ripple_doublet,202,202,1,1,1,burst,20,0
recipe:denovellis_2021_mua,literature,sharp_wave_only,227,22,0.0969163,0.0605995,0.136986,burst,20,0
recipe:diba_2007,literature,swr,1241,334,0.269138,0.241285,0.297297,burst,20,0
recipe:diba_2007,literature,weak_ripple,315,0,0,0,0,burst,20,0
recipe:diba_2007,literature,burst_only,204,59,0.289216,0.211203,0.37799,burst,20,0
recipe:diba_2007,literature,ripple_doublet,202,101,0.5,0.434383,0.575431,burst,20,0
recipe:diba_2007,literature,sharp_wave_only,227,0,0,0,0,burst,20,0
recipe:drieu_2018,literature,swr,1241,1086,0.875101,0.852821,0.896061,burst,20,0
recipe:drieu_2018,literature,weak_ripple,315,59,0.187302,0.15161,0.227565,burst,20,0
recipe:drieu_2018,literature,burst_only,204,179,0.877451,0.832577,0.92632,burst,20,0
recipe:drieu_2018,literature,ripple_doublet,202,192,0.950495,0.916656,0.979384,burst,20,0
recipe:drieu_2018,literature,sharp_wave_only,227,5,0.0220264,0.0045045,0.0421986,burst,20,0
recipe:farooq_2019_neuron,literature,swr,1241,350,0.282031,0.259497,0.307764,burst,20,0
recipe:farooq_2019_neuron,literature,weak_ripple,315,4,0.0126984,0,0.0301031,burst,20,0
recipe:farooq_2019_neuron,literature,burst_only,204,65,0.318627,0.251256,0.390497,burst,20,0
recipe:farooq_2019_neuron,literature,ripple_doublet,202,134,0.663366,0.60185,0.723627,burst,20,0
recipe:farooq_2019_neuron,literature,sharp_wave_only,227,0,0,0,0,burst,20,0
recipe:farooq_2019_science,literature,swr,1241,347,0.279613,0.256894,0.306246,burst,20,0
recipe:farooq_2019_science,literature,weak_ripple,315,3,0.00952381,0,0.0257235,burst,20,0
recipe:farooq_2019_science,literature,burst_only,204,65,0.318627,0.251256,0.390497,burst,20,0
recipe:farooq_2019_science,literature,ripple_doublet,202,134,0.663366,0.60185,0.723627,burst,20,0
recipe:farooq_2019_science,literature,sharp_wave_only,227,0,0,0,0,burst,20,0
recipe:farooq_2019_science_awake,literature,swr,1241,347,0.279613,0.256894,0.306246,burst,20,0
recipe:farooq_2019_science_awake,literature,weak_ripple,315,3,0.00952381,0,0.0257235,burst,20,0
recipe:farooq_2019_science_awake,literature,burst_only,204,65,0.318627,0.251256,0.390497,burst,20,0
recipe:farooq_2019_science_awake,literature,ripple_doublet,202,134,0.663366,0.60185,0.723627,burst,20,0
recipe:farooq_2019_science_awake,literature,sharp_wave_only,227,0,0,0,0,burst,20,0
recipe:foster_2006,literature,swr,1241,186,0.149879,0.126289,0.172556,burst,20,0
recipe:foster_2006,literature,weak_ripple,315,0,0,0,0,burst,20,0
recipe:foster_2006,literature,burst_only,204,41,0.20098,0.14008,0.274112,burst,20,0
recipe:foster_2006,literature,ripple_doublet,202,71,0.351485,0.283491,0.415467,burst,20,0
recipe:foster_2006,literature,sharp_wave_only,227,0,0,0,0,burst,20,0
recipe:foster_2006_ripples,literature,swr,1241,124,0.0999194,0.0844037,0.115756,ripple,20,0
recipe:foster_2006_ripples,literature,weak_ripple,315,1,0.0031746,0,0.0105263,ripple,20,0
recipe:foster_2006_ripples,literature,burst_only,204,1,0.00490196,0,0.0158751,ripple,20,0
recipe:foster_2006_ripples,literature,ripple_doublet,202,37,0.183168,0.13913,0.232564,ripple,20,0
recipe:foster_2006_ripples,literature,sharp_wave_only,227,0,0,0,0,ripple,20,0
recipe:gillespie_2021,literature,swr,1241,1211,0.975826,0.969022,0.982933,ripple,20,0
recipe:gillespie_2021,literature,weak_ripple,315,109,0.346032,0.305992,0.387102,ripple,20,0
recipe:gillespie_2021,literature,burst_only,204,4,0.0196078,0.00502513,0.0352423,ripple,20,0
recipe:gillespie_2021,literature,ripple_doublet,202,202,1,1,1,ripple,20,0
recipe:gillespie_2021,literature,sharp_wave_only,227,1,0.00440529,0,0.014218,ripple,20,0
recipe:gillespie_2021_mua,literature,swr,1241,1119,0.901692,0.887389,0.914355,burst,20,0
recipe:gillespie_2021_mua,literature,weak_ripple,315,190,0.603175,0.544262,0.661131,burst,20,0
recipe:gillespie_2021_mua,literature,burst_only,204,104,0.509804,0.452115,0.574369,burst,20,0
recipe:gillespie_2021_mua,literature,ripple_doublet,202,196,0.970297,0.93939,0.994924,burst,20,0
recipe:gillespie_2021_mua,literature,sharp_wave_only,227,3,0.0132159,0,0.0291692,burst,20,0
recipe:gridchyn_2020,literature,swr,1241,1158,0.933118,0.922065,0.942786,burst,20,0
recipe:gridchyn_2020,literature,weak_ripple,315,258,0.819048,0.768483,0.865064,burst,20,0
recipe:gridchyn_2020,literature,burst_only,204,149,0.730392,0.66183,0.803111,burst,20,0
recipe:gridchyn_2020,literature,ripple_doublet,202,199,0.985149,0.966821,1,burst,20,0
recipe:gridchyn_2020,literature,sharp_wave_only,227,21,0.092511,0.0622342,0.128759,burst,20,0
recipe:grosmark_2016,literature,swr,1241,737,0.593876,0.555293,0.629325,network,20,0
recipe:grosmark_2016,literature,weak_ripple,315,0,0,0,0,network,20,0
recipe:grosmark_2016,literature,burst_only,204,1,0.00490196,0,0.0158751,network,20,0
recipe:grosmark_2016,literature,ripple_doublet,202,168,0.831683,0.76704,0.885421,network,20,0
recipe:grosmark_2016,literature,sharp_wave_only,227,0,0,0,0,network,20,0
recipe:gupta_2010,literature,swr,1241,1102,0.887994,0.8691,0.906521,ripple,20,0
recipe:gupta_2010,literature,weak_ripple,315,197,0.625397,0.581161,0.674195,ripple,20,0
recipe:gupta_2010,literature,burst_only,204,42,0.205882,0.154537,0.256902,ripple,20,0
recipe:gupta_2010,literature,ripple_doublet,202,199,0.985149,0.965909,1,ripple,20,0
recipe:gupta_2010,literature,sharp_wave_only,227,31,0.136564,0.0974517,0.177778,ripple,20,0
recipe:harvey_2023_code,literature,swr,1241,910,0.73328,0.708506,0.757316,ripple,20,0
recipe:harvey_2023_code,literature,weak_ripple,315,6,0.0190476,0.00596752,0.0363036,ripple,20,0
recipe:harvey_2023_code,literature,burst_only,204,0,0,0,0,ripple,20,0
recipe:harvey_2023_code,literature,ripple_doublet,202,163,0.806931,0.744681,0.859382,ripple,20,0
recipe:harvey_2023_code,literature,sharp_wave_only,227,9,0.0396476,0.0210948,0.0593607,ripple,20,0
recipe:harvey_2023_no_radiatum,literature,swr,1241,1020,0.821918,0.80807,0.83611,ripple,20,0
recipe:harvey_2023_no_radiatum,literature,weak_ripple,315,33,0.104762,0.0709459,0.136371,ripple,20,0
recipe:harvey_2023_no_radiatum,literature,burst_only,204,16,0.0784314,0.0465086,0.114434,ripple,20,0
recipe:harvey_2023_no_radiatum,literature,ripple_doublet,202,154,0.762376,0.701086,0.815668,ripple,20,0
recipe:harvey_2023_no_radiatum,literature,sharp_wave_only,227,2,0.00881057,0,0.0227273,ripple,20,0
recipe:harvey_2023_text,literature,swr,1241,886,0.71394,0.691297,0.738197,ripple,20,0
recipe:harvey_2023_text,literature,weak_ripple,315,4,0.0126984,0,0.0278659,ripple,20,0
recipe:harvey_2023_text,literature,burst_only,204,0,0,0,0,ripple,20,0
recipe:harvey_2023_text,literature,ripple_doublet,202,191,0.945545,0.919192,0.970447,ripple,20,0
recipe:harvey_2023_text,literature,sharp_wave_only,227,1,0.00440529,0,0.0134529,ripple,20,0
recipe:huelin_gorriz_2023,literature,swr,1241,873,0.703465,0.677908,0.729049,network,20,0
recipe:huelin_gorriz_2023,literature,weak_ripple,315,18,0.0571429,0.0301988,0.0856167,network,20,0
recipe:huelin_gorriz_2023,literature,burst_only,204,11,0.0539216,0.0192239,0.0945946,network,20,0
recipe:huelin_gorriz_2023,literature,ripple_doublet,202,194,0.960396,0.936578,0.983698,network,20,0
recipe:huelin_gorriz_2023,literature,sharp_wave_only,227,1,0.00440529,0,0.0140187,network,20,0
recipe:igata_2021,literature,swr,1241,1204,0.970185,0.960443,0.979273,burst,20,0
recipe:igata_2021,literature,weak_ripple,315,272,0.863492,0.809371,0.909097,burst,20,0
recipe:igata_2021,literature,burst_only,204,162,0.794118,0.72806,0.856383,burst,20,0
recipe:igata_2021,literature,ripple_doublet,202,202,1,1,1,burst,20,0
recipe:igata_2021,literature,sharp_wave_only,227,24,0.105727,0.0646552,0.154867,burst,20,0
recipe:igata_2021_ripples,literature,swr,1241,1176,0.947623,0.932779,0.961271,ripple,20,0
recipe:igata_2021_ripples,literature,weak_ripple,315,136,0.431746,0.381228,0.481614,ripple,20,0
recipe:igata_2021_ripples,literature,burst_only,204,14,0.0686275,0.0462347,0.0931453,ripple,20,0
recipe:igata_2021_ripples,literature,ripple_doublet,202,202,1,1,1,ripple,20,0
recipe:igata_2021_ripples,literature,sharp_wave_only,227,8,0.0352423,0.0133914,0.0607548,ripple,20,0
recipe:jadhav_2016,literature,swr,1241,996,0.802579,0.782877,0.823483,ripple,20,0
recipe:jadhav_2016,literature,weak_ripple,315,28,0.0888889,0.0673393,0.113648,ripple,20,0
recipe:jadhav_2016,literature,burst_only,204,1,0.00490196,0,0.0158751,ripple,20,0
recipe:jadhav_2016,literature,ripple_doublet,202,171,0.846535,0.796209,0.897561,ripple,20,0
recipe:jadhav_2016,literature,sharp_wave_only,227,0,0,0,0,ripple,20,0
recipe:ji_2007,literature,swr,1241,998,0.80419,0.736369,0.861255,burst,20,0
recipe:ji_2007,literature,weak_ripple,315,147,0.466667,0.380645,0.542429,burst,20,0
recipe:ji_2007,literature,burst_only,204,77,0.377451,0.289097,0.463551,burst,20,0
recipe:ji_2007,literature,ripple_doublet,202,189,0.935644,0.887849,0.977482,burst,20,0
recipe:ji_2007,literature,sharp_wave_only,227,0,0,0,0,burst,20,0
recipe:ji_2007_ripples,literature,swr,1241,8,0.00644641,0.00247316,0.0106069,ripple,20,0
recipe:ji_2007_ripples,literature,weak_ripple,315,0,0,0,0,ripple,20,0
recipe:ji_2007_ripples,literature,burst_only,204,1,0.00490196,0,0.0158751,ripple,20,0
recipe:ji_2007_ripples,literature,ripple_doublet,202,2,0.00990099,0,0.0236967,ripple,20,0
recipe:ji_2007_ripples,literature,sharp_wave_only,227,0,0,0,0,ripple,20,0
recipe:kaefer_2020,literature,swr,1241,9,0.00725222,0.00400312,0.0105607,ripple,20,0
recipe:kaefer_2020,literature,weak_ripple,315,0,0,0,0,ripple,20,0
recipe:kaefer_2020,literature,burst_only,204,0,0,0,0,ripple,20,0
recipe:kaefer_2020,literature,ripple_doublet,202,12,0.0594059,0.033142,0.0865395,ripple,20,0
recipe:kaefer_2020,literature,sharp_wave_only,227,1,0.00440529,0,0.014218,ripple,20,0
recipe:karlsson_2009,literature,swr,1241,1143,0.921031,0.908869,0.932807,ripple,20,0
recipe:karlsson_2009,literature,weak_ripple,315,32,0.101587,0.07744,0.129142,ripple,20,0
recipe:karlsson_2009,literature,burst_only,204,1,0.00490196,0,0.0158751,ripple,20,0
recipe:karlsson_2009,literature,ripple_doublet,202,202,1,1,1,ripple,20,0
recipe:karlsson_2009,literature,sharp_wave_only,227,0,0,0,0,ripple,20,0
recipe:krause_2022,literature,swr,1241,1117,0.900081,0.880125,0.917603,network,20,0
recipe:krause_2022,literature,weak_ripple,315,30,0.0952381,0.0698526,0.120635,network,20,0
recipe:krause_2022,literature,burst_only,204,1,0.00490196,0,0.0158751,network,20,0
recipe:krause_2022,literature,ripple_doublet,202,201,0.99505,0.984208,1,network,20,0
recipe:krause_2022,literature,sharp_wave_only,227,0,0,0,0,network,20,0
recipe:krause_2022_hse,literature,swr,1241,1113,0.896857,0.880969,0.91231,burst,20,0
recipe:krause_2022_hse,literature,weak_ripple,315,189,0.6,0.54368,0.653132,burst,20,0
recipe:krause_2022_hse,literature,burst_only,204,106,0.519608,0.462256,0.57732,burst,20,0
recipe:krause_2022_hse,literature,ripple_doublet,202,197,0.975248,0.951923,0.995001,burst,20,0
recipe:krause_2022_hse,literature,sharp_wave_only,227,2,0.00881057,0,0.0228311,burst,20,0
recipe:kudrimoti_1999,literature,swr,1241,38,0.0306205,0.0222218,0.0387795,ripple,20,0
recipe:kudrimoti_1999,literature,weak_ripple,315,0,0,0,0,ripple,20,0
recipe:kudrimoti_1999,literature,burst_only,204,0,0,0,0,ripple,20,0
recipe:kudrimoti_1999,literature,ripple_doublet,202,11,0.0544554,0.03286,0.0750055,ripple,20,0
recipe:kudrimoti_1999,literature,sharp_wave_only,227,0,0,0,0,ripple,20,0
recipe:lee_2002,literature,swr,1241,1206,0.971797,0.960863,0.981804,burst,20,0
recipe:lee_2002,literature,weak_ripple,315,255,0.809524,0.769231,0.846646,burst,20,0
recipe:lee_2002,literature,burst_only,204,199,0.97549,0.956279,0.99131,burst,20,0
recipe:lee_2002,literature,ripple_doublet,202,201,0.99505,0.984375,1,burst,20,0
recipe:lee_2002,literature,sharp_wave_only,227,106,0.46696,0.407563,0.530973,burst,20,0
recipe:lee_2002_ripples,literature,swr,1241,124,0.0999194,0.0844037,0.115756,ripple,20,0
recipe:lee_2002_ripples,literature,weak_ripple,315,1,0.0031746,0,0.0105263,ripple,20,0
recipe:lee_2002_ripples,literature,burst_only,204,1,0.00490196,0,0.0158751,ripple,20,0
recipe:lee_2002_ripples,literature,ripple_doublet,202,37,0.183168,0.13913,0.232564,ripple,20,0
recipe:lee_2002_ripples,literature,sharp_wave_only,227,0,0,0,0,ripple,20,0
recipe:liu_2019,literature,swr,1241,1063,0.856567,0.836361,0.876736,burst,20,0
recipe:liu_2019,literature,weak_ripple,315,256,0.812698,0.762985,0.86129,burst,20,0
recipe:liu_2019,literature,burst_only,204,173,0.848039,0.792064,0.901869,burst,20,0
recipe:liu_2019,literature,ripple_doublet,202,173,0.856436,0.800947,0.903413,burst,20,0
recipe:liu_2019,literature,sharp_wave_only,227,134,0.590308,0.524653,0.648989,burst,20,0
recipe:liu_2019_awake,literature,swr,1241,1063,0.856567,0.836361,0.876736,burst,20,0
recipe:liu_2019_awake,literature,weak_ripple,315,256,0.812698,0.762985,0.86129,burst,20,0
recipe:liu_2019_awake,literature,burst_only,204,173,0.848039,0.792064,0.901869,burst,20,0
recipe:liu_2019_awake,literature,ripple_doublet,202,173,0.856436,0.800947,0.903413,burst,20,0
recipe:liu_2019_awake,literature,sharp_wave_only,227,134,0.590308,0.524653,0.648989,burst,20,0
recipe:liu_2023,literature,swr,1241,720,0.580177,0.548955,0.609207,network,20,0
recipe:liu_2023,literature,weak_ripple,315,5,0.015873,0.00315408,0.03248,network,20,0
recipe:liu_2023,literature,burst_only,204,0,0,0,0,network,20,0
recipe:liu_2023,literature,ripple_doublet,202,180,0.891089,0.857867,0.924172,network,20,0
recipe:liu_2023,literature,sharp_wave_only,227,1,0.00440529,0,0.0134529,network,20,0
recipe:maboudi_2018,literature,swr,1241,1100,0.886382,0.869036,0.903122,burst,20,0
recipe:maboudi_2018,literature,weak_ripple,315,154,0.488889,0.430419,0.548785,burst,20,0
recipe:maboudi_2018,literature,burst_only,204,105,0.514706,0.456895,0.575427,burst,20,0
recipe:maboudi_2018,literature,ripple_doublet,202,197,0.975248,0.951923,0.995001,burst,20,0
recipe:maboudi_2018,literature,sharp_wave_only,227,1,0.00440529,0,0.0140187,burst,20,0
recipe:maboudi_2018_open_field,literature,swr,1241,1047,0.843674,0.826603,0.861283,burst,20,0
recipe:maboudi_2018_open_field,literature,weak_ripple,315,38,0.120635,0.094338,0.143302,burst,20,0
recipe:maboudi_2018_open_field,literature,burst_only,204,176,0.862745,0.813941,0.909103,burst,20,0
recipe:maboudi_2018_open_field,literature,ripple_doublet,202,187,0.925743,0.903226,0.947368,burst,20,0
recipe:maboudi_2018_open_field,literature,sharp_wave_only,227,1,0.00440529,0,0.0142857,burst,20,0
recipe:mallory_2025,literature,swr,1241,1080,0.870266,0.854891,0.884801,burst,20,0
recipe:mallory_2025,literature,weak_ripple,315,52,0.165079,0.122032,0.204406,burst,20,0
recipe:mallory_2025,literature,burst_only,204,177,0.867647,0.823008,0.915789,burst,20,0
recipe:mallory_2025,literature,ripple_doublet,202,187,0.925743,0.896552,0.951872,burst,20,0
recipe:mallory_2025,literature,sharp_wave_only,227,2,0.00881057,0,0.0233645,burst,20,0
recipe:mallory_2025_ripples,literature,swr,1241,1114,0.897663,0.885737,0.910054,ripple,20,0
recipe:mallory_2025_ripples,literature,weak_ripple,315,38,0.120635,0.0786631,0.163018,ripple,20,0
recipe:mallory_2025_ripples,literature,burst_only,204,1,0.00490196,0,0.0158751,ripple,20,0
recipe:mallory_2025_ripples,literature,ripple_doublet,202,202,1,1,1,ripple,20,0
recipe:mallory_2025_ripples,literature,sharp_wave_only,227,1,0.00440529,0,0.0136986,ripple,20,0
recipe:michon_2019,literature,swr,1241,430,0.346495,0.313598,0.379251,network,20,0
recipe:michon_2019,literature,weak_ripple,315,0,0,0,0,network,20,0
recipe:michon_2019,literature,burst_only,204,0,0,0,0,network,20,0
recipe:michon_2019,literature,ripple_doublet,202,124,0.613861,0.553189,0.666707,network,20,0
recipe:michon_2019,literature,sharp_wave_only,227,0,0,0,0,network,20,0
recipe:michon_2021,literature,swr,1241,430,0.346495,0.313598,0.379251,network,20,0
recipe:michon_2021,literature,weak_ripple,315,0,0,0,0,network,20,0
recipe:michon_2021,literature,burst_only,204,0,0,0,0,network,20,0
recipe:michon_2021,literature,ripple_doublet,202,124,0.613861,0.553189,0.666707,network,20,0
recipe:michon_2021,literature,sharp_wave_only,227,0,0,0,0,network,20,0
recipe:mou_2022,literature,swr,1241,1129,0.90975,0.889338,0.928741,burst,20,0
recipe:mou_2022,literature,weak_ripple,315,225,0.714286,0.645425,0.778489,burst,20,0
recipe:mou_2022,literature,burst_only,204,130,0.637255,0.567955,0.697685,burst,20,0
recipe:mou_2022,literature,ripple_doublet,202,197,0.975248,0.952991,0.994924,burst,20,0
recipe:mou_2022,literature,sharp_wave_only,227,12,0.0528634,0.0126024,0.107155,burst,20,0
recipe:muessig_2019,literature,swr,1241,145,0.116841,0.0989357,0.13555,network,20,0
recipe:muessig_2019,literature,weak_ripple,315,0,0,0,0,network,20,0
recipe:muessig_2019,literature,burst_only,204,7,0.0343137,0.00938967,0.0653266,network,20,0
recipe:muessig_2019,literature,ripple_doublet,202,68,0.336634,0.284139,0.385787,network,20,0
recipe:muessig_2019,literature,sharp_wave_only,227,0,0,0,0,network,20,0
recipe:muessig_2019_ripples,literature,swr,1241,1182,0.952458,0.936341,0.966876,ripple,20,0
recipe:muessig_2019_ripples,literature,weak_ripple,315,151,0.479365,0.410419,0.552632,ripple,20,0
recipe:muessig_2019_ripples,literature,burst_only,204,69,0.338235,0.278607,0.404878,ripple,20,0
recipe:muessig_2019_ripples,literature,ripple_doublet,202,201,0.99505,0.983869,1,ripple,20,0
recipe:muessig_2019_ripples,literature,sharp_wave_only,227,48,0.211454,0.16371,0.258222,ripple,20,0
recipe:nadasdy_1999,literature,swr,1241,690,0.556003,0.518519,0.591402,ripple,20,0
recipe:nadasdy_1999,literature,weak_ripple,315,0,0,0,0,ripple,20,0
recipe:nadasdy_1999,literature,burst_only,204,1,0.00490196,0,0.0158751,ripple,20,0
recipe:nadasdy_1999,literature,ripple_doublet,202,177,0.876238,0.832486,0.915791,ripple,20,0
recipe:nadasdy_1999,literature,sharp_wave_only,227,0,0,0,0,ripple,20,0
recipe:olafsdottir_2015,literature,swr,1241,948,0.7639,0.732693,0.795086,burst,20,0
recipe:olafsdottir_2015,literature,weak_ripple,315,31,0.0984127,0.0727183,0.1235,burst,20,0
recipe:olafsdottir_2015,literature,burst_only,204,150,0.735294,0.677382,0.797103,burst,20,0
recipe:olafsdottir_2015,literature,ripple_doublet,202,178,0.881188,0.825463,0.927191,burst,20,0
recipe:olafsdottir_2015,literature,sharp_wave_only,227,1,0.00440529,0,0.0140187,burst,20,0
recipe:olafsdottir_2015.bayesian_candidates,literature,swr,1241,849,0.684126,0.651903,0.71799,burst,20,0
recipe:olafsdottir_2015.bayesian_candidates,literature,weak_ripple,315,20,0.0634921,0.0410905,0.0875011,burst,20,0
recipe:olafsdottir_2015.bayesian_candidates,literature,burst_only,204,134,0.656863,0.595232,0.723762,burst,20,0
recipe:olafsdottir_2015.bayesian_candidates,literature,ripple_doublet,202,173,0.856436,0.793645,0.907837,burst,20,0
recipe:olafsdottir_2015.bayesian_candidates,literature,sharp_wave_only,227,1,0.00440529,0,0.0140187,burst,20,0
recipe:olafsdottir_2016,literature,swr,1241,789,0.635778,0.607197,0.665623,burst,20,0
recipe:olafsdottir_2016,literature,weak_ripple,315,5,0.015873,0.00367449,0.0283912,burst,20,0
recipe:olafsdottir_2016,literature,burst_only,204,133,0.651961,0.589027,0.720602,burst,20,0
recipe:olafsdottir_2016,literature,ripple_doublet,202,171,0.846535,0.783333,0.896556,burst,20,0
recipe:olafsdottir_2016,literature,sharp_wave_only,227,0,0,0,0,burst,20,0
recipe:olafsdottir_2017,literature,swr,1241,1039,0.837228,0.812399,0.860004,burst,20,0
recipe:olafsdottir_2017,literature,weak_ripple,315,53,0.168254,0.134223,0.202953,burst,20,0
recipe:olafsdottir_2017,literature,burst_only,204,174,0.852941,0.801932,0.903858,burst,20,0
recipe:olafsdottir_2017,literature,ripple_doublet,202,192,0.950495,0.908163,0.984536,burst,20,0
recipe:olafsdottir_2017,literature,sharp_wave_only,227,5,0.0220264,0.00434783,0.0440577,burst,20,0
recipe:olafsdottir_2017.trajectory,literature,swr,1241,789,0.635778,0.607197,0.665623,burst,20,0
recipe:olafsdottir_2017.trajectory,literature,weak_ripple,315,5,0.015873,0.00367449,0.0283912,burst,20,0
recipe:olafsdottir_2017.trajectory,literature,burst_only,204,133,0.651961,0.589027,0.720602,burst,20,0
recipe:olafsdottir_2017.trajectory,literature,ripple_doublet,202,171,0.846535,0.783333,0.896556,burst,20,0
recipe:olafsdottir_2017.trajectory,literature,sharp_wave_only,227,0,0,0,0,burst,20,0
recipe:pfeiffer_2013,literature,swr,1241,1047,0.843674,0.826603,0.861283,burst,20,0
recipe:pfeiffer_2013,literature,weak_ripple,315,38,0.120635,0.094338,0.143302,burst,20,0
recipe:pfeiffer_2013,literature,burst_only,204,176,0.862745,0.813941,0.909103,burst,20,0
recipe:pfeiffer_2013,literature,ripple_doublet,202,187,0.925743,0.903226,0.947368,burst,20,0
recipe:pfeiffer_2013,literature,sharp_wave_only,227,1,0.00440529,0,0.0142857,burst,20,0
recipe:pfeiffer_2013_ripples,literature,swr,1241,1181,0.951652,0.937745,0.963753,ripple,20,0
recipe:pfeiffer_2013_ripples,literature,weak_ripple,315,52,0.165079,0.131141,0.196778,ripple,20,0
recipe:pfeiffer_2013_ripples,literature,burst_only,204,1,0.00490196,0,0.0158751,ripple,20,0
recipe:pfeiffer_2013_ripples,literature,ripple_doublet,202,202,1,1,1,ripple,20,0
recipe:pfeiffer_2013_ripples,literature,sharp_wave_only,227,0,0,0,0,ripple,20,0
recipe:pfeiffer_2015,literature,swr,1241,1181,0.951652,0.937745,0.963753,ripple,20,0
recipe:pfeiffer_2015,literature,weak_ripple,315,52,0.165079,0.131141,0.196778,ripple,20,0
recipe:pfeiffer_2015,literature,burst_only,204,1,0.00490196,0,0.0158751,ripple,20,0
recipe:pfeiffer_2015,literature,ripple_doublet,202,202,1,1,1,ripple,20,0
recipe:pfeiffer_2015,literature,sharp_wave_only,227,0,0,0,0,ripple,20,0
recipe:shin_2019,literature,swr,1241,1143,0.921031,0.908869,0.932807,ripple,20,0
recipe:shin_2019,literature,weak_ripple,315,32,0.101587,0.07744,0.129142,ripple,20,0
recipe:shin_2019,literature,burst_only,204,1,0.00490196,0,0.0158751,ripple,20,0
recipe:shin_2019,literature,ripple_doublet,202,202,1,1,1,ripple,20,0
recipe:shin_2019,literature,sharp_wave_only,227,0,0,0,0,ripple,20,0
recipe:silva_2015,literature,swr,1241,833,0.671233,0.638947,0.699928,burst,20,0
recipe:silva_2015,literature,weak_ripple,315,30,0.0952381,0.0658286,0.125787,burst,20,0
recipe:silva_2015,literature,burst_only,204,139,0.681373,0.627699,0.736284,burst,20,0
recipe:silva_2015,literature,ripple_doublet,202,184,0.910891,0.88625,0.9369,burst,20,0
recipe:silva_2015,literature,sharp_wave_only,227,1,0.00440529,0,0.0134529,burst,20,0
recipe:stella_2019,literature,swr,1241,970,0.781628,0.763178,0.801956,ripple,20,0
recipe:stella_2019,literature,weak_ripple,315,12,0.0380952,0.0179065,0.0627233,ripple,20,0
recipe:stella_2019,literature,burst_only,204,1,0.00490196,0,0.0158751,ripple,20,0
recipe:stella_2019,literature,ripple_doublet,202,200,0.990099,0.975,1,ripple,20,0
recipe:stella_2019,literature,sharp_wave_only,227,1,0.00440529,0,0.0137615,ripple,20,0
recipe:tang_2017,literature,swr,1241,1143,0.921031,0.908869,0.932807,ripple,20,0
recipe:tang_2017,literature,weak_ripple,315,32,0.101587,0.07744,0.129142,ripple,20,0
recipe:tang_2017,literature,burst_only,204,1,0.00490196,0,0.0158751,ripple,20,0
recipe:tang_2017,literature,ripple_doublet,202,202,1,1,1,ripple,20,0
recipe:tang_2017,literature,sharp_wave_only,227,0,0,0,0,ripple,20,0
recipe:tirole_2022,literature,swr,1241,873,0.703465,0.677908,0.729049,network,20,0
recipe:tirole_2022,literature,weak_ripple,315,18,0.0571429,0.0301988,0.0856167,network,20,0
recipe:tirole_2022,literature,burst_only,204,11,0.0539216,0.0192239,0.0945946,network,20,0
recipe:tirole_2022,literature,ripple_doublet,202,194,0.960396,0.936578,0.983698,network,20,0
recipe:tirole_2022,literature,sharp_wave_only,227,1,0.00440529,0,0.0140187,network,20,0
recipe:widloski_2025,literature,swr,1241,823,0.663175,0.631314,0.696183,ripple,20,0
recipe:widloski_2025,literature,weak_ripple,315,12,0.0380952,0.0172384,0.0586319,ripple,20,0
recipe:widloski_2025,literature,burst_only,204,3,0.0147059,0,0.0310881,ripple,20,0
recipe:widloski_2025,literature,ripple_doublet,202,196,0.970297,0.94009,0.99505,ripple,20,0
recipe:widloski_2025,literature,sharp_wave_only,227,2,0.00881057,0,0.0225225,ripple,20,0
recipe:widloski_2025_bursts,literature,swr,1241,709,0.571313,0.541291,0.601343,burst,20,0
recipe:widloski_2025_bursts,literature,weak_ripple,315,71,0.225397,0.166655,0.291265,burst,20,0
recipe:widloski_2025_bursts,literature,burst_only,204,49,0.240196,0.17936,0.303688,burst,20,0
recipe:widloski_2025_bursts,literature,ripple_doublet,202,186,0.920792,0.883495,0.956044,burst,20,0
recipe:widloski_2025_bursts,literature,sharp_wave_only,227,1,0.00440529,0,0.0139551,burst,20,0
recipe:wikenheiser_2013,literature,swr,1241,1201,0.967768,0.955814,0.978624,ripple,20,0
recipe:wikenheiser_2013,literature,weak_ripple,315,293,0.930159,0.895205,0.9639,ripple,20,0
recipe:wikenheiser_2013,literature,burst_only,204,172,0.843137,0.793473,0.887755,ripple,20,0
recipe:wikenheiser_2013,literature,ripple_doublet,202,196,0.970297,0.944444,0.99115,ripple,20,0
recipe:wikenheiser_2013,literature,sharp_wave_only,227,166,0.731278,0.689498,0.768602,ripple,20,0
recipe:wu_2014,literature,swr,1241,1160,0.93473,0.918896,0.950472,burst,20,0
recipe:wu_2014,literature,weak_ripple,315,120,0.380952,0.337337,0.422719,burst,20,0
recipe:wu_2014,literature,burst_only,204,191,0.936275,0.893195,0.97423,burst,20,0
recipe:wu_2014,literature,ripple_doublet,202,201,0.99505,0.98324,1,burst,20,0
recipe:wu_2014,literature,sharp_wave_only,227,20,0.0881057,0.0480707,0.127193,burst,20,0
recipe:wu_2017,literature,swr,1241,781,0.629331,0.605914,0.650002,burst,20,0
recipe:wu_2017,literature,weak_ripple,315,75,0.238095,0.202697,0.275753,burst,20,0
recipe:wu_2017,literature,burst_only,204,39,0.191176,0.151163,0.239362,burst,20,0
recipe:wu_2017,literature,ripple_doublet,202,158,0.782178,0.741377,0.824122,burst,20,0
recipe:wu_2017,literature,sharp_wave_only,227,0,0,0,0,burst,20,0
recipe:xu_2019,literature,swr,1241,1070,0.862208,0.838424,0.885357,burst,20,0
recipe:xu_2019,literature,weak_ripple,315,44,0.139683,0.101967,0.173025,burst,20,0
recipe:xu_2019,literature,burst_only,204,176,0.862745,0.818172,0.906863,burst,20,0
recipe:xu_2019,literature,ripple_doublet,202,189,0.935644,0.907216,0.96098,burst,20,0
recipe:xu_2019,literature,sharp_wave_only,227,2,0.00881057,0,0.0233645,burst,20,0
recipe:yamamoto_2017,literature,swr,1241,977,0.787268,0.757311,0.815707,network,20,0
recipe:yamamoto_2017,literature,weak_ripple,315,47,0.149206,0.109322,0.192192,network,20,0
recipe:yamamoto_2017,literature,burst_only,204,5,0.0245098,0.00857657,0.0424553,network,20,0
recipe:yamamoto_2017,literature,ripple_doublet,202,191,0.945545,0.915,0.970874,network,20,0
recipe:yamamoto_2017,literature,sharp_wave_only,227,0,0,0,0,network,20,0
recipe:yang_2024,literature,swr,1241,737,0.593876,0.555293,0.629325,network,20,0
recipe:yang_2024,literature,weak_ripple,315,0,0,0,0,network,20,0
recipe:yang_2024,literature,burst_only,204,1,0.00490196,0,0.0158751,network,20,0
recipe:yang_2024,literature,ripple_doublet,202,168,0.831683,0.76704,0.885421,network,20,0
recipe:yang_2024,literature,sharp_wave_only,227,0,0,0,0,network,20,0
