method,setting,minimum_iou,n_reference,n_detected,n_matched,recall,recall_low,recall_high,precision,precision_low,precision_high,f1,f1_low,f1_high,iou_q25,median_iou,iou_q75,median_abs_onset_error,median_abs_offset_error,recall_swr,recall_weak_ripple,recall_burst_only,recall_ripple_doublet,recall_sharp_wave_only,recall_at_0.5,read_off_at_0.5,recall_at_1,read_off_at_1,recall_at_2,read_off_at_2,recall_at_5,read_off_at_5,rank,primary_expression,n_sessions,n_failures
Carey_candidate_detector,default,0,2189,2730,1786,0.815898,0.8052,0.82741,0.654212,0.615328,0.693468,0.726164,0.701492,0.749135,0.690807,0.792996,0.873564,0.0106142,0.013347,0.980661,0.75873,0.607843,1,0.0176211,0.744405,interpolated,0.768917,interpolated,0.790707,interpolated,0.817183,interpolated,2,network,20,0
Carey_candidate_detector,default,0.2,2189,2730,1784,0.814984,0.804651,0.825652,0.65348,0.614252,0.69278,0.725351,0.700308,0.748727,0.691018,0.79317,0.87371,0.0105758,0.0133227,0.980661,0.755556,0.602941,1,0.0176211,0.742698,interpolated,0.767581,interpolated,0.789621,interpolated,0.816174,interpolated,2,network,20,0
Carey_candidate_detector,default,0.5,2189,2730,1718,0.784833,0.771757,0.798071,0.629304,0.591304,0.666792,0.698516,0.673249,0.721933,0.705883,0.797934,0.877255,0.0100851,0.0128659,0.952458,0.698413,0.553922,0.99505,0.00881057,0.722135,interpolated,0.743826,interpolated,0.762952,interpolated,0.785535,interpolated,1,network,20,0
Karlsson_ripple_detector,default,0,2028,1750,1467,0.723373,0.708684,0.73957,0.838286,0.819575,0.853896,0.776601,0.762935,0.789365,0.611136,0.737705,0.82972,0.0118852,0.0125071,0.921031,0.101587,0.00490196,1,0,0.221477,interpolated,0.633784,interpolated,0.744627,interpolated,0.792552,interpolated,14,ripple,20,0
Karlsson_ripple_detector,default,0.2,2028,1750,1463,0.7214,0.706891,0.737681,0.836,0.817801,0.851369,0.774484,0.761227,0.787159,0.612831,0.737962,0.830069,0.0118419,0.0124888,0.920226,0.0984127,0.00490196,0.990099,0,0.209981,interpolated,0.62589,interpolated,0.741933,interpolated,0.790039,interpolated,10,ripple,20,0
Karlsson_ripple_detector,default,0.5,2028,1750,1302,0.642012,0.623968,0.659347,0.744,0.727536,0.758623,0.689254,0.673458,0.703486,0.663269,0.757842,0.839467,0.0102315,0.0117102,0.871072,0.0539683,0,0.712871,0,0.171173,interpolated,0.55447,interpolated,0.656606,interpolated,0.691566,interpolated,9,ripple,20,0
Kay_ripple_detector,default,0,2028,2158,1680,0.828402,0.816373,0.842284,0.778499,0.755482,0.799166,0.802676,0.789625,0.814868,0.652533,0.772155,0.851459,0.00830239,0.0113132,0.975826,0.346032,0.0196078,1,0.00440529,,,0.784125,interpolated,0.818877,interpolated,0.847525,interpolated,5,ripple,20,0
Kay_ripple_detector,default,0.2,2028,2158,1679,0.827909,0.815916,0.841848,0.778035,0.755333,0.798338,0.802198,0.789334,0.813973,0.652578,0.772502,0.851541,0.00829981,0.0113085,0.975826,0.342857,0.0147059,0.99505,0.00440529,,,0.78337,interpolated,0.818244,interpolated,0.846758,interpolated,4,ripple,20,0
Kay_ripple_detector,default,0.5,2028,2158,1582,0.780079,0.765669,0.795379,0.733086,0.711028,0.752553,0.755853,0.741943,0.768541,0.677367,0.782275,0.856626,0.00784494,0.010654,0.896857,0.171429,0.00490196,0.554455,0,,,0.743986,interpolated,0.771981,interpolated,0.793242,interpolated,4,ripple,20,0
Long_sharp_wave_ripple_detector,default,0,2028,1429,1370,0.675542,0.656034,0.69322,0.958712,0.951233,0.966363,0.792595,0.778453,0.805369,0.377888,0.487058,0.626844,0.0144606,0.0283152,0.805802,0.0888889,0,0.960396,0.259912,0.765779,within budget,0.765779,within budget,0.765779,within budget,0.765779,within budget,20,ripple,20,0
Long_sharp_wave_ripple_detector,default,0.2,2028,1429,1362,0.671598,0.652472,0.688804,0.953114,0.944875,0.961724,0.787966,0.773905,0.800703,0.380853,0.488386,0.627184,0.014343,0.0282452,0.786463,0.0857143,0,0.623762,0.259912,0.760355,within budget,0.760355,within budget,0.760355,within budget,0.760355,within budget,19,ripple,20,0
Long_sharp_wave_ripple_detector,default,0.5,2028,1429,643,0.317061,0.297524,0.336076,0.449965,0.421568,0.478064,0.371999,0.349286,0.39473,0.565695,0.636052,0.739978,0.0086861,0.0125292,0.298147,0.0222222,0,0.0247525,0.259912,0.358481,within budget,0.358481,within budget,0.358481,within budget,0.358481,within budget,27,ripple,20,0
Roumis_ripple_detector,default,0,2028,2152,1679,0.827909,0.816142,0.841453,0.780204,0.757589,0.802475,0.803349,0.79048,0.815907,0.652879,0.772504,0.849992,0.00834514,0.0113402,0.976632,0.355556,0.0196078,1,0.00440529,,,0.786274,interpolated,0.819351,interpolated,0.84595,interpolated,7,ripple,20,0
Roumis_ripple_detector,default,0.2,2028,2152,1678,0.827416,0.815861,0.841246,0.77974,0.757489,0.80142,0.802871,0.790341,0.815112,0.653324,0.772509,0.850182,0.00832765,0.0113398,0.976632,0.349206,0.0147059,0.99505,0.00440529,,,0.785525,interpolated,0.818724,interpolated,0.845188,interpolated,6,ripple,20,0
Roumis_ripple_detector,default,0.5,2028,2152,1577,0.777613,0.765332,0.79128,0.732807,0.710841,0.754017,0.754545,0.741476,0.767426,0.676524,0.782384,0.853269,0.00787752,0.01078,0.895246,0.187302,0.00490196,0.574257,0,,,0.74389,interpolated,0.770359,interpolated,0.790211,interpolated,6,ripple,20,0
Shvartsman_ripple_detector,default,0,2028,1471,1341,0.661243,0.645606,0.67772,0.911625,0.899234,0.923484,0.766505,0.75421,0.778767,0.614569,0.741527,0.832705,0.0122436,0.0125022,0.85415,0.0285714,0.00490196,0.980198,0,0.223732,interpolated,0.750714,interpolated,0.788271,interpolated,0.811894,interpolated,22,ripple,20,0
Shvartsman_ripple_detector,default,0.2,2028,1471,1339,0.660256,0.644335,0.676902,0.910265,0.898446,0.921952,0.765362,0.753123,0.777911,0.615476,0.741659,0.832759,0.0122241,0.0124888,0.853344,0.0285714,0.00490196,0.975248,0,0.214908,interpolated,0.749767,interpolated,0.787323,interpolated,0.81001,interpolated,21,ripple,20,0
Shvartsman_ripple_detector,default,0.5,2028,1471,1192,0.587771,0.570393,0.60578,0.810333,0.797297,0.822604,0.681338,0.667038,0.6952,0.66574,0.761313,0.841977,0.0107316,0.0117911,0.8195,0.0190476,0,0.707921,0,0.169407,interpolated,0.660085,interpolated,0.690158,interpolated,0.707241,interpolated,14,ripple,20,0
Yu_ripple_detector,default,0,2028,3256,1731,0.85355,0.8436,0.864339,0.531634,0.499555,0.567785,0.655185,0.630519,0.68156,0.659415,0.770613,0.848599,0.00829738,0.0115689,0.977438,0.460317,0.0294118,1,0.0264317,,,,,,,0.842129,interpolated,3,ripple,20,0
Yu_ripple_detector,default,0.2,2028,3256,1727,0.851578,0.841573,0.862519,0.530405,0.498087,0.566689,0.653671,0.62876,0.680499,0.65985,0.771268,0.848689,0.00826187,0.0115477,0.977438,0.447619,0.0196078,1,0.0132159,,,,,,,0.840978,interpolated,3,ripple,20,0
Yu_ripple_detector,default,0.5,2028,3256,1623,0.800296,0.786849,0.815586,0.498464,0.466217,0.53402,0.614307,0.587547,0.641324,0.682294,0.783034,0.852042,0.00788928,0.0107172,0.880741,0.212698,0.00490196,0.519802,0.0132159,,,,,,,0.793838,interpolated,2,ripple,20,0
Zugaro_ripple_detector,default,0,2028,1561,1352,0.666667,0.645669,0.68801,0.866111,0.840945,0.889325,0.753413,0.732415,0.772691,0.493087,0.587433,0.666351,0.0145237,0.0234334,0.792909,0.0222222,0.00490196,0.960396,0,,,0.62666,interpolated,0.781065,within budget,0.781065,within budget,21,ripple,20,0
Zugaro_ripple_detector,default,0.2,2028,1561,1349,0.665187,0.644007,0.686585,0.86419,0.839195,0.887467,0.751741,0.730924,0.770725,0.49322,0.587888,0.666552,0.014508,0.0234262,0.784851,0.0190476,0.00490196,0.846535,0,,,0.625545,interpolated,0.773176,within budget,0.773176,within budget,20,ripple,20,0
Zugaro_ripple_detector,default,0.5,2028,1561,989,0.487673,0.463979,0.510609,0.633568,0.603767,0.662248,0.551128,0.525233,0.576103,0.571694,0.62666,0.694162,0.0119855,0.018539,0.234488,0,0.00490196,0.0247525,0,,,0.474216,interpolated,0.513314,within budget,0.513314,within budget,22,ripple,20,0
multiunit_HSE_detector,default,0,1962,5406,1833,0.934251,0.924211,0.944532,0.339068,0.322013,0.356986,0.497557,0.478744,0.516576,0.507103,0.65029,0.775873,0.0231996,0.0236041,0.967768,0.860317,0.779412,1,0.0969163,0.59303,interpolated,0.764939,interpolated,0.816028,interpolated,0.873194,interpolated,3,burst,20,0
multiunit_HSE_detector,default,0.2,1962,5406,1811,0.923038,0.91179,0.934505,0.334998,0.317449,0.353337,0.491585,0.472472,0.511095,0.515045,0.651927,0.777312,0.0227705,0.023343,0.966156,0.857143,0.754902,1,0.0748899,0.587508,interpolated,0.759754,interpolated,0.809286,interpolated,0.864411,interpolated,2,burst,20,0
multiunit_HSE_detector,default,0.5,1962,5406,1399,0.713048,0.697264,0.728787,0.258787,0.243846,0.274809,0.37975,0.362683,0.397898,0.608953,0.713128,0.804738,0.0182948,0.0196035,0.783239,0.692063,0.612745,0.945545,0.030837,0.474039,interpolated,0.605306,interpolated,0.643578,interpolated,0.679757,interpolated,4,burst,20,0
recipe:ambrose_2016,literature,0,2028,1629,1476,0.727811,0.710054,0.746416,0.906077,0.891942,0.919114,0.807219,0.793187,0.820952,0.46801,0.633812,0.788374,0.0173523,0.016797,0.951652,0.165079,0.00490196,1,0,,,,,,,,,11,ripple,20,0
recipe:ambrose_2016,literature,0.2,2028,1629,1460,0.719921,0.702541,0.738011,0.896255,0.885276,0.906113,0.798469,0.785491,0.811464,0.474791,0.63707,0.790974,0.0169679,0.0166278,0.948429,0.165079,0.00490196,1,0,,,,,,,,,15,ripple,20,0
recipe:ambrose_2016,literature,0.5,2028,1629,1049,0.517258,0.494752,0.539437,0.643953,0.62316,0.665455,0.573694,0.552558,0.595642,0.609513,0.728308,0.827584,0.0129178,0.0131574,0.829976,0.152381,0,0.881188,0,,,,,,,,,18,ripple,20,0
recipe:bendor_2012,literature,0,1962,1393,1306,0.665647,0.642752,0.68864,0.937545,0.922967,0.950495,0.778539,0.761356,0.794865,0.607693,0.720428,0.813849,0.0135465,0.0192217,0.769541,0.346032,0.303922,0.891089,0,,,,,,,,,23,burst,20,0
recipe:bendor_2012,literature,0.2,1962,1393,1304,0.664628,0.642184,0.687147,0.936109,0.921459,0.949349,0.777347,0.760611,0.793185,0.608116,0.720745,0.814023,0.0135075,0.0191465,0.769541,0.342857,0.29902,0.891089,0,,,,,,,,,20,burst,20,0
recipe:bendor_2012,literature,0.5,1962,1393,1202,0.61264,0.591582,0.635322,0.862886,0.844814,0.881815,0.716542,0.69964,0.734581,0.63875,0.73854,0.822066,0.0127359,0.0177996,0.729251,0.24127,0.230392,0.772277,0,,,,,,,,,12,burst,20,0
recipe:berners_lee_2021,literature,0,2028,2647,1611,0.794379,0.779226,0.810867,0.608614,0.566252,0.656125,0.689198,0.664636,0.715851,0.462898,0.636768,0.786671,0.0170096,0.0176278,0.979855,0.469841,0.0392157,1,0.0132159,,,,,,,,,10,ripple,20,0
recipe:berners_lee_2021,literature,0.2,2028,2647,1589,0.783531,0.767462,0.800398,0.600302,0.55936,0.647248,0.679786,0.655391,0.706219,0.469468,0.642811,0.788339,0.0167599,0.0174606,0.978243,0.466667,0.0196078,1,0.00440529,,,,,,,,,8,ripple,20,0
recipe:berners_lee_2021,literature,0.5,2028,2647,1129,0.556706,0.53225,0.579993,0.426521,0.392843,0.465043,0.482995,0.456975,0.511237,0.623411,0.7317,0.831597,0.0125322,0.0131607,0.851732,0.365079,0.00490196,0.886139,0,,,,,,,,,15,ripple,20,0
recipe:berners_lee_2022,literature,0,1962,1577,1305,0.665138,0.646858,0.686078,0.827521,0.81007,0.846396,0.737496,0.723308,0.753062,0.603283,0.728153,0.815663,0.0189524,0.0210037,0.713135,0.457143,0.401961,0.960396,0.00440529,,,,,,,,,24,burst,20,0
recipe:berners_lee_2022,literature,0.2,1962,1577,1301,0.663099,0.645625,0.682902,0.824984,0.807715,0.843175,0.735236,0.721375,0.749784,0.605423,0.728782,0.816406,0.0188116,0.0207062,0.713135,0.453968,0.401961,0.960396,0.00440529,,,,,,,,,22,burst,20,0
recipe:berners_lee_2022,literature,0.5,1962,1577,1145,0.583588,0.562466,0.604456,0.726062,0.702982,0.749844,0.647075,0.627183,0.666849,0.660488,0.750638,0.828286,0.0173481,0.0193757,0.647059,0.412698,0.357843,0.940594,0,,,,,,,,,16,burst,20,0
recipe:bhattarai_2020,literature,0,2189,814,797,0.364093,0.347764,0.38189,0.979115,0.969191,0.987923,0.530803,0.513583,0.549178,0.273906,0.402707,0.551196,0.0837598,0.057367,0.510878,0,0.00980392,0.787129,0.00881057,,,,,,,,,10,network,20,0
recipe:bhattarai_2020,literature,0.2,2189,814,695,0.317497,0.301248,0.33532,0.853808,0.828198,0.878397,0.46287,0.443185,0.483598,0.323397,0.446533,0.578126,0.0705294,0.0503678,0.440774,0,0.00490196,0.727723,0,,,,,,,,,10,network,20,0
recipe:bhattarai_2020,literature,0.5,2189,814,263,0.120146,0.109302,0.130197,0.323096,0.301542,0.343751,0.175158,0.160615,0.188044,0.553013,0.637369,0.724774,0.0369432,0.0311314,0.14021,0,0,0.440594,0,,,,,,,,,12,network,20,0
recipe:bhattarai_2020_ripples,literature,0,2028,922,908,0.447732,0.427187,0.469612,0.984816,0.978213,0.991072,0.615593,0.595829,0.636056,0.656083,0.769885,0.856054,0.00771921,0.0136179,0.595488,0.0031746,0.00490196,0.831683,0,,,,,,,,,30,ripple,20,0
recipe:bhattarai_2020_ripples,literature,0.2,2028,922,906,0.446746,0.426065,0.469019,0.982646,0.975945,0.98906,0.614237,0.594182,0.635175,0.657374,0.769923,0.856181,0.00770582,0.0135771,0.594682,0.0031746,0.00490196,0.831683,0,,,,,,,,,28,ripple,20,0
recipe:bhattarai_2020_ripples,literature,0.5,2028,922,832,0.410256,0.385298,0.435467,0.902386,0.879308,0.922064,0.564068,0.536849,0.590058,0.686488,0.786231,0.86452,0.00721021,0.0127408,0.531023,0,0.00490196,0.722772,0,,,,,,,,,24,ripple,20,0
recipe:bush_2022,literature,0,1962,1396,1230,0.626911,0.605036,0.65008,0.881089,0.863023,0.898317,0.732579,0.716123,0.750002,0.677953,0.777854,0.856303,0.0122877,0.0146476,0.717164,0.0571429,0.710784,0.876238,0,,,,,,,,,25,burst,20,0
recipe:bush_2022,literature,0.2,1962,1396,1229,0.626402,0.604931,0.648963,0.880372,0.8625,0.89762,0.731983,0.715694,0.74921,0.67802,0.778009,0.856397,0.0122819,0.0146381,0.716358,0.0571429,0.710784,0.876238,0,,,,,,,,,23,burst,20,0
recipe:bush_2022,literature,0.5,1962,1396,1165,0.593782,0.569795,0.620021,0.834527,0.813365,0.854954,0.693865,0.673609,0.71522,0.695938,0.787047,0.861534,0.0118035,0.0140902,0.681708,0.0349206,0.671569,0.821782,0,,,,,,,,,15,burst,20,0
recipe:carey_2019,literature,0,2189,4238,1808,0.825948,0.8082,0.842155,0.426616,0.393219,0.465664,0.562626,0.534622,0.592522,0.59123,0.726553,0.818339,0.0139032,0.0179448,0.967768,0.790476,0.715686,0.99505,0.0484581,,,,,,,,,1,network,20,0
recipe:carey_2019,literature,0.2,2189,4238,1795,0.820009,0.803138,0.835241,0.423549,0.389974,0.462975,0.558581,0.529876,0.588724,0.593446,0.727798,0.819189,0.0138271,0.017829,0.966962,0.774603,0.705882,0.990099,0.030837,,,,,,,,,1,network,20,0
recipe:carey_2019,literature,0.5,2189,4238,1547,0.706715,0.680882,0.73106,0.365031,0.336922,0.396727,0.481407,0.457099,0.50689,0.654873,0.753121,0.834574,0.0121293,0.0155477,0.905721,0.463492,0.460784,0.891089,0.0132159,,,,,,,,,2,network,20,0
recipe:carr_2012,literature,0,2028,1750,1467,0.723373,0.708684,0.73957,0.838286,0.819575,0.853896,0.776601,0.762935,0.789365,0.611136,0.737705,0.82972,0.0118852,0.0125071,0.921031,0.101587,0.00490196,1,0,,,,,,,,,14,ripple,20,0
recipe:carr_2012,literature,0.2,2028,1750,1463,0.7214,0.706891,0.737681,0.836,0.817801,0.851369,0.774484,0.761227,0.787159,0.612831,0.737962,0.830069,0.0118419,0.0124888,0.920226,0.0984127,0.00490196,0.990099,0,,,,,,,,,10,ripple,20,0
recipe:carr_2012,literature,0.5,2028,1750,1302,0.642012,0.623968,0.659347,0.744,0.727536,0.758623,0.689254,0.673458,0.703486,0.663269,0.757842,0.839467,0.0102315,0.0117102,0.871072,0.0539683,0,0.712871,0,,,,,,,,,9,ripple,20,0
recipe:chenani_2019,literature,0,1962,1468,1323,0.674312,0.657602,0.69168,0.901226,0.884383,0.917576,0.771429,0.755896,0.786955,0.615606,0.730104,0.824479,0.0212301,0.0195257,0.768735,0.0761905,0.789216,0.910891,0.00440529,,,,,,,,,21,burst,20,0
recipe:chenani_2019,literature,0.2,1962,1468,1322,0.673802,0.657424,0.690998,0.900545,0.883531,0.916839,0.770845,0.755645,0.786288,0.615741,0.730238,0.824578,0.0212287,0.019525,0.768735,0.0730159,0.789216,0.910891,0,,,,,,,,,19,burst,20,0
recipe:chenani_2019,literature,0.5,1962,1468,1176,0.599388,0.582683,0.616517,0.80109,0.781828,0.820179,0.685714,0.668981,0.70331,0.655657,0.751448,0.836206,0.0190732,0.0178496,0.709106,0.0603175,0.72549,0.881188,0,,,,,,,,,13,burst,20,0
recipe:davidson_2009,literature,0,1962,2033,1554,0.792049,0.775789,0.80818,0.764388,0.741494,0.787929,0.777972,0.765356,0.790119,0.526457,0.663111,0.783492,0.0226041,0.0229855,0.871072,0.580952,0.485294,0.945545,0.00881057,,,,,,,,,13,burst,20,0
recipe:davidson_2009,literature,0.2,1962,2033,1540,0.784913,0.769191,0.800811,0.757501,0.734107,0.782376,0.770964,0.757813,0.784423,0.531992,0.665452,0.78505,0.0224085,0.022679,0.86946,0.577778,0.480392,0.945545,0.00881057,,,,,,,,,10,burst,20,0
recipe:davidson_2009,literature,0.5,1962,2033,1236,0.629969,0.614906,0.644836,0.607969,0.583575,0.632074,0.618773,0.603122,0.634471,0.612007,0.717371,0.809415,0.0186763,0.0195387,0.720387,0.492063,0.416667,0.905941,0.00881057,,,,,,,,,11,burst,20,0
recipe:denovellis_2021,literature,0,2028,2129,1679,0.827909,0.815654,0.841496,0.788633,0.767564,0.807853,0.807794,0.795492,0.819262,0.660661,0.773247,0.853094,0.00820933,0.011167,0.974214,0.342857,0.0196078,1,0,,,,,,,,,7,ripple,20,0
recipe:denovellis_2021,literature,0.2,2028,2129,1678,0.827416,0.814851,0.841201,0.788163,0.76744,0.807019,0.807313,0.795347,0.818771,0.660837,0.773297,0.853121,0.00820051,0.0111247,0.974214,0.339683,0.0147059,0.99505,0,,,,,,,,,6,ripple,20,0
recipe:denovellis_2021,literature,0.5,2028,2129,1586,0.782051,0.766916,0.798454,0.744951,0.7264,0.762957,0.76305,0.749759,0.775758,0.685318,0.784047,0.857523,0.00785805,0.0105,0.889605,0.168254,0.00490196,0.569307,0,,,,,,,,,3,ripple,20,0
recipe:denovellis_2021_mua,literature,0,1962,5409,1832,0.933741,0.923965,0.943597,0.338695,0.321278,0.356769,0.497083,0.477961,0.51628,0.507102,0.647827,0.776875,0.0232541,0.0235672,0.967768,0.857143,0.779412,1,0.0969163,,,,,,,,,4,burst,20,0
recipe:denovellis_2021_mua,literature,0.2,1962,5409,1810,0.922528,0.911155,0.934011,0.334627,0.316768,0.353239,0.491114,0.471085,0.511074,0.512341,0.651373,0.779012,0.0227631,0.0234093,0.965351,0.853968,0.754902,1,0.0748899,,,,,,,,,3,burst,20,0
recipe:denovellis_2021_mua,literature,0.5,1962,5409,1402,0.714577,0.696835,0.732135,0.259198,0.24422,0.275302,0.38041,0.362698,0.399109,0.609134,0.715207,0.80715,0.018213,0.0196533,0.780016,0.698413,0.617647,0.950495,0.030837,,,,,,,,,3,burst,20,0
recipe:diba_2007,literature,0,1962,499,494,0.251784,0.230652,0.273773,0.98998,0.980972,0.996357,0.401463,0.373696,0.429328,0.305944,0.409688,0.51551,0.0709288,0.0850819,0.269138,0,0.289216,0.5,0,,,,,,,,,35,burst,20,0
recipe:diba_2007,literature,0.2,1962,499,464,0.236493,0.216906,0.257001,0.92986,0.909772,0.949398,0.377082,0.35093,0.403348,0.327991,0.422536,0.521626,0.0679576,0.0828532,0.255439,0,0.279412,0.5,0,,,,,,,,,35,burst,20,0
recipe:diba_2007,literature,0.5,1962,499,138,0.0703364,0.0611015,0.0794337,0.276553,0.251419,0.302044,0.11215,0.0986429,0.124899,0.536239,0.584408,0.665487,0.0484589,0.0665565,0.0604351,0,0.0637255,0.326733,0,,,,,,,,,35,burst,20,0
recipe:drieu_2018,literature,0,1962,3137,1516,0.772681,0.757402,0.787465,0.483264,0.461222,0.504874,0.594626,0.575858,0.612304,0.645173,0.754643,0.84037,0.0140199,0.0153231,0.875101,0.187302,0.877451,0.950495,0.0220264,,,,,,,,,14,burst,20,0
recipe:drieu_2018,literature,0.2,1962,3137,1510,0.769623,0.753939,0.784498,0.481352,0.45896,0.503643,0.592273,0.573298,0.610463,0.646972,0.754967,0.840765,0.0139544,0.015265,0.874295,0.174603,0.877451,0.950495,0.00881057,,,,,,,,,12,burst,20,0
recipe:drieu_2018,literature,0.5,1962,3137,1392,0.70948,0.693039,0.725491,0.443736,0.422714,0.464469,0.545989,0.527163,0.563927,0.678641,0.767857,0.84948,0.0126699,0.0144098,0.821918,0.107937,0.838235,0.861386,0.00440529,,,,,,,,,5,burst,20,0
recipe:farooq_2019_neuron,literature,0,1962,554,553,0.281855,0.259614,0.306177,0.998195,0.994555,1,0.439587,0.412151,0.468616,0.71808,0.79587,0.865499,0.0131637,0.0176319,0.282031,0.0126984,0.318627,0.663366,0,,,,,,,,,32,burst,20,0
recipe:farooq_2019_neuron,literature,0.2,1962,554,553,0.281855,0.259614,0.306177,0.998195,0.994555,1,0.439587,0.412151,0.468616,0.71808,0.79587,0.865499,0.0131637,0.0176319,0.282031,0.0126984,0.318627,0.663366,0,,,,,,,,,32,burst,20,0
recipe:farooq_2019_neuron,literature,0.5,1962,554,548,0.279307,0.257455,0.303003,0.98917,0.978547,0.998145,0.435612,0.408857,0.463889,0.720297,0.796038,0.866198,0.0130209,0.0175709,0.282031,0.00952381,0.313725,0.574257,0,,,,,,,,,29,burst,20,0
recipe:farooq_2019_science,literature,0,1962,549,549,0.279817,0.257885,0.303748,1,1,1,0.437276,0.410029,0.465962,0.71808,0.79587,0.865499,0.0131637,0.0176319,0.279613,0.00952381,0.318627,0.663366,0,,,,,,,,,33,burst,20,0
recipe:farooq_2019_science,literature,0.2,1962,549,549,0.279817,0.257885,0.303748,1,1,1,0.437276,0.410029,0.465962,0.71808,0.79587,0.865499,0.0131637,0.0176319,0.279613,0.00952381,0.318627,0.663366,0,,,,,,,,,33,burst,20,0
recipe:farooq_2019_science,literature,0.5,1962,549,544,0.277268,0.255934,0.300107,0.990893,0.981718,0.998168,0.433294,0.407074,0.460213,0.720297,0.796038,0.866198,0.0130209,0.0175709,0.279613,0.00634921,0.313725,0.574257,0,,,,,,,,,30,burst,20,0
recipe:farooq_2019_science_awake,literature,0,1962,549,549,0.279817,0.257885,0.303748,1,1,1,0.437276,0.410029,0.465962,0.71808,0.79587,0.865499,0.0131637,0.0176319,0.279613,0.00952381,0.318627,0.663366,0,,,,,,,,,33,burst,20,0
recipe:farooq_2019_science_awake,literature,0.2,1962,549,549,0.279817,0.257885,0.303748,1,1,1,0.437276,0.410029,0.465962,0.71808,0.79587,0.865499,0.0131637,0.0176319,0.279613,0.00952381,0.318627,0.663366,0,,,,,,,,,33,burst,20,0
recipe:farooq_2019_science_awake,literature,0.5,1962,549,544,0.277268,0.255934,0.300107,0.990893,0.981718,0.998168,0.433294,0.407074,0.460213,0.720297,0.796038,0.866198,0.0130209,0.0175709,0.279613,0.00634921,0.313725,0.574257,0,,,,,,,,,30,burst,20,0
recipe:foster_2006,literature,0,1962,298,298,0.151886,0.130303,0.172791,1,1,1,0.263717,0.230563,0.294666,0.609344,0.720124,0.826734,0.0211645,0.023231,0.149879,0,0.20098,0.351485,0,,,,,,,,,36,burst,20,0
recipe:foster_2006,literature,0.2,1962,298,298,0.151886,0.130303,0.172791,1,1,1,0.263717,0.230563,0.294666,0.609344,0.720124,0.826734,0.0211645,0.023231,0.149879,0,0.20098,0.351485,0,,,,,,,,,36,burst,20,0
recipe:foster_2006,literature,0.5,1962,298,266,0.135576,0.11544,0.155708,0.892617,0.867105,0.917808,0.235398,0.203812,0.265767,0.633463,0.738394,0.842117,0.0186955,0.0226525,0.133763,0,0.176471,0.336634,0,,,,,,,,,32,burst,20,0
recipe:foster_2006_ripples,literature,0,2028,365,162,0.0798817,0.0704355,0.0897073,0.443836,0.397758,0.483245,0.135395,0.120117,0.150929,0.220794,0.274013,0.339241,0.0337426,0.046803,0.0999194,0.0031746,0.00490196,0.183168,0,,,,,,,,,31,ripple,20,0
recipe:foster_2006_ripples,literature,0.2,2028,365,131,0.0645957,0.0554771,0.0743395,0.358904,0.316373,0.39895,0.109486,0.0944299,0.124851,0.247776,0.292363,0.356099,0.0324264,0.0421566,0.0620467,0,0.00490196,0.0148515,0,,,,,,,,,31,ripple,20,0
recipe:foster_2006_ripples,literature,0.5,2028,365,4,0.00197239,0.000482154,0.00393919,0.0109589,0.00273224,0.0215054,0.00334308,0.000820673,0.00666396,0.544802,0.566477,0.611199,0.0152914,0.0199363,0.000805802,0,0.00490196,0,0,,,,,,,,,31,ripple,20,0
recipe:gillespie_2021,literature,0,2028,2158,1680,0.828402,0.816373,0.842284,0.778499,0.755482,0.799166,0.802676,0.789625,0.814868,0.652533,0.772155,0.851459,0.00830239,0.0113132,0.975826,0.346032,0.0196078,1,0.00440529,,,,,,,,,5,ripple,20,0
recipe:gillespie_2021,literature,0.2,2028,2158,1679,0.827909,0.815916,0.841848,0.778035,0.755333,0.798338,0.802198,0.789334,0.813973,0.652578,0.772502,0.851541,0.00829981,0.0113085,0.975826,0.342857,0.0147059,0.99505,0.00440529,,,,,,,,,4,ripple,20,0
recipe:gillespie_2021,literature,0.5,2028,2158,1582,0.780079,0.765669,0.795379,0.733086,0.711028,0.752553,0.755853,0.741943,0.768541,0.677367,0.782275,0.856626,0.00784494,0.010654,0.896857,0.171429,0.00490196,0.554455,0,,,,,,,,,4,ripple,20,0
recipe:gillespie_2021_mua,literature,0,1962,2090,1609,0.820082,0.80737,0.832985,0.769856,0.746205,0.793584,0.794176,0.779644,0.807609,0.525766,0.662786,0.783082,0.0227507,0.0230192,0.901692,0.603175,0.509804,0.970297,0.0132159,,,,,,,,,10,burst,20,0
recipe:gillespie_2021_mua,literature,0.2,1962,2090,1595,0.812946,0.8001,0.825795,0.763158,0.739027,0.787607,0.787266,0.772291,0.801706,0.52872,0.665051,0.784334,0.0225525,0.0227899,0.900081,0.6,0.504902,0.970297,0.0132159,,,,,,,,,6,burst,20,0
recipe:gillespie_2021_mua,literature,0.5,1962,2090,1278,0.651376,0.632432,0.669446,0.611483,0.586965,0.634938,0.6308,0.612281,0.648966,0.611877,0.716286,0.81005,0.0187161,0.0194609,0.743755,0.511111,0.441176,0.925743,0.00881057,,,,,,,,,9,burst,20,0
recipe:gridchyn_2020,literature,0,1962,10291,1759,0.896534,0.884615,0.907621,0.170926,0.163559,0.178392,0.287113,0.27665,0.297485,0.572805,0.702237,0.808153,0.0159803,0.0169167,0.933118,0.819048,0.730392,0.985149,0.092511,,,,,,,,,5,burst,20,0
recipe:gridchyn_2020,literature,0.2,1962,10291,1711,0.872069,0.860765,0.882691,0.166262,0.158436,0.17422,0.279279,0.267955,0.290646,0.584795,0.708541,0.80997,0.0158326,0.0164793,0.914585,0.784127,0.691176,0.970297,0.061674,,,,,,,,,4,burst,20,0
recipe:gridchyn_2020,literature,0.5,1962,10291,1484,0.756371,0.734779,0.776411,0.144204,0.137,0.150957,0.242226,0.231424,0.252213,0.641278,0.731596,0.82571,0.0144036,0.0142863,0.833199,0.603175,0.47549,0.79703,0.0220264,,,,,,,,,1,burst,20,0
recipe:grosmark_2016,literature,0,2189,913,906,0.413888,0.395364,0.43318,0.992333,0.987433,0.996736,0.584139,0.565372,0.603247,0.595048,0.723171,0.826478,0.0191002,0.0209516,0.593876,0,0.00490196,0.831683,0,,,,,,,,,7,network,20,0
recipe:grosmark_2016,literature,0.2,2189,913,905,0.413431,0.394701,0.432838,0.991238,0.986213,0.99569,0.583495,0.564905,0.602635,0.595092,0.723336,0.826614,0.019105,0.0208846,0.59307,0,0.00490196,0.831683,0,,,,,,,,,7,network,20,0
recipe:grosmark_2016,literature,0.5,2189,913,789,0.360439,0.340785,0.381977,0.864184,0.83278,0.889134,0.508704,0.48589,0.533031,0.652699,0.748011,0.838749,0.0168959,0.0195836,0.505238,0,0.00490196,0.79703,0,,,,,,,,,7,network,20,0
recipe:gupta_2010,literature,0,2028,16996,1637,0.807199,0.792619,0.824228,0.0963168,0.090543,0.102364,0.172098,0.162849,0.181702,0.592931,0.737237,0.839712,0.0090721,0.01309,0.887994,0.625397,0.205882,0.985149,0.136564,,,,,,,,,9,ripple,20,0
recipe:gupta_2010,literature,0.2,2028,16996,1588,0.783037,0.768487,0.798569,0.0934337,0.0876469,0.0991668,0.166947,0.157613,0.176014,0.611241,0.743795,0.842267,0.0088313,0.0123994,0.856567,0.568254,0.112745,0.965347,0.105727,,,,,,,,,9,ripple,20,0
recipe:gupta_2010,literature,0.5,2028,16996,1369,0.675049,0.65994,0.69064,0.0805484,0.0750917,0.0859833,0.143923,0.135022,0.152582,0.66943,0.769158,0.85401,0.00761344,0.0106829,0.732474,0.263492,0.00980392,0.465347,0.030837,,,,,,,,,8,ripple,20,0
recipe:harvey_2023_code,literature,0,2028,1142,1133,0.558679,0.540395,0.575701,0.992119,0.988255,0.995749,0.714826,0.699261,0.728731,0.377264,0.481824,0.61618,0.0151625,0.0306006,0.73328,0.0190476,0,0.806931,0.0396476,,,,,,,,,27,ripple,20,0
recipe:harvey_2023_code,literature,0.2,2028,1142,1127,0.55572,0.537364,0.572607,0.986865,0.981432,0.992209,0.711041,0.69554,0.724866,0.38034,0.482263,0.617425,0.0151298,0.0303595,0.714746,0.0190476,0,0.490099,0.0396476,,,,,,,,,26,ripple,20,0
recipe:harvey_2023_code,literature,0.5,2028,1142,516,0.254438,0.233715,0.272964,0.451839,0.418413,0.483645,0.325552,0.300257,0.349274,0.56573,0.630559,0.734852,0.00892561,0.0139122,0.258662,0,0,0.0247525,0.0396476,,,,,,,,,28,ripple,20,0
recipe:harvey_2023_no_radiatum,literature,0,2028,2235,1222,0.602564,0.588261,0.619488,0.546756,0.518404,0.579714,0.573305,0.5602,0.588009,0.433276,0.565837,0.690659,0.0207972,0.0232006,0.821918,0.104762,0.0784314,0.762376,0.00881057,,,,,,,,,24,ripple,20,0
recipe:harvey_2023_no_radiatum,literature,0.2,2028,2235,1201,0.592209,0.579666,0.607227,0.53736,0.508423,0.57075,0.563453,0.549515,0.578805,0.439734,0.568077,0.691578,0.0204108,0.0230746,0.81386,0.0888889,0.0539216,0.737624,0.00440529,,,,,,,,,23,ripple,20,0
recipe:harvey_2023_no_radiatum,literature,0.5,2028,2235,763,0.376233,0.359123,0.394482,0.341387,0.316919,0.371375,0.357964,0.339734,0.378979,0.582156,0.660162,0.747197,0.0142705,0.018308,0.503626,0.0380952,0.0196078,0.559406,0,,,,,,,,,26,ripple,20,0
recipe:harvey_2023_text,literature,0,2028,1352,1207,0.595168,0.581039,0.609781,0.892751,0.875371,0.910979,0.714201,0.702131,0.72632,0.44957,0.571883,0.671961,0.014542,0.0232204,0.71394,0.0126984,0,0.945545,0.00440529,,,,,,,,,25,ripple,20,0
recipe:harvey_2023_text,literature,0.2,2028,1352,1170,0.576923,0.563652,0.591479,0.865385,0.850458,0.882132,0.692308,0.681725,0.704209,0.465401,0.576709,0.675281,0.0140494,0.0223805,0.663981,0.0031746,0,0.732673,0.00440529,,,,,,,,,25,ripple,20,0
recipe:harvey_2023_text,literature,0.5,2028,1352,797,0.392998,0.373217,0.412906,0.589497,0.569843,0.611528,0.471598,0.451861,0.491696,0.573505,0.637321,0.714041,0.0109366,0.0169148,0.188558,0,0,0.0544554,0,,,,,,,,,25,ripple,20,0
recipe:huelin_gorriz_2023,literature,0,2189,1111,1097,0.501142,0.480655,0.522038,0.987399,0.981182,0.993038,0.664848,0.646228,0.683467,0.575762,0.717817,0.826791,0.0189375,0.0217082,0.703465,0.0571429,0.0539216,0.960396,0.00440529,,,,,,,,,5,network,20,0
recipe:huelin_gorriz_2023,literature,0.2,2189,1111,1096,0.500685,0.480178,0.5214,0.986499,0.980287,0.992099,0.664242,0.645655,0.682942,0.576288,0.717906,0.826881,0.0188505,0.0216872,0.703465,0.0571429,0.0490196,0.960396,0.00440529,,,,,,,,,4,network,20,0
recipe:huelin_gorriz_2023,literature,0.5,2189,1111,941,0.429877,0.412953,0.447502,0.846985,0.828096,0.864529,0.570303,0.553635,0.587873,0.645514,0.74811,0.841792,0.016409,0.0195145,0.589041,0.047619,0.0343137,0.930693,0,,,,,,,,,4,network,20,0
recipe:igata_2021,literature,0,1962,7432,1840,0.937819,0.927919,0.947789,0.247578,0.233003,0.262193,0.391739,0.373622,0.409555,0.511803,0.65611,0.778769,0.0230121,0.0229901,0.970185,0.863492,0.794118,1,0.105727,,,,,,,,,2,burst,20,0
recipe:igata_2021,literature,0.2,1962,7432,1820,0.927625,0.916378,0.938699,0.244887,0.230318,0.259479,0.387481,0.369083,0.405552,0.517795,0.658294,0.779846,0.0226776,0.0228249,0.968574,0.860317,0.77451,1,0.0704846,,,,,,,,,1,burst,20,0
recipe:igata_2021,literature,0.5,1962,7432,1420,0.723751,0.707561,0.73931,0.191066,0.178165,0.203907,0.302321,0.285354,0.319043,0.612007,0.717371,0.807185,0.0181515,0.0192741,0.791297,0.701587,0.627451,0.955446,0.030837,,,,,,,,,2,burst,20,0
recipe:igata_2021_ripples,literature,0,2028,9579,1769,0.872288,0.857136,0.888439,0.184675,0.177074,0.192675,0.304816,0.294542,0.31569,0.698361,0.812404,0.887996,0.00639976,0.00832298,0.947623,0.431746,0.0686275,1,0.0352423,,,,,,,,,2,ripple,20,0
recipe:igata_2021_ripples,literature,0.2,2028,9579,1761,0.868343,0.852528,0.884596,0.18384,0.17616,0.19195,0.303438,0.293173,0.314558,0.699911,0.813154,0.888054,0.00637,0.0082638,0.947623,0.415873,0.0490196,1,0.0264317,,,,,,,,,1,ripple,20,0
recipe:igata_2021_ripples,literature,0.5,2028,9579,1655,0.816075,0.795866,0.836221,0.172774,0.1653,0.180837,0.285173,0.274631,0.296567,0.730668,0.823679,0.893963,0.00608125,0.00772796,0.917808,0.260317,0.0147059,0.707921,0.0176211,,,,,,,,,1,ripple,20,0
recipe:jadhav_2016,literature,0,2028,1443,1195,0.58925,0.568588,0.61087,0.828136,0.809622,0.845238,0.688562,0.672853,0.705045,0.610062,0.737145,0.828357,0.0121992,0.0129837,0.802579,0.0888889,0.00490196,0.846535,0,,,,,,,,,26,ripple,20,0
recipe:jadhav_2016,literature,0.2,2028,1443,1191,0.587278,0.566502,0.608561,0.825364,0.807611,0.841514,0.686258,0.671075,0.702334,0.610874,0.737187,0.828971,0.0121356,0.0129744,0.801773,0.0857143,0.00490196,0.821782,0,,,,,,,,,24,ripple,20,0
recipe:jadhav_2016,literature,0.5,2028,1443,1061,0.523176,0.498571,0.547044,0.735274,0.721298,0.748097,0.611351,0.591403,0.629211,0.664041,0.756209,0.839563,0.0106801,0.0119366,0.756648,0.047619,0,0.529703,0,,,,,,,,,17,ripple,20,0
recipe:ji_2007,literature,0,1962,1552,1411,0.719164,0.656132,0.771091,0.909149,0.886305,0.93106,0.803073,0.763173,0.832412,0.52332,0.673846,0.795571,0.0167606,0.0228325,0.80419,0.466667,0.377451,0.935644,0,,,,,,,,,20,burst,20,0
recipe:ji_2007,literature,0.2,1962,1552,1374,0.700306,0.637715,0.752999,0.885309,0.863883,0.907074,0.782015,0.741185,0.814052,0.530978,0.680748,0.799446,0.0162629,0.0224031,0.788074,0.415873,0.343137,0.930693,0,,,,,,,,,18,burst,20,0
recipe:ji_2007,literature,0.5,1962,1552,1099,0.560143,0.492805,0.62248,0.708119,0.677373,0.734944,0.625498,0.571345,0.672191,0.627378,0.729213,0.82168,0.0130113,0.0183723,0.652699,0.161905,0.20098,0.80198,0,,,,,,,,,18,burst,20,0
recipe:ji_2007_ripples,literature,0,2028,143,10,0.00493097,0.00207361,0.00780164,0.0699301,0.0322581,0.105271,0.00921234,0.00389096,0.0144744,0.285565,0.385259,0.483044,0.0372254,0.0204007,0.00644641,0,0.00490196,0.00990099,0,,,,,,,,,35,ripple,20,0
recipe:ji_2007_ripples,literature,0.2,2028,143,9,0.00443787,0.00201702,0.00700709,0.0629371,0.0302973,0.0927152,0.00829111,0.00378237,0.013,0.361537,0.406731,0.485802,0.0210642,0.0160909,0.00644641,0,0.00490196,0,0,,,,,,,,,35,ripple,20,0
recipe:ji_2007_ripples,literature,0.5,2028,143,2,0.000986193,0,0.00249383,0.013986,0,0.0367715,0.00184247,0,0.00466429,0.588053,0.674307,0.760561,0.0159909,0.0399927,0.000805802,0,0.00490196,0,0,,,,,,,,,34,ripple,20,0
recipe:kaefer_2020,literature,0,2028,99,21,0.010355,0.00662549,0.0141344,0.212121,0.141276,0.27779,0.0197461,0.0126581,0.02684,0.239567,0.405208,0.475656,0.100807,0.0682697,0.00725222,0,0,0.0594059,0.00440529,,,,,,,,,34,ripple,20,0
recipe:kaefer_2020,literature,0.2,2028,99,17,0.00838264,0.00448179,0.012677,0.171717,0.0940031,0.247423,0.015985,0.00855859,0.0240867,0.357721,0.452343,0.500718,0.0950664,0.0608031,0.00564061,0,0,0.0594059,0,,,,,,,,,34,ripple,20,0
recipe:kaefer_2020,literature,0.5,2028,99,5,0.00246548,0.000516743,0.00435424,0.0505051,0.0108666,0.0941331,0.00470146,0.000983104,0.00831803,0.511542,0.515477,0.540757,0.0950664,0.026192,0,0,0,0.0544554,0,,,,,,,,,30,ripple,20,0
recipe:karlsson_2009,literature,0,2028,1743,1467,0.723373,0.708684,0.73957,0.841652,0.825059,0.85582,0.778043,0.765241,0.790345,0.611136,0.737705,0.82972,0.0118852,0.0125071,0.921031,0.101587,0.00490196,1,0,,,,,,,,,14,ripple,20,0
recipe:karlsson_2009,literature,0.2,2028,1743,1463,0.7214,0.706891,0.737681,0.839357,0.823053,0.853453,0.775922,0.763576,0.788049,0.612831,0.737962,0.830069,0.0118419,0.0124888,0.920226,0.0984127,0.00490196,0.990099,0,,,,,,,,,10,ripple,20,0
recipe:karlsson_2009,literature,0.5,2028,1743,1302,0.642012,0.623968,0.659347,0.746988,0.731846,0.760973,0.690533,0.675038,0.704494,0.663269,0.757842,0.839467,0.0102315,0.0117102,0.871072,0.0539683,0,0.712871,0,,,,,,,,,9,ripple,20,0
recipe:krause_2022,literature,0,2189,1474,1349,0.616263,0.597747,0.633564,0.915197,0.902225,0.928132,0.736555,0.721808,0.750683,0.546269,0.662193,0.776806,0.0193575,0.0222522,0.900081,0.0952381,0.00490196,0.99505,0,,,,,,,,,3,network,20,0
recipe:krause_2022,literature,0.2,2189,1474,1344,0.613979,0.596396,0.630783,0.911805,0.899382,0.924968,0.733825,0.719307,0.747218,0.547747,0.662572,0.77699,0.0192877,0.0221971,0.897663,0.0920635,0.00490196,0.990099,0,,,,,,,,,3,network,20,0
recipe:krause_2022,literature,0.5,2189,1474,1100,0.502513,0.489323,0.516278,0.746269,0.725438,0.769286,0.600601,0.587001,0.615606,0.61904,0.699757,0.79796,0.0162463,0.0196921,0.746978,0.031746,0.00490196,0.80198,0,,,,,,,,,3,network,20,0
recipe:krause_2022_hse,literature,0,1962,1986,1605,0.818043,0.80364,0.832479,0.808157,0.785465,0.829195,0.81307,0.798678,0.826534,0.450204,0.583331,0.727146,0.0328442,0.0316971,0.896857,0.6,0.519608,0.975248,0.00881057,,,,,,,,,11,burst,20,0
recipe:krause_2022_hse,literature,0.2,1962,1986,1579,0.804791,0.787256,0.82175,0.795065,0.771295,0.817595,0.799899,0.78354,0.815957,0.456977,0.590423,0.729512,0.0320265,0.0311856,0.890411,0.596825,0.519608,0.975248,0.00881057,,,,,,,,,7,burst,20,0
recipe:krause_2022_hse,literature,0.5,1962,1986,1053,0.536697,0.513858,0.560739,0.530211,0.504352,0.556178,0.533435,0.510462,0.556924,0.590423,0.677554,0.784751,0.0239876,0.0231897,0.615633,0.450794,0.401961,0.866337,0.00440529,,,,,,,,,21,burst,20,0
recipe:kudrimoti_1999,literature,0,2028,58,49,0.0241617,0.0190896,0.0298121,0.844828,0.75,0.938776,0.0469799,0.0373192,0.0575855,0.23591,0.27219,0.339405,0.0317474,0.0451812,0.0306205,0,0,0.0544554,0,,,,,,,,,33,ripple,20,0
recipe:kudrimoti_1999,literature,0.2,2028,58,44,0.0216963,0.016486,0.0270684,0.758621,0.654528,0.854545,0.042186,0.0322252,0.0523512,0.238612,0.289496,0.346449,0.0309008,0.0420654,0.0193392,0,0,0.0049505,0,,,,,,,,,33,ripple,20,0
recipe:kudrimoti_1999,literature,0.5,2028,58,3,0.00147929,0,0.00353183,0.0517241,0,0.109418,0.00287632,0,0.00682594,0.562016,0.566851,0.610398,0.00865127,0.0149854,0.000805802,0,0,0,0,,,,,,,,,33,ripple,20,0
recipe:lee_2002,literature,0,1962,28788,1854,0.944954,0.93529,0.954523,0.0644018,0.0620049,0.0669545,0.120585,0.11642,0.125033,0.261266,0.40629,0.581983,0.0474121,0.0463919,0.971797,0.809524,0.97549,0.99505,0.46696,,,,,,,,,1,burst,20,0
recipe:lee_2002,literature,0.2,1962,28788,1550,0.79001,0.771709,0.80882,0.0538419,0.0514521,0.056342,0.100813,0.0964972,0.10527,0.327652,0.455398,0.624249,0.0386322,0.041328,0.84448,0.596825,0.838235,0.970297,0.189427,,,,,,,,,9,burst,20,0
recipe:lee_2002,literature,0.5,1962,28788,650,0.331295,0.309437,0.354589,0.0225789,0.0210079,0.0242179,0.0422764,0.0394004,0.0453048,0.570722,0.658506,0.759759,0.0210731,0.024422,0.342466,0.2,0.362745,0.594059,0.0484581,,,,,,,,,28,burst,20,0
recipe:lee_2002_ripples,literature,0,2028,365,162,0.0798817,0.0704355,0.0897073,0.443836,0.397758,0.483245,0.135395,0.120117,0.150929,0.220794,0.274013,0.339241,0.0337426,0.046803,0.0999194,0.0031746,0.00490196,0.183168,0,,,,,,,,,31,ripple,20,0
recipe:lee_2002_ripples,literature,0.2,2028,365,131,0.0645957,0.0554771,0.0743395,0.358904,0.316373,0.39895,0.109486,0.0944299,0.124851,0.247776,0.292363,0.356099,0.0324264,0.0421566,0.0620467,0,0.00490196,0.0148515,0,,,,,,,,,31,ripple,20,0
recipe:lee_2002_ripples,literature,0.5,2028,365,4,0.00197239,0.000482154,0.00393919,0.0109589,0.00273224,0.0215054,0.00334308,0.000820673,0.00666396,0.544802,0.566477,0.611199,0.0152914,0.0199363,0.000805802,0,0.00490196,0,0,,,,,,,,,31,ripple,20,0
recipe:liu_2019,literature,0,1962,12503,1666,0.849134,0.831109,0.866255,0.133248,0.128205,0.138248,0.230349,0.222813,0.237917,0.138664,0.230593,0.369989,0.146442,0.133392,0.856567,0.812698,0.848039,0.856436,0.590308,,,,,,,,,8,burst,20,0
recipe:liu_2019,literature,0.2,1962,12503,954,0.486239,0.457485,0.516951,0.0763017,0.0710488,0.0813477,0.131905,0.123169,0.140326,0.259104,0.339893,0.49494,0.0831951,0.0810258,0.489122,0.469841,0.539216,0.752475,0.123348,,,,,,,,,29,burst,20,0
recipe:liu_2019,literature,0.5,1962,12503,237,0.120795,0.0988819,0.13974,0.0189555,0.015233,0.0221394,0.0327688,0.0263822,0.0381527,0.560486,0.63896,0.746632,0.0250993,0.0321244,0.112812,0.101587,0.151961,0.292079,0.0132159,,,,,,,,,33,burst,20,0
recipe:liu_2019_awake,literature,0,1962,12503,1666,0.849134,0.831109,0.866255,0.133248,0.128205,0.138248,0.230349,0.222813,0.237917,0.138664,0.230593,0.369989,0.146442,0.133392,0.856567,0.812698,0.848039,0.856436,0.590308,,,,,,,,,8,burst,20,0
recipe:liu_2019_awake,literature,0.2,1962,12503,954,0.486239,0.457485,0.516951,0.0763017,0.0710488,0.0813477,0.131905,0.123169,0.140326,0.259104,0.339893,0.49494,0.0831951,0.0810258,0.489122,0.469841,0.539216,0.752475,0.123348,,,,,,,,,29,burst,20,0
recipe:liu_2019_awake,literature,0.5,1962,12503,237,0.120795,0.0988819,0.13974,0.0189555,0.015233,0.0221394,0.0327688,0.0263822,0.0381527,0.560486,0.63896,0.746632,0.0250993,0.0321244,0.112812,0.101587,0.151961,0.292079,0.0132159,,,,,,,,,33,burst,20,0
recipe:liu_2023,literature,0,2189,908,906,0.413888,0.394044,0.432508,0.997797,0.994529,1,0.585082,0.565003,0.603396,0.64287,0.750944,0.835641,0.0168725,0.0199995,0.580177,0.015873,0,0.891089,0.00440529,,,,,,,,,7,network,20,0
recipe:liu_2023,literature,0.2,2189,908,904,0.412974,0.392074,0.432294,0.995595,0.991228,0.998929,0.583791,0.562457,0.602951,0.644797,0.751193,0.835737,0.0168698,0.0199694,0.578566,0.015873,0,0.891089,0.00440529,,,,,,,,,9,network,20,0
recipe:liu_2023,literature,0.5,2189,908,844,0.385564,0.363555,0.405602,0.929515,0.910994,0.946272,0.545044,0.520763,0.566586,0.676387,0.762378,0.843358,0.0159295,0.0191245,0.535858,0.0126984,0,0.866337,0,,,,,,,,,6,network,20,0
recipe:maboudi_2018,literature,0,1962,1852,1556,0.793068,0.780638,0.807073,0.840173,0.819822,0.857911,0.815941,0.804263,0.826978,0.449059,0.579908,0.726234,0.0329308,0.0318208,0.886382,0.488889,0.514706,0.975248,0.00440529,,,,,,,,,12,burst,20,0
recipe:maboudi_2018,literature,0.2,1962,1852,1531,0.780326,0.766042,0.79575,0.826674,0.80501,0.845271,0.802832,0.789078,0.815334,0.455629,0.585706,0.729152,0.0323931,0.0315153,0.879936,0.485714,0.514706,0.975248,0.00440529,,,,,,,,,11,burst,20,0
recipe:maboudi_2018,literature,0.5,1962,1852,1016,0.517839,0.496582,0.540621,0.548596,0.522825,0.575068,0.532774,0.510348,0.556785,0.58692,0.676973,0.783533,0.0241293,0.023461,0.611604,0.349206,0.401961,0.866337,0,,,,,,,,,22,burst,20,0
recipe:maboudi_2018_open_field,literature,0,1962,1991,1448,0.738022,0.7232,0.754123,0.727273,0.706596,0.748866,0.732608,0.717895,0.748489,0.655245,0.767808,0.854204,0.0118468,0.0146803,0.843674,0.120635,0.862745,0.925743,0.00440529,,,,,,,,,18,burst,20,0
recipe:maboudi_2018_open_field,literature,0.2,1962,1991,1445,0.736493,0.722051,0.752377,0.725766,0.705096,0.747406,0.73109,0.716464,0.747144,0.656146,0.768712,0.854238,0.0118271,0.0146549,0.842869,0.11746,0.857843,0.925743,0,,,,,,,,,16,burst,20,0
recipe:maboudi_2018_open_field,literature,0.5,1962,1991,1344,0.685015,0.666499,0.705611,0.675038,0.650115,0.702388,0.67999,0.660213,0.701931,0.690258,0.7775,0.859196,0.010991,0.0138069,0.795326,0.0730159,0.813725,0.871287,0,,,,,,,,,6,burst,20,0
recipe:mallory_2025,literature,0,1962,2300,1495,0.761978,0.748592,0.775323,0.65,0.626198,0.676187,0.701549,0.684587,0.719026,0.575739,0.710134,0.812144,0.0179248,0.019459,0.870266,0.165079,0.867647,0.925743,0.00881057,,,,,,,,,15,burst,20,0
recipe:mallory_2025,literature,0.2,1962,2300,1490,0.759429,0.746625,0.772217,0.647826,0.62367,0.674032,0.699202,0.682249,0.716789,0.578421,0.710618,0.812657,0.0178726,0.0193116,0.86946,0.149206,0.867647,0.925743,0,,,,,,,,,13,burst,20,0
recipe:mallory_2025,literature,0.5,1962,2300,1266,0.64526,0.628223,0.663021,0.550435,0.526713,0.576384,0.594087,0.575112,0.614248,0.6429,0.745402,0.829154,0.0158455,0.0174705,0.770346,0.104762,0.754902,0.89604,0,,,,,,,,,10,burst,20,0
recipe:mallory_2025_ripples,literature,0,2028,1685,1406,0.693294,0.678155,0.709338,0.834421,0.81522,0.851876,0.757339,0.747028,0.766772,0.476364,0.629297,0.785714,0.0171539,0.0174435,0.897663,0.120635,0.00490196,1,0.00440529,,,,,,,,,19,ripple,20,0
recipe:mallory_2025_ripples,literature,0.2,2028,1685,1387,0.683925,0.66683,0.701326,0.823145,0.805156,0.839904,0.747105,0.735849,0.757961,0.48242,0.633372,0.787055,0.0169364,0.0169796,0.896857,0.120635,0.00490196,1,0.00440529,,,,,,,,,18,ripple,20,0
recipe:mallory_2025_ripples,literature,0.5,2028,1685,1012,0.499014,0.473462,0.521541,0.600593,0.580643,0.620815,0.545112,0.523186,0.564794,0.609921,0.716142,0.822248,0.0130968,0.0134813,0.774376,0.0793651,0.00490196,0.80198,0,,,,,,,,,21,ripple,20,0
recipe:michon_2019,literature,0,2189,554,554,0.253084,0.237181,0.269451,1,1,1,0.403937,0.383422,0.424516,0.705304,0.798211,0.87536,0.0122061,0.0160055,0.346495,0,0,0.613861,0,,,,,,,,,11,network,20,0
recipe:michon_2019,literature,0.2,2189,554,554,0.253084,0.237181,0.269451,1,1,1,0.403937,0.383422,0.424516,0.705304,0.798211,0.87536,0.0122061,0.0160055,0.346495,0,0,0.613861,0,,,,,,,,,11,network,20,0
recipe:michon_2019,literature,0.5,2189,554,536,0.244861,0.229655,0.26021,0.967509,0.949455,0.983308,0.390813,0.370997,0.410332,0.716308,0.807226,0.877997,0.0118531,0.0157579,0.333602,0,0,0.60396,0,,,,,,,,,9,network,20,0
recipe:michon_2021,literature,0,2189,554,554,0.253084,0.237181,0.269451,1,1,1,0.403937,0.383422,0.424516,0.705304,0.798211,0.87536,0.0122061,0.0160055,0.346495,0,0,0.613861,0,,,,,,,,,11,network,20,0
recipe:michon_2021,literature,0.2,2189,554,554,0.253084,0.237181,0.269451,1,1,1,0.403937,0.383422,0.424516,0.705304,0.798211,0.87536,0.0122061,0.0160055,0.346495,0,0,0.613861,0,,,,,,,,,11,network,20,0
recipe:michon_2021,literature,0.5,2189,554,536,0.244861,0.229655,0.26021,0.967509,0.949455,0.983308,0.390813,0.370997,0.410332,0.716308,0.807226,0.877997,0.0118531,0.0157579,0.333602,0,0,0.60396,0,,,,,,,,,9,network,20,0
recipe:mou_2022,literature,0,1962,3178,1681,0.856779,0.832649,0.879259,0.528949,0.457765,0.621586,0.654086,0.599086,0.716159,0.330933,0.479863,0.637621,0.0510141,0.0504477,0.90975,0.714286,0.637255,0.975248,0.0528634,,,,,,,,,6,burst,20,0
recipe:mou_2022,literature,0.2,1962,3178,1568,0.799185,0.77614,0.822003,0.493392,0.418408,0.590585,0.610117,0.548893,0.681365,0.360314,0.498759,0.648873,0.0465702,0.0470136,0.870266,0.669841,0.612745,0.970297,0.0176211,,,,,,,,,8,burst,20,0
recipe:mou_2022,literature,0.5,1962,3178,778,0.396534,0.356492,0.439356,0.244808,0.191452,0.320087,0.302724,0.249046,0.369501,0.570507,0.650757,0.758939,0.0260788,0.0261435,0.444803,0.396825,0.303922,0.688119,0.00440529,,,,,,,,,27,burst,20,0
recipe:muessig_2019,literature,0,2189,220,220,0.100503,0.0899051,0.111267,1,1,1,0.182648,0.164978,0.200253,0.581002,0.675182,0.757302,0.0256151,0.0309551,0.116841,0,0.0343137,0.336634,0,,,,,,,,,13,network,20,0
recipe:muessig_2019,literature,0.2,2189,220,220,0.100503,0.0899051,0.111267,1,1,1,0.182648,0.164978,0.200253,0.581002,0.675182,0.757302,0.0256151,0.0309551,0.116841,0,0.0343137,0.336634,0,,,,,,,,,13,network,20,0
recipe:muessig_2019,literature,0.5,2189,220,195,0.0890818,0.0789107,0.0996798,0.886364,0.848737,0.920014,0.161893,0.144548,0.179521,0.615277,0.694431,0.77182,0.0221964,0.0281364,0.11523,0,0.0343137,0.222772,0,,,,,,,,,13,network,20,0
recipe:muessig_2019_ripples,literature,0,2028,46878,1790,0.882643,0.867834,0.897691,0.0381842,0.0359571,0.0403425,0.0732017,0.069048,0.0772014,0.579741,0.729875,0.839675,0.0133599,0.012749,0.952458,0.479365,0.338235,0.99505,0.211454,,,,,,,,,1,ripple,20,0
recipe:muessig_2019_ripples,literature,0.2,2028,46878,1759,0.867357,0.851411,0.881792,0.0375229,0.0353408,0.0396285,0.0719339,0.0678904,0.0758142,0.589373,0.733531,0.842583,0.0126635,0.0123491,0.948429,0.422222,0.215686,0.99505,0.15859,,,,,,,,,2,ripple,20,0
recipe:muessig_2019_ripples,literature,0.5,2028,46878,1458,0.718935,0.699143,0.738296,0.031102,0.0291181,0.0329327,0.0596246,0.0559495,0.0630294,0.687358,0.76894,0.866344,0.0083077,0.00894273,0.911362,0.35873,0.0980392,0.440594,0.0440529,,,,,,,,,7,ripple,20,0
recipe:nadasdy_1999,literature,0,2028,1086,949,0.467949,0.450096,0.487869,0.873849,0.849863,0.898974,0.609505,0.590924,0.63002,0.710562,0.786255,0.856134,0.00697633,0.0106259,0.556003,0,0.00490196,0.876238,0,,,,,,,,,29,ripple,20,0
recipe:nadasdy_1999,literature,0.2,2028,1086,947,0.466963,0.448105,0.487669,0.872007,0.847379,0.897486,0.608221,0.587928,0.62927,0.710748,0.786597,0.856279,0.00695124,0.0106207,0.555197,0,0.00490196,0.831683,0,,,,,,,,,27,ripple,20,0
recipe:nadasdy_1999,literature,0.5,2028,1086,932,0.459566,0.441063,0.47982,0.858195,0.833333,0.884517,0.598587,0.579901,0.619642,0.715791,0.78787,0.85733,0.00681107,0.0104819,0.484287,0,0.00490196,0.262376,0,,,,,,,,,23,ripple,20,0
recipe:olafsdottir_2015,literature,0,1962,2063,1307,0.666157,0.647954,0.684347,0.633543,0.605028,0.66455,0.649441,0.631364,0.670225,0.560162,0.676462,0.794121,0.0186001,0.0206704,0.7639,0.0984127,0.735294,0.881188,0.00440529,,,,,,,,,22,burst,20,0
recipe:olafsdottir_2015,literature,0.2,1962,2063,1302,0.663609,0.644938,0.682839,0.63112,0.601577,0.662327,0.646957,0.628077,0.668809,0.561037,0.677399,0.794237,0.0185757,0.0205685,0.762288,0.0952381,0.730392,0.881188,0,,,,,,,,,21,burst,20,0
recipe:olafsdottir_2015,literature,0.5,1962,2063,1083,0.551988,0.530999,0.573546,0.524964,0.500236,0.553578,0.538137,0.519118,0.56,0.621221,0.717658,0.81289,0.0165499,0.0184277,0.634972,0.0571429,0.598039,0.757426,0,,,,,,,,,19,burst,20,0
recipe:olafsdottir_2015.bayesian_candidates,literature,0,1962,1490,1176,0.599388,0.578573,0.619991,0.789262,0.760823,0.817749,0.681344,0.664928,0.7003,0.574995,0.685438,0.799624,0.0186058,0.0208499,0.684126,0.0634921,0.656863,0.856436,0.00440529,,,,,,,,,27,burst,20,0
recipe:olafsdottir_2015.bayesian_candidates,literature,0.2,1962,1490,1172,0.59735,0.576903,0.618185,0.786577,0.757198,0.81583,0.679027,0.66231,0.698147,0.576035,0.6861,0.799887,0.0185899,0.0207387,0.682514,0.0603175,0.651961,0.856436,0,,,,,,,,,25,burst,20,0
recipe:olafsdottir_2015.bayesian_candidates,literature,0.5,1962,1490,1004,0.511723,0.489245,0.534951,0.673826,0.648209,0.702915,0.581692,0.561992,0.603836,0.623662,0.720841,0.815664,0.0167336,0.0188998,0.5834,0.0412698,0.544118,0.747525,0,,,,,,,,,23,burst,20,0
recipe:olafsdottir_2016,literature,0,1962,1194,1098,0.559633,0.539038,0.582807,0.919598,0.903336,0.936732,0.695817,0.677571,0.716934,0.586348,0.715621,0.815167,0.0140545,0.018966,0.635778,0.015873,0.651961,0.846535,0,,,,,,,,,28,burst,20,0
recipe:olafsdottir_2016,literature,0.2,1962,1194,1098,0.559633,0.539038,0.582807,0.919598,0.903336,0.936732,0.695817,0.677571,0.716934,0.586348,0.715621,0.815167,0.0140545,0.018966,0.635778,0.015873,0.651961,0.841584,0,,,,,,,,,26,burst,20,0
recipe:olafsdottir_2016,literature,0.5,1962,1194,944,0.481142,0.461331,0.50338,0.79062,0.774434,0.807507,0.598226,0.579643,0.617963,0.648968,0.74172,0.828351,0.012061,0.0161508,0.553586,0.00634921,0.553922,0.514851,0,,,,,,,,,24,burst,20,0
recipe:olafsdottir_2017,literature,0,1962,3088,1457,0.74261,0.721023,0.760915,0.471826,0.453779,0.489566,0.57703,0.559136,0.593774,0.519549,0.677349,0.796936,0.0150384,0.0198956,0.837228,0.168254,0.852941,0.950495,0.0220264,,,,,,,,,17,burst,20,0
recipe:olafsdottir_2017,literature,0.2,1962,3088,1448,0.738022,0.717268,0.755938,0.468912,0.450473,0.487007,0.573465,0.555373,0.590366,0.524281,0.67984,0.797416,0.0149026,0.0198127,0.834005,0.155556,0.852941,0.930693,0.0132159,,,,,,,,,15,burst,20,0
recipe:olafsdottir_2017,literature,0.5,1962,3088,1128,0.574924,0.557222,0.593062,0.365285,0.348188,0.38203,0.446733,0.429982,0.463926,0.637495,0.73447,0.822855,0.0117066,0.0153706,0.653505,0.0603175,0.656863,0.519802,0.0132159,,,,,,,,,17,burst,20,0
recipe:olafsdottir_2017.trajectory,literature,0,1962,1167,1098,0.559633,0.539038,0.582807,0.940874,0.928571,0.954466,0.701822,0.683974,0.722035,0.586348,0.715621,0.815167,0.0140545,0.018966,0.635778,0.015873,0.651961,0.846535,0,,,,,,,,,28,burst,20,0
recipe:olafsdottir_2017.trajectory,literature,0.2,1962,1167,1098,0.559633,0.539038,0.582807,0.940874,0.928571,0.954466,0.701822,0.683974,0.722035,0.586348,0.715621,0.815167,0.0140545,0.018966,0.635778,0.015873,0.651961,0.841584,0,,,,,,,,,26,burst,20,0
recipe:olafsdottir_2017.trajectory,literature,0.5,1962,1167,944,0.481142,0.461331,0.50338,0.808912,0.793787,0.825022,0.603388,0.58471,0.623118,0.648968,0.74172,0.828351,0.012061,0.0161508,0.553586,0.00634921,0.553922,0.514851,0,,,,,,,,,24,burst,20,0
recipe:pfeiffer_2013,literature,0,1962,1991,1448,0.738022,0.7232,0.754123,0.727273,0.706596,0.748866,0.732608,0.717895,0.748489,0.655245,0.767808,0.854204,0.0118468,0.0146803,0.843674,0.120635,0.862745,0.925743,0.00440529,,,,,,,,,18,burst,20,0
recipe:pfeiffer_2013,literature,0.2,1962,1991,1445,0.736493,0.722051,0.752377,0.725766,0.705096,0.747406,0.73109,0.716464,0.747144,0.656146,0.768712,0.854238,0.0118271,0.0146549,0.842869,0.11746,0.857843,0.925743,0,,,,,,,,,16,burst,20,0
recipe:pfeiffer_2013,literature,0.5,1962,1991,1344,0.685015,0.666499,0.705611,0.675038,0.650115,0.702388,0.67999,0.660213,0.701931,0.690258,0.7775,0.859196,0.010991,0.0138069,0.795326,0.0730159,0.813725,0.871287,0,,,,,,,,,6,burst,20,0
recipe:pfeiffer_2013_ripples,literature,0,2028,1629,1476,0.727811,0.710054,0.746416,0.906077,0.891942,0.919114,0.807219,0.793187,0.820952,0.46801,0.633812,0.788374,0.0173523,0.016797,0.951652,0.165079,0.00490196,1,0,,,,,,,,,11,ripple,20,0
recipe:pfeiffer_2013_ripples,literature,0.2,2028,1629,1460,0.719921,0.702541,0.738011,0.896255,0.885276,0.906113,0.798469,0.785491,0.811464,0.474791,0.63707,0.790974,0.0169679,0.0166278,0.948429,0.165079,0.00490196,1,0,,,,,,,,,15,ripple,20,0
recipe:pfeiffer_2013_ripples,literature,0.5,2028,1629,1049,0.517258,0.494752,0.539437,0.643953,0.62316,0.665455,0.573694,0.552558,0.595642,0.609513,0.728308,0.827584,0.0129178,0.0131574,0.829976,0.152381,0,0.881188,0,,,,,,,,,18,ripple,20,0
recipe:pfeiffer_2015,literature,0,2028,1626,1476,0.727811,0.710054,0.746416,0.907749,0.89542,0.919562,0.807882,0.794045,0.821402,0.46801,0.633812,0.788374,0.0173523,0.016797,0.951652,0.165079,0.00490196,1,0,,,,,,,,,11,ripple,20,0
recipe:pfeiffer_2015,literature,0.2,2028,1626,1460,0.719921,0.702541,0.738011,0.897909,0.888677,0.906765,0.799124,0.786376,0.812098,0.474791,0.63707,0.790974,0.0169679,0.0166278,0.948429,0.165079,0.00490196,1,0,,,,,,,,,15,ripple,20,0
recipe:pfeiffer_2015,literature,0.5,2028,1626,1049,0.517258,0.494752,0.539437,0.645141,0.624134,0.666879,0.574165,0.552987,0.595895,0.609513,0.728308,0.827584,0.0129178,0.0131574,0.829976,0.152381,0,0.881188,0,,,,,,,,,18,ripple,20,0
recipe:shin_2019,literature,0,2028,1750,1467,0.723373,0.708684,0.73957,0.838286,0.819575,0.853896,0.776601,0.762935,0.789365,0.611136,0.737705,0.82972,0.0118852,0.0125071,0.921031,0.101587,0.00490196,1,0,,,,,,,,,14,ripple,20,0
recipe:shin_2019,literature,0.2,2028,1750,1463,0.7214,0.706891,0.737681,0.836,0.817801,0.851369,0.774484,0.761227,0.787159,0.612831,0.737962,0.830069,0.0118419,0.0124888,0.920226,0.0984127,0.00490196,0.990099,0,,,,,,,,,10,ripple,20,0
recipe:shin_2019,literature,0.5,2028,1750,1302,0.642012,0.623968,0.659347,0.744,0.727536,0.758623,0.689254,0.673458,0.703486,0.663269,0.757842,0.839467,0.0102315,0.0117102,0.871072,0.0539683,0,0.712871,0,,,,,,,,,9,ripple,20,0
recipe:silva_2015,literature,0,1962,1428,1186,0.604485,0.582871,0.626329,0.830532,0.805988,0.853974,0.699705,0.679622,0.719887,0.632045,0.747404,0.840988,0.0164267,0.0189529,0.671233,0.0952381,0.681373,0.910891,0.00440529,,,,,,,,,26,burst,20,0
recipe:silva_2015,literature,0.2,1962,1428,1185,0.603976,0.581887,0.626229,0.829832,0.805105,0.853713,0.699115,0.678842,0.719744,0.632545,0.747657,0.841049,0.0164188,0.0189388,0.670427,0.0920635,0.681373,0.910891,0,,,,,,,,,24,burst,20,0
recipe:silva_2015,literature,0.5,1962,1428,1067,0.543833,0.523759,0.563773,0.747199,0.723988,0.77324,0.629499,0.610645,0.649668,0.673618,0.764455,0.852648,0.0151331,0.0176829,0.621273,0.0603175,0.617647,0.886139,0,,,,,,,,,20,burst,20,0
recipe:stella_2019,literature,0,2028,1923,1339,0.660256,0.644734,0.678496,0.696308,0.679164,0.713317,0.677803,0.665821,0.691304,0.545989,0.650773,0.736878,0.0113763,0.0193668,0.781628,0.0380952,0.00490196,0.990099,0.00440529,,,,,,,,,23,ripple,20,0
recipe:stella_2019,literature,0.2,2028,1923,1327,0.654339,0.640117,0.67109,0.690068,0.671907,0.707453,0.671729,0.659203,0.684697,0.549122,0.651257,0.737954,0.0112387,0.0192165,0.774376,0.00952381,0.00490196,0.841584,0,,,,,,,,,22,ripple,20,0
recipe:stella_2019,literature,0.5,2028,1923,1107,0.545858,0.527245,0.563665,0.575663,0.551315,0.599407,0.560364,0.540063,0.578987,0.606338,0.68291,0.75385,0.00969646,0.0161647,0.344883,0,0.00490196,0.128713,0,,,,,,,,,16,ripple,20,0
recipe:tang_2017,literature,0,2028,1750,1467,0.723373,0.708684,0.73957,0.838286,0.819575,0.853896,0.776601,0.762935,0.789365,0.611136,0.737705,0.82972,0.0118852,0.0125071,0.921031,0.101587,0.00490196,1,0,,,,,,,,,14,ripple,20,0
recipe:tang_2017,literature,0.2,2028,1750,1463,0.7214,0.706891,0.737681,0.836,0.817801,0.851369,0.774484,0.761227,0.787159,0.612831,0.737962,0.830069,0.0118419,0.0124888,0.920226,0.0984127,0.00490196,0.990099,0,,,,,,,,,10,ripple,20,0
recipe:tang_2017,literature,0.5,2028,1750,1302,0.642012,0.623968,0.659347,0.744,0.727536,0.758623,0.689254,0.673458,0.703486,0.663269,0.757842,0.839467,0.0102315,0.0117102,0.871072,0.0539683,0,0.712871,0,,,,,,,,,9,ripple,20,0
recipe:tirole_2022,literature,0,2189,1111,1097,0.501142,0.480655,0.522038,0.987399,0.981182,0.993038,0.664848,0.646228,0.683467,0.575762,0.717817,0.826791,0.0189375,0.0217082,0.703465,0.0571429,0.0539216,0.960396,0.00440529,,,,,,,,,5,network,20,0
recipe:tirole_2022,literature,0.2,2189,1111,1096,0.500685,0.480178,0.5214,0.986499,0.980287,0.992099,0.664242,0.645655,0.682942,0.576288,0.717906,0.826881,0.0188505,0.0216872,0.703465,0.0571429,0.0490196,0.960396,0.00440529,,,,,,,,,4,network,20,0
recipe:tirole_2022,literature,0.5,2189,1111,941,0.429877,0.412953,0.447502,0.846985,0.828096,0.864529,0.570303,0.553635,0.587873,0.645514,0.74811,0.841792,0.016409,0.0195145,0.589041,0.047619,0.0343137,0.930693,0,,,,,,,,,4,network,20,0
recipe:widloski_2025,literature,0,2028,1215,1033,0.509369,0.487638,0.534297,0.850206,0.833046,0.863746,0.637064,0.619195,0.656913,0.128739,0.190598,0.266878,0.174743,0.169796,0.663175,0.0380952,0.0147059,0.970297,0.00881057,,,,,,,,,28,ripple,20,0
recipe:widloski_2025,literature,0.2,2028,1215,477,0.235207,0.213564,0.259458,0.392593,0.365315,0.420364,0.294172,0.270571,0.320198,0.233274,0.27384,0.321202,0.14416,0.129455,0.435133,0.0190476,0.00490196,0.861386,0,,,,,,,,,30,ripple,20,0
recipe:widloski_2025,literature,0.5,2028,1215,2,0.000986193,0,0.00255239,0.00164609,0,0.00419129,0.00123343,0,0.00316761,0.509794,0.519089,0.528384,0.0763258,0.0501741,0.0265915,0.0031746,0,0.143564,0,,,,,,,,,34,ripple,20,0
recipe:widloski_2025_bursts,literature,0,1962,1041,1015,0.517329,0.488844,0.546905,0.975024,0.962597,0.985423,0.675991,0.651211,0.701063,0.170149,0.246661,0.352007,0.169077,0.155768,0.571313,0.225397,0.240196,0.920792,0.00440529,,,,,,,,,31,burst,20,0
recipe:widloski_2025_bursts,literature,0.2,1962,1041,665,0.33894,0.309859,0.37134,0.638809,0.604627,0.673956,0.44289,0.410797,0.478177,0.248895,0.318329,0.393042,0.140835,0.128073,0.370669,0.155556,0.166667,0.782178,0,,,,,,,,,31,burst,20,0
recipe:widloski_2025_bursts,literature,0.5,1962,1041,41,0.020897,0.0163597,0.0255104,0.0393852,0.0307692,0.0480781,0.027306,0.0213679,0.0333009,0.511339,0.538391,0.566425,0.0811688,0.0660676,0.0185334,0.031746,0.00980392,0.163366,0,,,,,,,,,36,burst,20,0
recipe:wikenheiser_2013,literature,0,2028,18098,1692,0.83432,0.819184,0.85064,0.093491,0.0896723,0.0970271,0.168141,0.162102,0.173835,0.129226,0.202852,0.298187,0.150727,0.136806,0.967768,0.930159,0.843137,0.970297,0.731278,,,,,,,,,4,ripple,20,0
recipe:wikenheiser_2013,literature,0.2,2028,18098,863,0.425542,0.386857,0.464539,0.0476848,0.04348,0.0519808,0.0857597,0.0784722,0.0934498,0.240711,0.296397,0.383394,0.0853018,0.0838041,0.653505,0.695238,0.45098,0.90099,0.202643,,,,,,,,,29,ripple,20,0
recipe:wikenheiser_2013,literature,0.5,2028,18098,75,0.0369822,0.0293535,0.044905,0.0041441,0.00327582,0.0050615,0.00745305,0.00588164,0.00908257,0.526661,0.561755,0.61916,0.051416,0.0429843,0.109589,0.155556,0.102941,0.30198,0.00881057,,,,,,,,,29,ripple,20,0
recipe:wu_2014,literature,0,1962,6504,1672,0.852192,0.838233,0.866635,0.257073,0.24203,0.272989,0.394992,0.375969,0.414194,0.534715,0.675544,0.793502,0.0201315,0.0214179,0.93473,0.380952,0.936275,0.99505,0.0881057,,,,,,,,,7,burst,20,0
recipe:wu_2014,literature,0.2,1962,6504,1657,0.844546,0.830628,0.85873,0.254766,0.239462,0.271008,0.391448,0.372288,0.410722,0.54116,0.677232,0.794286,0.0199062,0.0211893,0.931507,0.361905,0.936275,0.99505,0.0528634,,,,,,,,,5,burst,20,0
recipe:wu_2014,literature,0.5,1962,6504,1327,0.676351,0.661817,0.688803,0.204028,0.190669,0.218002,0.313489,0.296164,0.330649,0.627183,0.720573,0.817388,0.0173275,0.0184721,0.775181,0.238095,0.808824,0.940594,0.0264317,,,,,,,,,8,burst,20,0
recipe:wu_2017,literature,0,1962,1197,1052,0.536188,0.520512,0.55288,0.878864,0.858396,0.897396,0.666034,0.652805,0.679869,0.536545,0.668276,0.782061,0.0162974,0.0221747,0.629331,0.238095,0.191176,0.782178,0,,,,,,,,,30,burst,20,0
recipe:wu_2017,literature,0.2,1962,1197,1049,0.534659,0.519335,0.551025,0.876358,0.856321,0.894739,0.664134,0.651295,0.677369,0.537399,0.669093,0.782244,0.0162416,0.0221649,0.629331,0.234921,0.186275,0.772277,0,,,,,,,,,28,burst,20,0
recipe:wu_2017,literature,0.5,1962,1197,850,0.433231,0.418604,0.447891,0.710109,0.684966,0.734847,0.538145,0.522344,0.553625,0.613049,0.713222,0.809116,0.0132775,0.0179931,0.523771,0.130159,0.137255,0.539604,0,,,,,,,,,26,burst,20,0
recipe:xu_2019,literature,0,1962,2169,1479,0.753823,0.739083,0.768763,0.681881,0.652549,0.711039,0.716049,0.697179,0.733396,0.523121,0.676544,0.789086,0.0198543,0.0235112,0.862208,0.139683,0.862745,0.935644,0.00881057,,,,,,,,,16,burst,20,0
recipe:xu_2019,literature,0.2,1962,2169,1470,0.749235,0.734004,0.764116,0.677732,0.64832,0.707318,0.711692,0.692046,0.730086,0.526261,0.677636,0.790003,0.0197974,0.0232893,0.858985,0.133333,0.857843,0.935644,0.00440529,,,,,,,,,14,burst,20,0
recipe:xu_2019,literature,0.5,1962,2169,1169,0.595821,0.573069,0.619336,0.538958,0.508276,0.569087,0.565965,0.542103,0.59097,0.629515,0.725349,0.813512,0.0164936,0.0201227,0.684932,0.101587,0.681373,0.881188,0,,,,,,,,,14,burst,20,0
recipe:yamamoto_2017,literature,0,2189,1558,1220,0.557332,0.537441,0.578052,0.783055,0.749223,0.814307,0.651188,0.635634,0.666671,0.30679,0.441889,0.568749,0.0292335,0.0368978,0.787268,0.149206,0.0245098,0.945545,0,,,,,,,,,4,network,20,0
recipe:yamamoto_2017,literature,0.2,2189,1558,1093,0.499315,0.482284,0.516672,0.70154,0.660818,0.74163,0.5834,0.563395,0.603306,0.347458,0.459437,0.582247,0.0266647,0.0345245,0.730056,0.111111,0.0196078,0.732673,0,,,,,,,,,6,network,20,0
recipe:yamamoto_2017,literature,0.5,2189,1558,448,0.20466,0.189163,0.219613,0.287548,0.262166,0.314287,0.239125,0.22163,0.257205,0.552953,0.615204,0.694048,0.0175053,0.0217216,0.322321,0.0190476,0.00490196,0.20297,0,,,,,,,,,11,network,20,0
recipe:yang_2024,literature,0,2189,913,906,0.413888,0.395364,0.43318,0.992333,0.987433,0.996736,0.584139,0.565372,0.603247,0.595048,0.723171,0.826478,0.0191002,0.0209516,0.593876,0,0.00490196,0.831683,0,,,,,,,,,7,network,20,0
recipe:yang_2024,literature,0.2,2189,913,905,0.413431,0.394701,0.432838,0.991238,0.986213,0.99569,0.583495,0.564905,0.602635,0.595092,0.723336,0.826614,0.019105,0.0208846,0.59307,0,0.00490196,0.831683,0,,,,,,,,,7,network,20,0
recipe:yang_2024,literature,0.5,2189,913,789,0.360439,0.340785,0.381977,0.864184,0.83278,0.889134,0.508704,0.48589,0.533031,0.652699,0.748011,0.838749,0.0168959,0.0195836,0.505238,0,0.00490196,0.79703,0,,,,,,,,,7,network,20,0
