primary_expression,fp_target,method_a,method_b,setting_a,setting_b,recall_a,recall_b,reached_a,reached_b,difference,difference_low,difference_high,difference_p,n_paired,n_replicates,n_dropped
ripple,0.5,Karlsson_ripple_detector,Kay_ripple_detector,6.0,8.0,0.214752,,True,False,,,,,0,20,0
ripple,1,Karlsson_ripple_detector,Kay_ripple_detector,3.5,2.5,0.631657,0.783838,True,True,-0.152181,-0.196075,-0.11724,0.00019998,19,20,0
ripple,2,Karlsson_ripple_detector,Kay_ripple_detector,3.0,2.0,0.744268,0.818404,True,True,-0.0741362,-0.0814274,-0.0665072,9.999e-05,20,20,0
ripple,5,Karlsson_ripple_detector,Kay_ripple_detector,2.5,2.0,0.792264,0.847294,True,True,-0.0550302,-0.0633147,-0.0467405,9.999e-05,20,20,0
ripple,0.5,Karlsson_ripple_detector,Long_sharp_wave_ripple_detector,6.0,2.0,0.214752,0.736918,True,True,-0.522167,-0.624862,-0.384261,0.00195312,10,20,0
ripple,1,Karlsson_ripple_detector,Long_sharp_wave_ripple_detector,3.5,1.5,0.631657,,True,False,,,,,0,20,0
ripple,2,Karlsson_ripple_detector,Long_sharp_wave_ripple_detector,3.0,1.5,0.744268,,True,False,,,,,0,20,0
ripple,5,Karlsson_ripple_detector,Long_sharp_wave_ripple_detector,2.5,1.5,0.792264,,True,False,,,,,0,20,0
ripple,0.5,Karlsson_ripple_detector,Roumis_ripple_detector,6.0,8.0,0.214752,,True,False,,,,,0,20,0
ripple,1,Karlsson_ripple_detector,Roumis_ripple_detector,3.5,2.5,0.631657,0.785723,True,True,-0.154066,-0.198287,-0.119576,0.00019998,19,20,0
ripple,2,Karlsson_ripple_detector,Roumis_ripple_detector,3.0,2.0,0.744268,0.818834,True,True,-0.0745662,-0.0823869,-0.066106,9.999e-05,20,20,0
ripple,5,Karlsson_ripple_detector,Roumis_ripple_detector,2.5,2.0,0.792264,0.845725,True,True,-0.0534614,-0.0619554,-0.0449015,9.999e-05,20,20,0
ripple,0.5,Karlsson_ripple_detector,Shvartsman_ripple_detector,6.0,6.0,0.214752,0.217207,True,True,-0.00245537,-0.106446,0.0285737,0.00195312,10,20,0
ripple,1,Karlsson_ripple_detector,Shvartsman_ripple_detector,3.5,2.5,0.631657,0.75026,True,True,-0.118603,-0.160996,-0.0835989,9.999e-05,20,20,0
ripple,2,Karlsson_ripple_detector,Shvartsman_ripple_detector,3.0,2.0,0.744268,0.78817,True,True,-0.0439027,-0.0547461,-0.0338899,0.00019998,20,20,0
ripple,5,Karlsson_ripple_detector,Shvartsman_ripple_detector,2.5,1.5,0.792264,0.811778,True,True,-0.0195143,-0.0270646,-0.0129725,9.999e-05,20,20,0
ripple,0.5,Karlsson_ripple_detector,Yu_ripple_detector,6.0,99.999,0.214752,,True,False,,,,,0,20,0
ripple,1,Karlsson_ripple_detector,Yu_ripple_detector,3.5,99.999,0.631657,,True,False,,,,,0,20,0
ripple,2,Karlsson_ripple_detector,Yu_ripple_detector,3.0,99.999,0.744268,,True,False,,,,,0,20,0
ripple,5,Karlsson_ripple_detector,Yu_ripple_detector,2.5,99.999,0.792264,0.841757,True,True,-0.0494933,-0.0596788,-0.039726,0.000244141,13,20,0
ripple,0.5,Karlsson_ripple_detector,Zugaro_ripple_detector,6.0,10.0,0.214752,,True,False,,,,,0,20,0
ripple,1,Karlsson_ripple_detector,Zugaro_ripple_detector,3.5,6.0,0.631657,0.614746,True,True,0.0169108,-0.0874183,0.249361,0.00488281,12,20,0
ripple,2,Karlsson_ripple_detector,Zugaro_ripple_detector,3.0,2.5,0.744268,,True,False,,,,,0,20,0
ripple,5,Karlsson_ripple_detector,Zugaro_ripple_detector,2.5,2.5,0.792264,,True,False,,,,,0,20,0
ripple,0.5,Kay_ripple_detector,Long_sharp_wave_ripple_detector,8.0,2.0,,0.736918,False,True,,,,,0,20,0
ripple,1,Kay_ripple_detector,Long_sharp_wave_ripple_detector,2.5,1.5,0.783838,,True,False,,,,,0,20,0
ripple,2,Kay_ripple_detector,Long_sharp_wave_ripple_detector,2.0,1.5,0.818404,,True,False,,,,,0,20,0
ripple,5,Kay_ripple_detector,Long_sharp_wave_ripple_detector,2.0,1.5,0.847294,,True,False,,,,,0,20,0
ripple,0.5,Kay_ripple_detector,Roumis_ripple_detector,8.0,8.0,,,False,False,,,,,0,20,0
ripple,1,Kay_ripple_detector,Roumis_ripple_detector,2.5,2.5,0.783838,0.785723,True,True,-0.00188455,-0.00755813,0.0018154,0.123388,19,20,0
ripple,2,Kay_ripple_detector,Roumis_ripple_detector,2.0,2.0,0.818404,0.818834,True,True,-0.000429964,-0.00449062,0.00327773,0.60044,20,20,0
ripple,5,Kay_ripple_detector,Roumis_ripple_detector,2.0,2.0,0.847294,0.845725,True,True,0.00156878,-0.0010349,0.00476203,0.19518,20,20,0
ripple,0.5,Kay_ripple_detector,Shvartsman_ripple_detector,8.0,6.0,,0.217207,False,True,,,,,0,20,0
ripple,1,Kay_ripple_detector,Shvartsman_ripple_detector,2.5,2.5,0.783838,0.75026,True,True,0.0335783,0.0203362,0.0431926,0.00359964,19,20,0
ripple,2,Kay_ripple_detector,Shvartsman_ripple_detector,2.0,2.0,0.818404,0.78817,True,True,0.0302335,0.0218113,0.0378147,9.999e-05,20,20,0
ripple,5,Kay_ripple_detector,Shvartsman_ripple_detector,2.0,1.5,0.847294,0.811778,True,True,0.0355159,0.0295944,0.0414646,9.999e-05,20,20,0
ripple,0.5,Kay_ripple_detector,Yu_ripple_detector,8.0,99.999,,,False,False,,,,,0,20,0
ripple,1,Kay_ripple_detector,Yu_ripple_detector,2.5,99.999,0.783838,,True,False,,,,,0,20,0
ripple,2,Kay_ripple_detector,Yu_ripple_detector,2.0,99.999,0.818404,,True,False,,,,,0,20,0
ripple,5,Kay_ripple_detector,Yu_ripple_detector,2.0,99.999,0.847294,0.841757,True,True,0.00553683,-0.00210317,0.0139371,0.516846,13,20,0
ripple,0.5,Kay_ripple_detector,Zugaro_ripple_detector,8.0,10.0,,,False,False,,,,,0,20,0
ripple,1,Kay_ripple_detector,Zugaro_ripple_detector,2.5,6.0,0.783838,0.614746,True,True,0.169092,0.0559065,0.411215,0.00341797,12,20,0
ripple,2,Kay_ripple_detector,Zugaro_ripple_detector,2.0,2.5,0.818404,,True,False,,,,,0,20,0
ripple,5,Kay_ripple_detector,Zugaro_ripple_detector,2.0,2.5,0.847294,,True,False,,,,,0,20,0
ripple,0.5,Long_sharp_wave_ripple_detector,Roumis_ripple_detector,2.0,8.0,0.736918,,True,False,,,,,0,20,0
ripple,1,Long_sharp_wave_ripple_detector,Roumis_ripple_detector,1.5,2.5,,0.785723,False,True,,,,,0,20,0
ripple,2,Long_sharp_wave_ripple_detector,Roumis_ripple_detector,1.5,2.0,,0.818834,False,True,,,,,0,20,0
ripple,5,Long_sharp_wave_ripple_detector,Roumis_ripple_detector,1.5,2.0,,0.845725,False,True,,,,,0,20,0
ripple,0.5,Long_sharp_wave_ripple_detector,Shvartsman_ripple_detector,2.0,6.0,0.736918,0.217207,True,True,0.519711,0.306998,0.637424,0.0371094,10,20,0
ripple,1,Long_sharp_wave_ripple_detector,Shvartsman_ripple_detector,1.5,2.5,,0.75026,False,True,,,,,0,20,0
ripple,2,Long_sharp_wave_ripple_detector,Shvartsman_ripple_detector,1.5,2.0,,0.78817,False,True,,,,,0,20,0
ripple,5,Long_sharp_wave_ripple_detector,Shvartsman_ripple_detector,1.5,1.5,,0.811778,False,True,,,,,0,20,0
ripple,0.5,Long_sharp_wave_ripple_detector,Yu_ripple_detector,2.0,99.999,0.736918,,True,False,,,,,0,20,0
ripple,1,Long_sharp_wave_ripple_detector,Yu_ripple_detector,1.5,99.999,,,False,False,,,,,0,20,0
ripple,2,Long_sharp_wave_ripple_detector,Yu_ripple_detector,1.5,99.999,,,False,False,,,,,0,20,0
ripple,5,Long_sharp_wave_ripple_detector,Yu_ripple_detector,1.5,99.999,,0.841757,False,True,,,,,0,20,0
ripple,0.5,Long_sharp_wave_ripple_detector,Zugaro_ripple_detector,2.0,10.0,0.736918,,True,False,,,,,0,20,0
ripple,1,Long_sharp_wave_ripple_detector,Zugaro_ripple_detector,1.5,6.0,,0.614746,False,True,,,,,0,20,0
ripple,2,Long_sharp_wave_ripple_detector,Zugaro_ripple_detector,1.5,2.5,,,False,False,,,,,0,20,0
ripple,5,Long_sharp_wave_ripple_detector,Zugaro_ripple_detector,1.5,2.5,,,False,False,,,,,0,20,0
ripple,0.5,Roumis_ripple_detector,Shvartsman_ripple_detector,8.0,6.0,,0.217207,False,True,,,,,0,20,0
ripple,1,Roumis_ripple_detector,Shvartsman_ripple_detector,2.5,2.5,0.785723,0.75026,True,True,0.0354628,0.025973,0.0438904,0.00019998,19,20,0
ripple,2,Roumis_ripple_detector,Shvartsman_ripple_detector,2.0,2.0,0.818834,0.78817,True,True,0.0306635,0.0226296,0.0386669,9.999e-05,20,20,0
ripple,5,Roumis_ripple_detector,Shvartsman_ripple_detector,2.0,1.5,0.845725,0.811778,True,True,0.0339471,0.0279604,0.0396989,9.999e-05,20,20,0
ripple,0.5,Roumis_ripple_detector,Yu_ripple_detector,8.0,99.999,,,False,False,,,,,0,20,0
ripple,1,Roumis_ripple_detector,Yu_ripple_detector,2.5,99.999,0.785723,,True,False,,,,,0,20,0
ripple,2,Roumis_ripple_detector,Yu_ripple_detector,2.0,99.999,0.818834,,True,False,,,,,0,20,0
ripple,5,Roumis_ripple_detector,Yu_ripple_detector,2.0,99.999,0.845725,0.841757,True,True,0.00396805,-0.00329477,0.0115629,0.974854,13,20,0
ripple,0.5,Roumis_ripple_detector,Zugaro_ripple_detector,8.0,10.0,,,False,False,,,,,0,20,0
ripple,1,Roumis_ripple_detector,Zugaro_ripple_detector,2.5,6.0,0.785723,0.614746,True,True,0.170977,0.059996,0.412822,0.00195312,12,20,0
ripple,2,Roumis_ripple_detector,Zugaro_ripple_detector,2.0,2.5,0.818834,,True,False,,,,,0,20,0
ripple,5,Roumis_ripple_detector,Zugaro_ripple_detector,2.0,2.5,0.845725,,True,False,,,,,0,20,0
ripple,0.5,Shvartsman_ripple_detector,Yu_ripple_detector,6.0,99.999,0.217207,,True,False,,,,,0,20,0
ripple,1,Shvartsman_ripple_detector,Yu_ripple_detector,2.5,99.999,0.75026,,True,False,,,,,0,20,0
ripple,2,Shvartsman_ripple_detector,Yu_ripple_detector,2.0,99.999,0.78817,,True,False,,,,,0,20,0
ripple,5,Shvartsman_ripple_detector,Yu_ripple_detector,1.5,99.999,0.811778,0.841757,True,True,-0.029979,-0.0386942,-0.0219767,0.000244141,13,20,0
ripple,0.5,Shvartsman_ripple_detector,Zugaro_ripple_detector,6.0,10.0,0.217207,,True,False,,,,,0,20,0
ripple,1,Shvartsman_ripple_detector,Zugaro_ripple_detector,2.5,6.0,0.75026,0.614746,True,True,0.135514,0.0239147,0.377083,0.0620117,12,20,0
ripple,2,Shvartsman_ripple_detector,Zugaro_ripple_detector,2.0,2.5,0.78817,,True,False,,,,,0,20,0
ripple,5,Shvartsman_ripple_detector,Zugaro_ripple_detector,1.5,2.5,0.811778,,True,False,,,,,0,20,0
ripple,0.5,Yu_ripple_detector,Zugaro_ripple_detector,99.999,10.0,,,False,False,,,,,0,20,0
ripple,1,Yu_ripple_detector,Zugaro_ripple_detector,99.999,6.0,,0.614746,False,True,,,,,0,20,0
ripple,2,Yu_ripple_detector,Zugaro_ripple_detector,99.999,2.5,,,False,False,,,,,0,20,0
ripple,5,Yu_ripple_detector,Zugaro_ripple_detector,99.999,2.5,0.841757,,True,False,,,,,0,20,0
