method,setting,kind,threshold,minimum_iou,primary_expression,n_sessions,n_dropped,n_reference,n_detected,n_matched,n_false_positives,minutes,recall,false_positives_per_minute,median_onset_error,median_offset_error,median_abs_onset_error,median_abs_offset_error,n_failures
Carey_candidate_detector,1.5,sweep,1.5,0,network,20,0,2189,15595,1956,13614,195.579,0.893559,69.6086,0.00251461,-0.00493739,0.0114289,0.0139309,0
Carey_candidate_detector,2.0,sweep,2,0,network,20,0,2189,9043,1914,7112,195.579,0.874372,36.3638,0.00218994,-0.00484853,0.0112571,0.0137773,0
Carey_candidate_detector,2.5,sweep,2.5,0,network,20,0,2189,4702,1854,2834,195.579,0.846962,14.4903,0.00188426,-0.00454247,0.0109704,0.0135398,0
Carey_candidate_detector,3.0,sweep,3,0,network,20,0,2189,2730,1786,934,195.579,0.815898,4.77556,0.00153705,-0.00439081,0.0106142,0.013347,0
Carey_candidate_detector,3.5,sweep,3.5,0,network,20,0,2189,1970,1704,256,195.579,0.778438,1.30893,0.00138242,-0.00417594,0.0102847,0.0131278,0
Carey_candidate_detector,4.0,sweep,4,0,network,20,0,2189,1697,1611,77,195.579,0.735952,0.393702,0.00107732,-0.00393308,0.0100374,0.0129596,0
Carey_candidate_detector,5.0,sweep,5,0,network,20,0,2189,1436,1414,14,195.579,0.645957,0.0715823,0.000540053,-0.00336197,0.00967923,0.0128542,0
Carey_candidate_detector,6.0,sweep,6,0,network,20,0,2189,1243,1235,3,195.579,0.564185,0.0153391,0.000107607,-0.0031518,0.00945685,0.0122832,0
Carey_candidate_detector,default,default,,0,network,20,0,2189,2730,1786,934,195.579,0.815898,4.77556,0.00153705,-0.00439081,0.0106142,0.013347,0
Karlsson_ripple_detector,1.5,sweep,1.5,0,ripple,20,0,2028,14815,1771,12940,195.579,0.873274,66.1625,-0.00825668,0.00473518,0.0127322,0.0132794,0
Karlsson_ripple_detector,2.0,sweep,2,0,ripple,20,0,2028,4565,1682,2863,195.579,0.829389,14.6386,-0.00801682,0.00504086,0.0123177,0.0130064,0
Karlsson_ripple_detector,2.5,sweep,2.5,0,ripple,20,0,2028,2257,1581,670,195.579,0.779586,3.42572,-0.00831192,0.00514077,0.0121356,0.0127862,0
Karlsson_ripple_detector,3.0,sweep,3,0,ripple,20,0,2028,1750,1467,282,195.579,0.723373,1.44187,-0.00831192,0.00481832,0.0118852,0.0125071,0
Karlsson_ripple_detector,3.5,sweep,3.5,0,ripple,20,0,2028,1556,1345,210,195.579,0.663215,1.07373,-0.00823681,0.00507913,0.0120267,0.0127776,0
Karlsson_ripple_detector,4.0,sweep,4,0,ripple,20,0,2028,1391,1211,179,195.579,0.59714,0.91523,-0.00849503,0.00566296,0.0121356,0.0129322,0
Karlsson_ripple_detector,5.0,sweep,5,0,ripple,20,0,2028,1076,934,141,195.579,0.460552,0.720936,-0.00846508,0.0056118,0.0121302,0.0128009,0
Karlsson_ripple_detector,6.0,sweep,6,0,ripple,20,0,2028,777,661,115,195.579,0.325937,0.587997,-0.00857537,0.00585271,0.0115068,0.0125645,0
Karlsson_ripple_detector,8.0,sweep,8,0,ripple,20,0,2028,285,203,81,195.579,0.100099,0.414154,-0.00542021,0.00371085,0.0115611,0.0129715,0
Karlsson_ripple_detector,default,default,,0,ripple,20,0,2028,1750,1467,282,195.579,0.723373,1.44187,-0.00831192,0.00481832,0.0118852,0.0125071,0
Kay_ripple_detector,1.5,sweep,1.5,0,ripple,20,0,2028,3974,1762,2197,195.579,0.868836,11.2333,0.000709981,-0.00356352,0.00855824,0.0117239,0
Kay_ripple_detector,2.0,sweep,2,0,ripple,20,0,2028,2158,1680,473,195.579,0.828402,2.41846,0.000386831,-0.0031858,0.00830239,0.0113132,0
Kay_ripple_detector,2.5,sweep,2.5,0,ripple,20,0,2028,1769,1584,184,195.579,0.781065,0.940795,-1.44207e-05,-0.00279702,0.00823853,0.0110897,0
Kay_ripple_detector,3.0,sweep,3,0,ripple,20,0,2028,1634,1496,137,195.579,0.737673,0.700483,-5.72164e-05,-0.00241752,0.00815769,0.0108701,0
Kay_ripple_detector,3.5,sweep,3.5,0,ripple,20,0,2028,1525,1395,129,195.579,0.68787,0.659579,-0.000229183,-0.00191444,0.00815417,0.010875,0
Kay_ripple_detector,4.0,sweep,4,0,ripple,20,0,2028,1404,1278,125,195.579,0.630178,0.639127,-0.000585886,-0.0013605,0.00814347,0.0106816,0
Kay_ripple_detector,5.0,sweep,5,0,ripple,20,0,2028,1169,1044,124,195.579,0.514793,0.634014,-0.000761269,-0.000518311,0.00789032,0.0101508,0
Kay_ripple_detector,6.0,sweep,6,0,ripple,20,0,2028,930,810,119,195.579,0.399408,0.608449,-0.00132292,-8.28574e-06,0.00768954,0.0100976,0
Kay_ripple_detector,8.0,sweep,8,0,ripple,20,0,2028,501,402,98,195.579,0.198225,0.501076,-0.00272049,0.00331301,0.0078037,0.010286,0
Kay_ripple_detector,default,default,,0,ripple,20,0,2028,2158,1680,473,195.579,0.828402,2.41846,0.000386831,-0.0031858,0.00830239,0.0113132,0
Long_sharp_wave_ripple_detector,1.5,sweep,1.5,0,ripple,20,0,2028,1685,1553,0,195.579,0.765779,0,0.0112923,-0.0279221,0.0145162,0.0281014,0
Long_sharp_wave_ripple_detector,2.0,sweep,2,0,ripple,20,0,2028,1593,1495,0,195.579,0.737179,0,0.011537,-0.0280958,0.0147025,0.0282347,0
Long_sharp_wave_ripple_detector,2.5,sweep,2.5,0,ripple,20,0,2028,1429,1370,0,195.579,0.675542,0,0.0119071,-0.0281557,0.0144606,0.0283152,0
Long_sharp_wave_ripple_detector,3.0,sweep,3,0,ripple,20,0,2028,1259,1220,0,195.579,0.601578,0,0.0123311,-0.0290001,0.0149373,0.0294394,0
Long_sharp_wave_ripple_detector,3.5,sweep,3.5,0,ripple,20,0,2028,1080,1055,0,195.579,0.520217,0,0.0129613,-0.03022,0.0150664,0.0302763,0
Long_sharp_wave_ripple_detector,4.0,sweep,4,0,ripple,20,0,2028,897,881,0,195.579,0.434418,0,0.0131055,-0.0301218,0.0149516,0.0301218,0
Long_sharp_wave_ripple_detector,5.0,sweep,5,0,ripple,20,0,2028,516,512,0,195.579,0.252465,0,0.0149138,-0.0296386,0.0169657,0.0296386,0
Long_sharp_wave_ripple_detector,default,default,,0,ripple,20,0,2028,1429,1370,0,195.579,0.675542,0,0.0119071,-0.0281557,0.0144606,0.0283152,0
Roumis_ripple_detector,1.5,sweep,1.5,0,ripple,20,0,2028,4026,1757,2252,195.579,0.866371,11.5145,0.000425584,-0.00321973,0.00851876,0.0118415,0
Roumis_ripple_detector,2.0,sweep,2,0,ripple,20,0,2028,2152,1679,468,195.579,0.827909,2.39289,0.0001457,-0.00297063,0.00834514,0.0113402,0
Roumis_ripple_detector,2.5,sweep,2.5,0,ripple,20,0,2028,1753,1581,170,195.579,0.779586,0.869213,-0.000295446,-0.00241975,0.00826582,0.0111907,0
Roumis_ripple_detector,3.0,sweep,3,0,ripple,20,0,2028,1631,1498,132,195.579,0.738659,0.674918,-0.000411474,-0.00217645,0.00817259,0.0110539,0
Roumis_ripple_detector,3.5,sweep,3.5,0,ripple,20,0,2028,1531,1402,128,195.579,0.691321,0.654466,-0.0005833,-0.00191563,0.00816821,0.011094,0
Roumis_ripple_detector,4.0,sweep,4,0,ripple,20,0,2028,1411,1285,125,195.579,0.633629,0.639127,-0.000719226,-0.00146815,0.00815417,0.0108997,0
Roumis_ripple_detector,5.0,sweep,5,0,ripple,20,0,2028,1190,1065,124,195.579,0.525148,0.634014,-0.0010856,-0.000581102,0.00793618,0.0103424,0
Roumis_ripple_detector,6.0,sweep,6,0,ripple,20,0,2028,945,824,120,195.579,0.406312,0.613562,-0.00163397,0.000129724,0.00771121,0.0104257,0
Roumis_ripple_detector,8.0,sweep,8,0,ripple,20,0,2028,517,418,98,195.579,0.206114,0.501076,-0.00321522,0.00274785,0.00784981,0.0104918,0
Roumis_ripple_detector,default,default,,0,ripple,20,0,2028,2152,1679,468,195.579,0.827909,2.39289,0.0001457,-0.00297063,0.00834514,0.0113402,0
Shvartsman_ripple_detector,1.5,sweep,1.5,0,ripple,20,0,2028,3508,1679,1820,195.579,0.827909,9.30569,-0.00893974,0.00567533,0.0126592,0.013095,0
Shvartsman_ripple_detector,2.0,sweep,2,0,ripple,20,0,2028,1855,1580,274,195.579,0.779093,1.40097,-0.00894601,0.00606257,0.01228,0.0127819,0
Shvartsman_ripple_detector,2.5,sweep,2.5,0,ripple,20,0,2028,1613,1469,143,195.579,0.724359,0.731162,-0.00954123,0.00629282,0.0122436,0.0125382,0
Shvartsman_ripple_detector,3.0,sweep,3,0,ripple,20,0,2028,1471,1341,129,195.579,0.661243,0.659579,-0.00966927,0.00639349,0.0122436,0.0125022,0
Shvartsman_ripple_detector,3.5,sweep,3.5,0,ripple,20,0,2028,1326,1199,126,195.579,0.591223,0.64424,-0.00978955,0.00693444,0.0124334,0.0128699,0
Shvartsman_ripple_detector,4.0,sweep,4,0,ripple,20,0,2028,1195,1070,124,195.579,0.527613,0.634014,-0.00995238,0.00744382,0.0123612,0.0129891,0
Shvartsman_ripple_detector,5.0,sweep,5,0,ripple,20,0,2028,889,775,113,195.579,0.38215,0.577771,-0.0109425,0.00814796,0.0127751,0.0129784,0
Shvartsman_ripple_detector,6.0,sweep,6,0,ripple,20,0,2028,624,520,103,195.579,0.25641,0.526641,-0.0109906,0.0096786,0.0131161,0.0129257,0
Shvartsman_ripple_detector,8.0,sweep,8,0,ripple,20,0,2028,191,115,75,195.579,0.0567061,0.383476,-0.0114983,0.0100779,0.0130514,0.0157284,0
Shvartsman_ripple_detector,default,default,,0,ripple,20,0,2028,1471,1341,129,195.579,0.661243,0.659579,-0.00966927,0.00639349,0.0122436,0.0125022,0
Yu_ripple_detector,99.0,sweep,99,0,ripple,20,0,2028,9631,1817,7735,195.579,0.895957,39.5492,0.00185475,-0.00513172,0.00839714,0.0118577,0
Yu_ripple_detector,99.5,sweep,99.5,0,ripple,20,0,2028,7442,1804,5584,195.579,0.889546,28.5511,0.00185416,-0.00513669,0.00836632,0.0118325,0
Yu_ripple_detector,99.9,sweep,99.9,0,ripple,20,0,2028,4843,1769,3043,195.579,0.872288,15.5589,0.00170934,-0.0050567,0.00835013,0.011721,0
Yu_ripple_detector,99.95,sweep,99.95,0,ripple,20,0,2028,4192,1762,2407,195.579,0.868836,12.307,0.00167677,-0.00500994,0.00836365,0.0117334,0
Yu_ripple_detector,99.99,sweep,99.99,0,ripple,20,0,2028,3256,1731,1509,195.579,0.85355,7.71554,0.0015747,-0.00482574,0.00829738,0.0115689,0
Yu_ripple_detector,99.995,sweep,99.995,0,ripple,20,0,2028,3009,1723,1271,195.579,0.849606,6.49865,0.0015474,-0.00482186,0.00826187,0.011559,0
Yu_ripple_detector,99.999,sweep,99.999,0,ripple,20,0,2028,2598,1702,884,195.579,0.83925,4.51991,0.00149435,-0.00475034,0.00823415,0.0115469,0
Yu_ripple_detector,default,default,,0,ripple,20,0,2028,3256,1731,1509,195.579,0.85355,7.71554,0.0015747,-0.00482574,0.00829738,0.0115689,0
Zugaro_ripple_detector,2.5,sweep,2.5,0,ripple,20,0,2028,1907,1584,315,195.579,0.781065,1.6106,0.015326,-0.0245035,0.015478,0.0246551,0
Zugaro_ripple_detector,3.0,sweep,3,0,ripple,20,0,2028,1840,1562,272,195.579,0.770217,1.39074,0.0151884,-0.024391,0.0153506,0.0245417,0
Zugaro_ripple_detector,4.0,sweep,4,0,ripple,20,0,2028,1711,1477,228,195.579,0.728304,1.16577,0.0147543,-0.0240431,0.0149316,0.0242359,0
Zugaro_ripple_detector,5.0,sweep,5,0,ripple,20,0,2028,1561,1352,206,195.579,0.666667,1.05328,0.0142518,-0.0231109,0.0145237,0.0234334,0
Zugaro_ripple_detector,6.0,sweep,6,0,ripple,20,0,2028,1437,1242,192,195.579,0.612426,0.981699,0.0138919,-0.0226941,0.0140489,0.0229825,0
Zugaro_ripple_detector,8.0,sweep,8,0,ripple,20,0,2028,1141,959,180,195.579,0.47288,0.920343,0.0128191,-0.0204648,0.0132007,0.0209417,0
Zugaro_ripple_detector,10.0,sweep,10,0,ripple,20,0,2028,876,712,162,195.579,0.351085,0.828309,0.0123628,-0.0189278,0.0125482,0.0191035,0
Zugaro_ripple_detector,default,default,,0,ripple,20,0,2028,1561,1352,206,195.579,0.666667,1.05328,0.0142518,-0.0231109,0.0145237,0.0234334,0
multiunit_HSE_detector,1.5,sweep,1.5,0,burst,20,0,1962,11505,1894,9586,195.579,0.965341,49.0134,-0.0209787,0.0186515,0.0234316,0.0236465,0
multiunit_HSE_detector,2.0,sweep,2,0,burst,20,0,1962,5406,1833,3558,195.579,0.934251,18.1921,-0.021086,0.0191263,0.0231996,0.0236041,0
multiunit_HSE_detector,2.5,sweep,2.5,0,burst,20,0,1962,2935,1737,1189,195.579,0.885321,6.07938,-0.0211098,0.0188912,0.0232191,0.023343,0
multiunit_HSE_detector,3.0,sweep,3,0,burst,20,0,1962,2010,1605,402,195.579,0.818043,2.05543,-0.0210963,0.019203,0.0231166,0.0236704,0
multiunit_HSE_detector,3.5,sweep,3.5,0,burst,20,0,1962,1669,1488,179,195.579,0.75841,0.91523,-0.0212917,0.0200032,0.0229611,0.0238824,0
multiunit_HSE_detector,4.0,sweep,4,0,burst,20,0,1962,1438,1316,122,195.579,0.670744,0.623788,-0.0213047,0.0201309,0.0225961,0.0234916,0
multiunit_HSE_detector,5.0,sweep,5,0,burst,20,0,1962,1035,962,73,195.579,0.490316,0.37325,-0.0222592,0.0214337,0.0242358,0.0243378,0
multiunit_HSE_detector,6.0,sweep,6,0,burst,20,0,1962,693,647,46,195.579,0.329766,0.235199,-0.0220165,0.023093,0.0234458,0.0252551,0
multiunit_HSE_detector,8.0,sweep,8,0,burst,20,0,1962,219,207,12,195.579,0.105505,0.0613562,-0.0283472,0.0246714,0.0283472,0.0264139,0
multiunit_HSE_detector,default,default,,0,burst,20,0,1962,5406,1833,3558,195.579,0.934251,18.1921,-0.021086,0.0191263,0.0231996,0.0236041,0
recipe:ambrose_2016,literature,recipe,,0,ripple,20,0,2028,1629,1476,152,195.579,0.727811,0.777179,-0.0166828,0.0143054,0.0173523,0.016797,0
recipe:bendor_2012,literature,recipe,,0,burst,20,0,1962,1393,1306,85,195.579,0.665647,0.434607,0.0107418,-0.0181109,0.0135465,0.0192217,0
recipe:berners_lee_2021,literature,recipe,,0,ripple,20,0,2028,2647,1611,1033,195.579,0.794379,5.28175,-0.0158908,0.0133828,0.0170096,0.0176278,0
recipe:berners_lee_2022,literature,recipe,,0,burst,20,0,1962,1577,1305,272,195.579,0.665138,1.39074,-0.0142665,0.012016,0.0189524,0.0210037,0
recipe:bhattarai_2020,literature,recipe,,0,network,20,0,2189,814,797,17,195.579,0.364093,0.0869213,-0.0833885,0.0024533,0.0837598,0.057367,0
recipe:bhattarai_2020_ripples,literature,recipe,,0,ripple,20,0,2028,922,908,13,195.579,0.447732,0.0664692,0.0013047,-0.00925054,0.00771921,0.0136179,0
recipe:bush_2022,literature,recipe,,0,burst,20,0,1962,1396,1230,166,195.579,0.626911,0.848761,0.0011896,-0.00392797,0.0122877,0.0146476,0
recipe:carey_2019,literature,recipe,,0,network,20,0,2189,4238,1808,2392,195.579,0.825948,12.2303,0.0126001,-0.0171193,0.0139032,0.0179448,0
recipe:carr_2012,literature,recipe,,0,ripple,20,0,2028,1750,1467,282,195.579,0.723373,1.44187,-0.00831192,0.00481832,0.0118852,0.0125071,0
recipe:chenani_2019,literature,recipe,,0,burst,20,0,1962,1468,1323,145,195.579,0.674312,0.741388,-0.0198358,0.0154478,0.0212301,0.0195257,0
recipe:davidson_2009,literature,recipe,,0,burst,20,0,1962,2033,1554,474,195.579,0.792049,2.42357,-0.0205316,0.018037,0.0226041,0.0229855,0
recipe:denovellis_2021,literature,recipe,,0,ripple,20,0,2028,2129,1679,445,195.579,0.827909,2.27529,0.000799833,-0.00379839,0.00820933,0.011167,0
recipe:denovellis_2021_mua,literature,recipe,,0,burst,20,0,1962,5409,1832,3562,195.579,0.933741,18.2126,-0.0211043,0.0191545,0.0232541,0.0235672,0
recipe:diba_2007,literature,recipe,,0,burst,20,0,1962,499,494,5,195.579,0.251784,0.0255651,-0.0705893,0.0790515,0.0709288,0.0850819,0
recipe:drieu_2018,literature,recipe,,0,burst,20,0,1962,3137,1516,1603,195.579,0.772681,8.19617,-0.00512186,0.00239189,0.0140199,0.0153231,0
recipe:farooq_2019_neuron,literature,recipe,,0,burst,20,0,1962,554,553,1,195.579,0.281855,0.00511302,0.0108739,-0.0164029,0.0131637,0.0176319,0
recipe:farooq_2019_science,literature,recipe,,0,burst,20,0,1962,549,549,0,195.579,0.279817,0,0.0108739,-0.0164029,0.0131637,0.0176319,0
recipe:farooq_2019_science_awake,literature,recipe,,0,burst,20,0,1962,549,549,0,195.579,0.279817,0,0.0108739,-0.0164029,0.0131637,0.0176319,0
recipe:foster_2006,literature,recipe,,0,burst,20,0,1962,298,298,0,195.579,0.151886,0,-0.00292905,0.00553233,0.0211645,0.023231,0
recipe:foster_2006_ripples,literature,recipe,,0,ripple,20,0,2028,365,162,202,195.579,0.0798817,1.03283,0.0331574,-0.046295,0.0337426,0.046803,0
recipe:gillespie_2021,literature,recipe,,0,ripple,20,0,2028,2158,1680,473,195.579,0.828402,2.41846,0.000386831,-0.0031858,0.00830239,0.0113132,0
recipe:gillespie_2021_mua,literature,recipe,,0,burst,20,0,1962,2090,1609,476,195.579,0.820082,2.4338,-0.02062,0.0181888,0.0227507,0.0230192,0
recipe:gridchyn_2020,literature,recipe,,0,burst,20,0,1962,10291,1759,8446,195.579,0.896534,43.1846,0.0115721,3.07448e-05,0.0159803,0.0169167,0
recipe:grosmark_2016,literature,recipe,,0,network,20,0,2189,913,906,7,195.579,0.413888,0.0357911,-0.013622,0.0151007,0.0191002,0.0209516,0
recipe:gupta_2010,literature,recipe,,0,ripple,20,0,2028,16996,1637,15205,195.579,0.807199,77.7434,-0.000317398,-0.00551887,0.0090721,0.01309,0
recipe:harvey_2023_code,literature,recipe,,0,ripple,20,0,2028,1142,1133,0,195.579,0.558679,0,0.0129904,-0.0303595,0.0151625,0.0306006,0
recipe:harvey_2023_no_radiatum,literature,recipe,,0,ripple,20,0,2028,2235,1222,1003,195.579,0.602564,5.12836,0.000954379,-0.00450134,0.0207972,0.0232006,0
recipe:harvey_2023_text,literature,recipe,,0,ripple,20,0,2028,1352,1207,136,195.579,0.595168,0.69537,0.0142322,-0.0229381,0.014542,0.0232204,0
recipe:huelin_gorriz_2023,literature,recipe,,0,network,20,0,2189,1111,1097,14,195.579,0.501142,0.0715823,-0.0149872,0.0164125,0.0189375,0.0217082,0
recipe:igata_2021,literature,recipe,,0,burst,20,0,1962,7432,1840,5576,195.579,0.937819,28.5102,-0.0205692,0.0179595,0.0230121,0.0229901,0
recipe:igata_2021_ripples,literature,recipe,,0,ripple,20,0,2028,9579,1769,4042,195.579,0.872288,20.6668,0.00097343,-0.00256058,0.00639976,0.00832298,0
recipe:jadhav_2016,literature,recipe,,0,ripple,20,0,2028,1443,1195,247,195.579,0.58925,1.26292,-0.00860723,0.00473518,0.0121992,0.0129837,0
recipe:ji_2007,literature,recipe,,0,burst,20,0,1962,1552,1411,141,195.579,0.719164,0.720936,0.0145984,-0.0224847,0.0167606,0.0228325,0
recipe:ji_2007_ripples,literature,recipe,,0,ripple,20,0,2028,143,10,132,195.579,0.00493097,0.674918,-0.0321521,-0.0115184,0.0372254,0.0204007,0
recipe:kaefer_2020,literature,recipe,,0,ripple,20,0,2028,99,21,78,195.579,0.010355,0.398815,-0.100807,0.0671723,0.100807,0.0682697,0
recipe:karlsson_2009,literature,recipe,,0,ripple,20,0,2028,1743,1467,275,195.579,0.723373,1.40608,-0.00831192,0.00481832,0.0118852,0.0125071,0
recipe:krause_2022,literature,recipe,,0,network,20,0,2189,1474,1349,100,195.579,0.616263,0.511302,0.0132668,-0.0169765,0.0193575,0.0222522,0
recipe:krause_2022_hse,literature,recipe,,0,burst,20,0,1962,1986,1605,379,195.579,0.818043,1.93783,-0.0319659,0.0295917,0.0328442,0.0316971,0
recipe:kudrimoti_1999,literature,recipe,,0,ripple,20,0,2028,58,49,9,195.579,0.0241617,0.0460172,0.0317474,-0.0451812,0.0317474,0.0451812,0
recipe:lee_2002,literature,recipe,,0,burst,20,0,1962,28788,1854,26870,195.579,0.944954,137.387,-0.0401752,0.02726,0.0474121,0.0463919,0
recipe:lee_2002_ripples,literature,recipe,,0,ripple,20,0,2028,365,162,202,195.579,0.0798817,1.03283,0.0331574,-0.046295,0.0337426,0.046803,0
recipe:liu_2019,literature,recipe,,0,burst,20,0,1962,12503,1666,10820,195.579,0.849134,55.3229,-0.146442,0.133392,0.146442,0.133392,0
recipe:liu_2019_awake,literature,recipe,,0,burst,20,0,1962,12503,1666,10820,195.579,0.849134,55.3229,-0.146442,0.133392,0.146442,0.133392,0
recipe:liu_2023,literature,recipe,,0,network,20,0,2189,908,906,2,195.579,0.413888,0.010226,-0.00698321,0.00643702,0.0168725,0.0199995,0
recipe:maboudi_2018,literature,recipe,,0,burst,20,0,1962,1852,1556,296,195.579,0.793068,1.51345,-0.0325475,0.0304743,0.0329308,0.0318208,0
recipe:maboudi_2018_open_field,literature,recipe,,0,burst,20,0,1962,1991,1448,540,195.579,0.738022,2.76103,-0.00216719,-0.000733825,0.0118468,0.0146803,0
recipe:mallory_2025,literature,recipe,,0,burst,20,0,1962,2300,1495,805,195.579,0.761978,4.11598,-0.015242,0.0144131,0.0179248,0.019459,0
recipe:mallory_2025_ripples,literature,recipe,,0,ripple,20,0,2028,1685,1406,278,195.579,0.693294,1.42142,-0.016036,0.0121769,0.0171539,0.0174435,0
recipe:michon_2019,literature,recipe,,0,network,20,0,2189,554,554,0,195.579,0.253084,0,-0.00208037,0.00160036,0.0122061,0.0160055,0
recipe:michon_2021,literature,recipe,,0,network,20,0,2189,554,554,0,195.579,0.253084,0,-0.00208037,0.00160036,0.0122061,0.0160055,0
recipe:mou_2022,literature,recipe,,0,burst,20,0,1962,3178,1681,1493,195.579,0.856779,7.63374,-0.0506197,0.0500896,0.0510141,0.0504477,0
recipe:muessig_2019,literature,recipe,,0,network,20,0,2189,220,220,0,195.579,0.100503,0,0.0255318,-0.0309551,0.0256151,0.0309551,0
recipe:muessig_2019_ripples,literature,recipe,,0,ripple,20,0,2028,46878,1790,32074,195.579,0.882643,163.995,-0.00724482,0.000786876,0.0133599,0.012749,0
recipe:nadasdy_1999,literature,recipe,,0,ripple,20,0,2028,1086,949,136,195.579,0.467949,0.69537,0.00476471,-0.00864121,0.00697633,0.0106259,0
recipe:olafsdottir_2015,literature,recipe,,0,burst,20,0,1962,2063,1307,756,195.579,0.666157,3.86544,0.00445992,-0.00470102,0.0186001,0.0206704,0
recipe:olafsdottir_2015.bayesian_candidates,literature,recipe,,0,burst,20,0,1962,1490,1176,314,195.579,0.599388,1.60549,0.00329596,-0.00406171,0.0186058,0.0208499,0
recipe:olafsdottir_2016,literature,recipe,,0,burst,20,0,1962,1194,1098,65,195.579,0.559633,0.332346,0.00981967,-0.0163758,0.0140545,0.018966,0
recipe:olafsdottir_2017,literature,recipe,,0,burst,20,0,1962,3088,1457,1487,195.579,0.74261,7.60306,0.0116766,-0.0174951,0.0150384,0.0198956,0
recipe:olafsdottir_2017.trajectory,literature,recipe,,0,burst,20,0,1962,1167,1098,38,195.579,0.559633,0.194295,0.00981967,-0.0163758,0.0140545,0.018966,0
recipe:pfeiffer_2013,literature,recipe,,0,burst,20,0,1962,1991,1448,540,195.579,0.738022,2.76103,-0.00216719,-0.000733825,0.0118468,0.0146803,0
recipe:pfeiffer_2013_ripples,literature,recipe,,0,ripple,20,0,2028,1629,1476,152,195.579,0.727811,0.777179,-0.0166828,0.0143054,0.0173523,0.016797,0
recipe:pfeiffer_2015,literature,recipe,,0,ripple,20,0,2028,1626,1476,149,195.579,0.727811,0.76184,-0.0166828,0.0143054,0.0173523,0.016797,0
recipe:shin_2019,literature,recipe,,0,ripple,20,0,2028,1750,1467,282,195.579,0.723373,1.44187,-0.00831192,0.00481832,0.0118852,0.0125071,0
recipe:silva_2015,literature,recipe,,0,burst,20,0,1962,1428,1186,242,195.579,0.604485,1.23735,-0.0119659,0.0101352,0.0164267,0.0189529,0
recipe:stella_2019,literature,recipe,,0,ripple,20,0,2028,1923,1339,574,195.579,0.660256,2.93487,0.0111195,-0.0189459,0.0113763,0.0193668,0
recipe:tang_2017,literature,recipe,,0,ripple,20,0,2028,1750,1467,282,195.579,0.723373,1.44187,-0.00831192,0.00481832,0.0118852,0.0125071,0
recipe:tirole_2022,literature,recipe,,0,network,20,0,2189,1111,1097,14,195.579,0.501142,0.0715823,-0.0149872,0.0164125,0.0189375,0.0217082,0
recipe:widloski_2025,literature,recipe,,0,ripple,20,0,2028,1215,1033,181,195.579,0.509369,0.925456,-0.174743,0.169796,0.174743,0.169796,0
recipe:widloski_2025_bursts,literature,recipe,,0,burst,20,0,1962,1041,1015,26,195.579,0.517329,0.132938,-0.169077,0.155768,0.169077,0.155768,0
recipe:wikenheiser_2013,literature,recipe,,0,ripple,20,0,2028,18098,1692,16339,195.579,0.83432,83.5416,-0.150727,0.136806,0.150727,0.136806,0
recipe:wu_2014,literature,recipe,,0,burst,20,0,1962,6504,1672,4821,195.579,0.852192,24.6499,-0.0171618,0.0156447,0.0201315,0.0214179,0
recipe:wu_2017,literature,recipe,,0,burst,20,0,1962,1197,1052,114,195.579,0.536188,0.582884,0.0110042,-0.019014,0.0162974,0.0221747,0
recipe:xu_2019,literature,recipe,,0,burst,20,0,1962,2169,1479,690,195.579,0.753823,3.52798,-0.00737195,0.0204152,0.0198543,0.0235112,0
recipe:yamamoto_2017,literature,recipe,,0,network,20,0,2189,1558,1220,83,195.579,0.557332,0.424381,0.0292335,-0.0368978,0.0292335,0.0368978,0
recipe:yang_2024,literature,recipe,,0,network,20,0,2189,913,906,7,195.579,0.413888,0.0357911,-0.013622,0.0151007,0.0191002,0.0209516,0
Carey_candidate_detector,1.5,sweep,1.5,0.2,network,20,0,2189,15595,1935,13631,195.579,0.883965,69.6956,0.00249304,-0.00496295,0.0113159,0.013775,0
Carey_candidate_detector,2.0,sweep,2,0.2,network,20,0,2189,9043,1903,7123,195.579,0.869347,36.42,0.0022271,-0.00476627,0.0111989,0.013738,0
Carey_candidate_detector,2.5,sweep,2.5,0.2,network,20,0,2189,4702,1850,2838,195.579,0.845135,14.5107,0.00188426,-0.00454247,0.010907,0.0134978,0
Carey_candidate_detector,3.0,sweep,3,0.2,network,20,0,2189,2730,1784,936,195.579,0.814984,4.78579,0.00153705,-0.00439081,0.0105758,0.0133227,0
Carey_candidate_detector,3.5,sweep,3.5,0.2,network,20,0,2189,1970,1702,258,195.579,0.777524,1.31916,0.00138242,-0.00417594,0.0102826,0.013092,0
Carey_candidate_detector,4.0,sweep,4,0.2,network,20,0,2189,1697,1609,79,195.579,0.735039,0.403928,0.00107732,-0.00393308,0.010026,0.0129395,0
Carey_candidate_detector,5.0,sweep,5,0.2,network,20,0,2189,1436,1413,15,195.579,0.6455,0.0766953,0.000524685,-0.00336823,0.00966881,0.0128473,0
Carey_candidate_detector,6.0,sweep,6,0.2,network,20,0,2189,1243,1235,3,195.579,0.564185,0.0153391,0.000107607,-0.0031518,0.00945685,0.0122832,0
Carey_candidate_detector,default,default,,0.2,network,20,0,2189,2730,1784,936,195.579,0.814984,4.78579,0.00153705,-0.00439081,0.0105758,0.0133227,0
Karlsson_ripple_detector,1.5,sweep,1.5,0.2,ripple,20,0,2028,14815,1762,12945,195.579,0.868836,66.188,-0.0081895,0.00474396,0.0126636,0.0132253,0
Karlsson_ripple_detector,2.0,sweep,2,0.2,ripple,20,0,2028,4565,1675,2866,195.579,0.825937,14.6539,-0.00803244,0.00501713,0.0122959,0.012986,0
Karlsson_ripple_detector,2.5,sweep,2.5,0.2,ripple,20,0,2028,2257,1577,674,195.579,0.777613,3.44617,-0.0083593,0.00510733,0.0121094,0.0127625,0
Karlsson_ripple_detector,3.0,sweep,3,0.2,ripple,20,0,2028,1750,1463,286,195.579,0.7214,1.46232,-0.00831192,0.00475273,0.0118419,0.0124888,0
Karlsson_ripple_detector,3.5,sweep,3.5,0.2,ripple,20,0,2028,1556,1342,213,195.579,0.661736,1.08907,-0.00823007,0.00506166,0.0119404,0.0127669,0
Karlsson_ripple_detector,4.0,sweep,4,0.2,ripple,20,0,2028,1391,1208,182,195.579,0.595661,0.930569,-0.00848219,0.00565167,0.0121013,0.012877,0
Karlsson_ripple_detector,5.0,sweep,5,0.2,ripple,20,0,2028,1076,933,142,195.579,0.460059,0.726049,-0.0084608,0.00560307,0.0120781,0.0127862,0
Karlsson_ripple_detector,6.0,sweep,6,0.2,ripple,20,0,2028,777,660,116,195.579,0.325444,0.59311,-0.00855788,0.00584692,0.0115025,0.0125333,0
Karlsson_ripple_detector,8.0,sweep,8,0.2,ripple,20,0,2028,285,201,83,195.579,0.0991124,0.424381,-0.00521767,0.00371085,0.0114983,0.0129381,0
Karlsson_ripple_detector,default,default,,0.2,ripple,20,0,2028,1750,1463,286,195.579,0.7214,1.46232,-0.00831192,0.00475273,0.0118419,0.0124888,0
Kay_ripple_detector,1.5,sweep,1.5,0.2,ripple,20,0,2028,3974,1760,2199,195.579,0.86785,11.2435,0.000709981,-0.00359096,0.00855082,0.0117024,0
Kay_ripple_detector,2.0,sweep,2,0.2,ripple,20,0,2028,2158,1679,474,195.579,0.827909,2.42357,0.000395436,-0.00318665,0.00829981,0.0113085,0
Kay_ripple_detector,2.5,sweep,2.5,0.2,ripple,20,0,2028,1769,1583,185,195.579,0.780572,0.945908,-1.37269e-05,-0.00280416,0.00823681,0.0110882,0
Kay_ripple_detector,3.0,sweep,3,0.2,ripple,20,0,2028,1634,1495,138,195.579,0.737179,0.705597,-5.25589e-05,-0.00241975,0.00815417,0.0108652,0
Kay_ripple_detector,3.5,sweep,3.5,0.2,ripple,20,0,2028,1525,1394,130,195.579,0.687377,0.664692,-0.000219709,-0.00192931,0.00815271,0.0108658,0
Kay_ripple_detector,4.0,sweep,4,0.2,ripple,20,0,2028,1404,1277,126,195.579,0.629684,0.64424,-0.000581543,-0.00138816,0.00813933,0.0106568,0
Kay_ripple_detector,5.0,sweep,5,0.2,ripple,20,0,2028,1169,1043,125,195.579,0.5143,0.639127,-0.000754225,-0.000522093,0.00787728,0.0101364,0
Kay_ripple_detector,6.0,sweep,6,0.2,ripple,20,0,2028,930,809,120,195.579,0.398915,0.613562,-0.00132105,-1.07161e-05,0.00767848,0.0100587,0
Kay_ripple_detector,8.0,sweep,8,0.2,ripple,20,0,2028,501,401,99,195.579,0.197732,0.506189,-0.00270094,0.00317111,0.00780015,0.010277,0
Kay_ripple_detector,default,default,,0.2,ripple,20,0,2028,2158,1679,474,195.579,0.827909,2.42357,0.000395436,-0.00318665,0.00829981,0.0113085,0
Long_sharp_wave_ripple_detector,1.5,sweep,1.5,0.2,ripple,20,0,2028,1685,1542,0,195.579,0.760355,0,0.0112492,-0.0276614,0.014343,0.0279353,0
Long_sharp_wave_ripple_detector,2.0,sweep,2,0.2,ripple,20,0,2028,1593,1484,0,195.579,0.731755,0,0.0114675,-0.0279217,0.014398,0.0280986,0
Long_sharp_wave_ripple_detector,2.5,sweep,2.5,0.2,ripple,20,0,2028,1429,1362,0,195.579,0.671598,0,0.0118265,-0.0280727,0.014343,0.0282452,0
Long_sharp_wave_ripple_detector,3.0,sweep,3,0.2,ripple,20,0,2028,1259,1212,0,195.579,0.597633,0,0.0122748,-0.0288441,0.0148297,0.0291068,0
Long_sharp_wave_ripple_detector,3.5,sweep,3.5,0.2,ripple,20,0,2028,1080,1048,0,195.579,0.516765,0,0.0128137,-0.0298346,0.0150053,0.0301402,0
Long_sharp_wave_ripple_detector,4.0,sweep,4,0.2,ripple,20,0,2028,897,875,0,195.579,0.43146,0,0.0129627,-0.0297558,0.0148665,0.0297558,0
Long_sharp_wave_ripple_detector,5.0,sweep,5,0.2,ripple,20,0,2028,516,509,0,195.579,0.250986,0,0.014678,-0.0294783,0.0168324,0.0294783,0
Long_sharp_wave_ripple_detector,default,default,,0.2,ripple,20,0,2028,1429,1362,0,195.579,0.671598,0,0.0118265,-0.0280727,0.014343,0.0282452,0
Roumis_ripple_detector,1.5,sweep,1.5,0.2,ripple,20,0,2028,4026,1755,2254,195.579,0.865385,11.5247,0.000425584,-0.00327642,0.00847289,0.0118355,0
Roumis_ripple_detector,2.0,sweep,2,0.2,ripple,20,0,2028,2152,1678,469,195.579,0.827416,2.39801,0.000158669,-0.00297513,0.00832765,0.0113398,0
Roumis_ripple_detector,2.5,sweep,2.5,0.2,ripple,20,0,2028,1753,1580,171,195.579,0.779093,0.874326,-0.000283338,-0.00243426,0.0082573,0.0111749,0
Roumis_ripple_detector,3.0,sweep,3,0.2,ripple,20,0,2028,1631,1497,133,195.579,0.738166,0.680031,-0.000384902,-0.00218153,0.00817069,0.0110517,0
Roumis_ripple_detector,3.5,sweep,3.5,0.2,ripple,20,0,2028,1531,1401,129,195.579,0.690828,0.659579,-0.000581543,-0.00194418,0.00816573,0.0110938,0
Roumis_ripple_detector,4.0,sweep,4,0.2,ripple,20,0,2028,1411,1284,126,195.579,0.633136,0.64424,-0.00070998,-0.00147413,0.00815089,0.0108904,0
Roumis_ripple_detector,5.0,sweep,5,0.2,ripple,20,0,2028,1190,1064,125,195.579,0.524655,0.639127,-0.00106608,-0.000603196,0.00792276,0.0103421,0
Roumis_ripple_detector,6.0,sweep,6,0.2,ripple,20,0,2028,945,823,121,195.579,0.405819,0.618675,-0.00163034,0.000107799,0.00769813,0.0104246,0
Roumis_ripple_detector,8.0,sweep,8,0.2,ripple,20,0,2028,517,417,99,195.579,0.205621,0.506189,-0.00320853,0.00274245,0.00780726,0.0103417,0
Roumis_ripple_detector,default,default,,0.2,ripple,20,0,2028,2152,1678,469,195.579,0.827416,2.39801,0.000158669,-0.00297513,0.00832765,0.0113398,0
Shvartsman_ripple_detector,1.5,sweep,1.5,0.2,ripple,20,0,2028,3508,1674,1824,195.579,0.825444,9.32615,-0.00891231,0.00566915,0.0126306,0.0130385,0
Shvartsman_ripple_detector,2.0,sweep,2,0.2,ripple,20,0,2028,1855,1579,275,195.579,0.7786,1.40608,-0.00893974,0.00600522,0.0122698,0.0127775,0
Shvartsman_ripple_detector,2.5,sweep,2.5,0.2,ripple,20,0,2028,1613,1468,144,195.579,0.723866,0.736275,-0.0095361,0.00628671,0.0122362,0.0125227,0
Shvartsman_ripple_detector,3.0,sweep,3,0.2,ripple,20,0,2028,1471,1339,130,195.579,0.660256,0.664692,-0.00966043,0.00639349,0.0122241,0.0124888,0
Shvartsman_ripple_detector,3.5,sweep,3.5,0.2,ripple,20,0,2028,1326,1198,127,195.579,0.59073,0.649353,-0.00978588,0.00693287,0.0124194,0.0128428,0
Shvartsman_ripple_detector,4.0,sweep,4,0.2,ripple,20,0,2028,1195,1069,125,195.579,0.52712,0.639127,-0.00993618,0.00740917,0.012359,0.012986,0
Shvartsman_ripple_detector,5.0,sweep,5,0.2,ripple,20,0,2028,889,774,114,195.579,0.381657,0.582884,-0.0109363,0.0080938,0.0127459,0.0129764,0
Shvartsman_ripple_detector,6.0,sweep,6,0.2,ripple,20,0,2028,624,519,104,195.579,0.255917,0.531754,-0.0109425,0.00966049,0.0130931,0.0128799,0
Shvartsman_ripple_detector,8.0,sweep,8,0.2,ripple,20,0,2028,191,113,77,195.579,0.0557199,0.393702,-0.010289,0.0100779,0.0130373,0.0156338,0
Shvartsman_ripple_detector,default,default,,0.2,ripple,20,0,2028,1471,1339,130,195.579,0.660256,0.664692,-0.00966043,0.00639349,0.0122241,0.0124888,0
Yu_ripple_detector,99.0,sweep,99,0.2,ripple,20,0,2028,9631,1811,7739,195.579,0.892998,39.5696,0.00185475,-0.00513172,0.00836622,0.011775,0
Yu_ripple_detector,99.5,sweep,99.5,0.2,ripple,20,0,2028,7442,1799,5587,195.579,0.887081,28.5664,0.00185357,-0.00513322,0.00835013,0.0117645,0
Yu_ripple_detector,99.9,sweep,99.9,0.2,ripple,20,0,2028,4843,1764,3046,195.579,0.869822,15.5743,0.00170397,-0.00503536,0.00832164,0.0116465,0
Yu_ripple_detector,99.95,sweep,99.95,0.2,ripple,20,0,2028,4192,1757,2410,195.579,0.866371,12.3224,0.00165496,-0.00500585,0.00834514,0.0117184,0
Yu_ripple_detector,99.99,sweep,99.99,0.2,ripple,20,0,2028,3256,1727,1511,195.579,0.851578,7.72577,0.00155095,-0.00482574,0.00826187,0.0115477,0
Yu_ripple_detector,99.995,sweep,99.995,0.2,ripple,20,0,2028,3009,1720,1272,195.579,0.848126,6.50376,0.00154703,-0.00482114,0.00824924,0.0115469,0
Yu_ripple_detector,99.999,sweep,99.999,0.2,ripple,20,0,2028,2598,1700,885,195.579,0.838264,4.52502,0.00149435,-0.00475034,0.00823106,0.011545,0
Yu_ripple_detector,default,default,,0.2,ripple,20,0,2028,3256,1727,1511,195.579,0.851578,7.72577,0.00155095,-0.00482574,0.00826187,0.0115477,0
Zugaro_ripple_detector,2.5,sweep,2.5,0.2,ripple,20,0,2028,1907,1568,315,195.579,0.773176,1.6106,0.0151884,-0.0243849,0.0153506,0.0245035,0
Zugaro_ripple_detector,3.0,sweep,3,0.2,ripple,20,0,2028,1840,1550,272,195.579,0.7643,1.39074,0.015044,-0.0242618,0.0152264,0.0244193,0
Zugaro_ripple_detector,4.0,sweep,4,0.2,ripple,20,0,2028,1711,1468,228,195.579,0.723866,1.16577,0.0147138,-0.0239804,0.0148468,0.0242004,0
Zugaro_ripple_detector,5.0,sweep,5,0.2,ripple,20,0,2028,1561,1349,206,195.579,0.665187,1.05328,0.014228,-0.0231043,0.014508,0.0234262,0
Zugaro_ripple_detector,6.0,sweep,6,0.2,ripple,20,0,2028,1437,1240,192,195.579,0.61144,0.981699,0.0138723,-0.0226941,0.0140278,0.0229825,0
Zugaro_ripple_detector,8.0,sweep,8,0.2,ripple,20,0,2028,1141,958,180,195.579,0.472387,0.920343,0.0128139,-0.0204978,0.0131814,0.0209775,0
Zugaro_ripple_detector,10.0,sweep,10,0.2,ripple,20,0,2028,876,711,162,195.579,0.350592,0.828309,0.0123624,-0.0189383,0.012542,0.019107,0
Zugaro_ripple_detector,default,default,,0.2,ripple,20,0,2028,1561,1349,206,195.579,0.665187,1.05328,0.014228,-0.0231043,0.014508,0.0234262,0
multiunit_HSE_detector,1.5,sweep,1.5,0.2,burst,20,0,1962,11505,1873,9587,195.579,0.954638,49.0185,-0.0207663,0.0182814,0.0231996,0.0234522,0
multiunit_HSE_detector,2.0,sweep,2,0.2,burst,20,0,1962,5406,1811,3561,195.579,0.923038,18.2075,-0.0208958,0.0187705,0.0227705,0.023343,0
multiunit_HSE_detector,2.5,sweep,2.5,0.2,burst,20,0,1962,2935,1719,1190,195.579,0.876147,6.08449,-0.0209702,0.0186076,0.0228497,0.0231268,0
multiunit_HSE_detector,3.0,sweep,3,0.2,burst,20,0,1962,2010,1592,403,195.579,0.811417,2.06055,-0.0209594,0.018813,0.0228199,0.0233632,0
multiunit_HSE_detector,3.5,sweep,3.5,0.2,burst,20,0,1962,1669,1479,180,195.579,0.753823,0.920343,-0.0211436,0.0197146,0.0227705,0.0236227,0
multiunit_HSE_detector,4.0,sweep,4,0.2,burst,20,0,1962,1438,1307,123,195.579,0.666157,0.628901,-0.0211641,0.0200276,0.0224758,0.0232394,0
multiunit_HSE_detector,5.0,sweep,5,0.2,burst,20,0,1962,1035,956,73,195.579,0.487258,0.37325,-0.0222367,0.0212208,0.0235176,0.0239379,0
multiunit_HSE_detector,6.0,sweep,6,0.2,burst,20,0,1962,693,645,46,195.579,0.328746,0.235199,-0.0217752,0.0227928,0.0233302,0.0252501,0
multiunit_HSE_detector,8.0,sweep,8,0.2,burst,20,0,1962,219,207,12,195.579,0.105505,0.0613562,-0.0283472,0.0246714,0.0283472,0.0264139,0
multiunit_HSE_detector,default,default,,0.2,burst,20,0,1962,5406,1811,3561,195.579,0.923038,18.2075,-0.0208958,0.0187705,0.0227705,0.023343,0
recipe:ambrose_2016,literature,recipe,,0.2,ripple,20,0,2028,1629,1460,155,195.579,0.719921,0.792518,-0.0164512,0.0141288,0.0169679,0.0166278,0
recipe:bendor_2012,literature,recipe,,0.2,burst,20,0,1962,1393,1304,87,195.579,0.664628,0.444833,0.0107418,-0.0181109,0.0135075,0.0191465,0
recipe:berners_lee_2021,literature,recipe,,0.2,ripple,20,0,2028,2647,1589,1036,195.579,0.783531,5.29709,-0.0155286,0.0129261,0.0167599,0.0174606,0
recipe:berners_lee_2022,literature,recipe,,0.2,burst,20,0,1962,1577,1301,273,195.579,0.663099,1.39585,-0.01424,0.0119592,0.0188116,0.0207062,0
recipe:bhattarai_2020,literature,recipe,,0.2,network,20,0,2189,814,695,119,195.579,0.317497,0.608449,-0.0685912,0.0150837,0.0705294,0.0503678,0
recipe:bhattarai_2020_ripples,literature,recipe,,0.2,ripple,20,0,2028,922,906,14,195.579,0.446746,0.0715823,0.00134641,-0.00925054,0.00770582,0.0135771,0
recipe:bush_2022,literature,recipe,,0.2,burst,20,0,1962,1396,1229,167,195.579,0.626402,0.853874,0.0011917,-0.00392599,0.0122819,0.0146381,0
recipe:carey_2019,literature,recipe,,0.2,network,20,0,2189,4238,1795,2397,195.579,0.820009,12.2559,0.0125543,-0.0169243,0.0138271,0.017829,0
recipe:carr_2012,literature,recipe,,0.2,ripple,20,0,2028,1750,1463,286,195.579,0.7214,1.46232,-0.00831192,0.00475273,0.0118419,0.0124888,0
recipe:chenani_2019,literature,recipe,,0.2,burst,20,0,1962,1468,1322,146,195.579,0.673802,0.746501,-0.019815,0.0154491,0.0212287,0.019525,0
recipe:davidson_2009,literature,recipe,,0.2,burst,20,0,1962,2033,1540,475,195.579,0.784913,2.42868,-0.0203566,0.017748,0.0224085,0.022679,0
recipe:denovellis_2021,literature,recipe,,0.2,ripple,20,0,2028,2129,1678,446,195.579,0.827416,2.28041,0.000810059,-0.00380109,0.00820051,0.0111247,0
recipe:denovellis_2021_mua,literature,recipe,,0.2,burst,20,0,1962,5409,1810,3565,195.579,0.922528,18.2279,-0.0207666,0.018806,0.0227631,0.0234093,0
recipe:diba_2007,literature,recipe,,0.2,burst,20,0,1962,499,464,32,195.579,0.236493,0.163617,-0.067002,0.0790515,0.0679576,0.0828532,0
recipe:drieu_2018,literature,recipe,,0.2,burst,20,0,1962,3137,1510,1607,195.579,0.769623,8.21662,-0.00519089,0.0023402,0.0139544,0.015265,0
recipe:farooq_2019_neuron,literature,recipe,,0.2,burst,20,0,1962,554,553,1,195.579,0.281855,0.00511302,0.0108739,-0.0164029,0.0131637,0.0176319,0
recipe:farooq_2019_science,literature,recipe,,0.2,burst,20,0,1962,549,549,0,195.579,0.279817,0,0.0108739,-0.0164029,0.0131637,0.0176319,0
recipe:farooq_2019_science_awake,literature,recipe,,0.2,burst,20,0,1962,549,549,0,195.579,0.279817,0,0.0108739,-0.0164029,0.0131637,0.0176319,0
recipe:foster_2006,literature,recipe,,0.2,burst,20,0,1962,298,298,0,195.579,0.151886,0,-0.00292905,0.00553233,0.0211645,0.023231,0
recipe:foster_2006_ripples,literature,recipe,,0.2,ripple,20,0,2028,365,131,205,195.579,0.0645957,1.04817,0.0322385,-0.0419792,0.0324264,0.0421566,0
recipe:gillespie_2021,literature,recipe,,0.2,ripple,20,0,2028,2158,1679,474,195.579,0.827909,2.42357,0.000395436,-0.00318665,0.00829981,0.0113085,0
recipe:gillespie_2021_mua,literature,recipe,,0.2,burst,20,0,1962,2090,1595,477,195.579,0.812946,2.43891,-0.0204297,0.0178596,0.0225525,0.0227899,0
recipe:gridchyn_2020,literature,recipe,,0.2,burst,20,0,1962,10291,1711,8467,195.579,0.872069,43.2919,0.0117787,0.000408415,0.0158326,0.0164793,0
recipe:grosmark_2016,literature,recipe,,0.2,network,20,0,2189,913,905,8,195.579,0.413431,0.0409041,-0.0136257,0.0150643,0.019105,0.0208846,0
recipe:gupta_2010,literature,recipe,,0.2,ripple,20,0,2028,16996,1588,15216,195.579,0.783037,77.7997,-0.000397957,-0.00514743,0.0088313,0.0123994,0
recipe:harvey_2023_code,literature,recipe,,0.2,ripple,20,0,2028,1142,1127,0,195.579,0.55572,0,0.0129613,-0.0302716,0.0151298,0.0303595,0
recipe:harvey_2023_no_radiatum,literature,recipe,,0.2,ripple,20,0,2028,2235,1201,1022,195.579,0.592209,5.2255,0.00131318,-0.00455887,0.0204108,0.0230746,0
recipe:harvey_2023_text,literature,recipe,,0.2,ripple,20,0,2028,1352,1170,136,195.579,0.576923,0.69537,0.0139242,-0.0222391,0.0140494,0.0223805,0
recipe:huelin_gorriz_2023,literature,recipe,,0.2,network,20,0,2189,1111,1096,15,195.579,0.500685,0.0766953,-0.0149616,0.0164031,0.0188505,0.0216872,0
recipe:igata_2021,literature,recipe,,0.2,burst,20,0,1962,7432,1820,5578,195.579,0.927625,28.5204,-0.0204001,0.017748,0.0226776,0.0228249,0
recipe:igata_2021_ripples,literature,recipe,,0.2,ripple,20,0,2028,9579,1761,4047,195.579,0.868343,20.6924,0.000954252,-0.00261941,0.00637,0.0082638,0
recipe:jadhav_2016,literature,recipe,,0.2,ripple,20,0,2028,1443,1191,251,195.579,0.587278,1.28337,-0.00860723,0.00471811,0.0121356,0.0129744,0
recipe:ji_2007,literature,recipe,,0.2,burst,20,0,1962,1552,1374,141,195.579,0.700306,0.720936,0.0141922,-0.0217201,0.0162629,0.0224031,0
recipe:ji_2007_ripples,literature,recipe,,0.2,ripple,20,0,2028,143,9,133,195.579,0.00443787,0.680031,-0.0109177,-0.012046,0.0210642,0.0160909,0
recipe:kaefer_2020,literature,recipe,,0.2,ripple,20,0,2028,99,17,82,195.579,0.00838264,0.419267,-0.0950664,0.0608031,0.0950664,0.0608031,0
recipe:karlsson_2009,literature,recipe,,0.2,ripple,20,0,2028,1743,1463,279,195.579,0.7214,1.42653,-0.00831192,0.00475273,0.0118419,0.0124888,0
recipe:krause_2022,literature,recipe,,0.2,network,20,0,2189,1474,1344,104,195.579,0.613979,0.531754,0.0132678,-0.0169353,0.0192877,0.0221971,0
recipe:krause_2022_hse,literature,recipe,,0.2,burst,20,0,1962,1986,1579,379,195.579,0.804791,1.93783,-0.0311663,0.0289802,0.0320265,0.0311856,0
recipe:kudrimoti_1999,literature,recipe,,0.2,ripple,20,0,2028,58,44,9,195.579,0.0216963,0.0460172,0.0309008,-0.0420654,0.0309008,0.0420654,0
recipe:lee_2002,literature,recipe,,0.2,burst,20,0,1962,28788,1550,27108,195.579,0.79001,138.604,-0.0278034,0.02187,0.0386322,0.041328,0
recipe:lee_2002_ripples,literature,recipe,,0.2,ripple,20,0,2028,365,131,205,195.579,0.0645957,1.04817,0.0322385,-0.0419792,0.0324264,0.0421566,0
recipe:liu_2019,literature,recipe,,0.2,burst,20,0,1962,12503,954,11436,195.579,0.486239,58.4725,-0.0830193,0.0799035,0.0831951,0.0810258,0
recipe:liu_2019_awake,literature,recipe,,0.2,burst,20,0,1962,12503,954,11436,195.579,0.486239,58.4725,-0.0830193,0.0799035,0.0831951,0.0810258,0
recipe:liu_2023,literature,recipe,,0.2,network,20,0,2189,908,904,3,195.579,0.412974,0.0153391,-0.00698321,0.00643702,0.0168698,0.0199694,0
recipe:maboudi_2018,literature,recipe,,0.2,burst,20,0,1962,1852,1531,296,195.579,0.780326,1.51345,-0.0318921,0.0298189,0.0323931,0.0315153,0
recipe:maboudi_2018_open_field,literature,recipe,,0.2,burst,20,0,1962,1991,1445,542,195.579,0.736493,2.77126,-0.00216739,-0.000761252,0.0118271,0.0146549,0
recipe:mallory_2025,literature,recipe,,0.2,burst,20,0,1962,2300,1490,809,195.579,0.759429,4.13643,-0.0152243,0.0144062,0.0178726,0.0193116,0
recipe:mallory_2025_ripples,literature,recipe,,0.2,ripple,20,0,2028,1685,1387,280,195.579,0.683925,1.43165,-0.0155567,0.0117655,0.0169364,0.0169796,0
recipe:michon_2019,literature,recipe,,0.2,network,20,0,2189,554,554,0,195.579,0.253084,0,-0.00208037,0.00160036,0.0122061,0.0160055,0
recipe:michon_2021,literature,recipe,,0.2,network,20,0,2189,554,554,0,195.579,0.253084,0,-0.00208037,0.00160036,0.0122061,0.0160055,0
recipe:mou_2022,literature,recipe,,0.2,burst,20,0,1962,3178,1568,1582,195.579,0.799185,8.08879,-0.0463404,0.0464274,0.0465702,0.0470136,0
recipe:muessig_2019,literature,recipe,,0.2,network,20,0,2189,220,220,0,195.579,0.100503,0,0.0255318,-0.0309551,0.0256151,0.0309551,0
recipe:muessig_2019_ripples,literature,recipe,,0.2,ripple,20,0,2028,46878,1759,32093,195.579,0.867357,164.092,-0.00726988,0.000785512,0.0126635,0.0123491,0
recipe:nadasdy_1999,literature,recipe,,0.2,ripple,20,0,2028,1086,947,138,195.579,0.466963,0.705597,0.00480408,-0.00864121,0.00695124,0.0106207,0
recipe:olafsdottir_2015,literature,recipe,,0.2,burst,20,0,1962,2063,1302,760,195.579,0.663609,3.88589,0.00446285,-0.00475956,0.0185757,0.0205685,0
recipe:olafsdottir_2015.bayesian_candidates,literature,recipe,,0.2,burst,20,0,1962,1490,1172,317,195.579,0.59735,1.62083,0.00333923,-0.00406171,0.0185899,0.0207387,0
recipe:olafsdottir_2016,literature,recipe,,0.2,burst,20,0,1962,1194,1098,65,195.579,0.559633,0.332346,0.00981967,-0.0163758,0.0140545,0.018966,0
recipe:olafsdottir_2017,literature,recipe,,0.2,burst,20,0,1962,3088,1448,1492,195.579,0.738022,7.62862,0.0116047,-0.0175061,0.0149026,0.0198127,0
recipe:olafsdottir_2017.trajectory,literature,recipe,,0.2,burst,20,0,1962,1167,1098,38,195.579,0.559633,0.194295,0.00981967,-0.0163758,0.0140545,0.018966,0
recipe:pfeiffer_2013,literature,recipe,,0.2,burst,20,0,1962,1991,1445,542,195.579,0.736493,2.77126,-0.00216739,-0.000761252,0.0118271,0.0146549,0
recipe:pfeiffer_2013_ripples,literature,recipe,,0.2,ripple,20,0,2028,1629,1460,155,195.579,0.719921,0.792518,-0.0164512,0.0141288,0.0169679,0.0166278,0
recipe:pfeiffer_2015,literature,recipe,,0.2,ripple,20,0,2028,1626,1460,152,195.579,0.719921,0.777179,-0.0164512,0.0141288,0.0169679,0.0166278,0
recipe:shin_2019,literature,recipe,,0.2,ripple,20,0,2028,1750,1463,286,195.579,0.7214,1.46232,-0.00831192,0.00475273,0.0118419,0.0124888,0
recipe:silva_2015,literature,recipe,,0.2,burst,20,0,1962,1428,1185,242,195.579,0.603976,1.23735,-0.0119087,0.0101661,0.0164188,0.0189388,0
recipe:stella_2019,literature,recipe,,0.2,ripple,20,0,2028,1923,1327,574,195.579,0.654339,2.93487,0.0110117,-0.0188795,0.0112387,0.0192165,0
recipe:tang_2017,literature,recipe,,0.2,ripple,20,0,2028,1750,1463,286,195.579,0.7214,1.46232,-0.00831192,0.00475273,0.0118419,0.0124888,0
recipe:tirole_2022,literature,recipe,,0.2,network,20,0,2189,1111,1096,15,195.579,0.500685,0.0766953,-0.0149616,0.0164031,0.0188505,0.0216872,0
recipe:widloski_2025,literature,recipe,,0.2,ripple,20,0,2028,1215,477,202,195.579,0.235207,1.03283,-0.14416,0.129455,0.14416,0.129455,0
recipe:widloski_2025_bursts,literature,recipe,,0.2,burst,20,0,1962,1041,665,35,195.579,0.33894,0.178956,-0.140835,0.128073,0.140835,0.128073,0
recipe:wikenheiser_2013,literature,recipe,,0.2,ripple,20,0,2028,18098,863,16967,195.579,0.425542,86.7526,-0.0853018,0.0838041,0.0853018,0.0838041,0
recipe:wu_2014,literature,recipe,,0.2,burst,20,0,1962,6504,1657,4833,195.579,0.844546,24.7112,-0.0170079,0.0156425,0.0199062,0.0211893,0
recipe:wu_2017,literature,recipe,,0.2,burst,20,0,1962,1197,1049,116,195.579,0.534659,0.59311,0.0110115,-0.019007,0.0162416,0.0221649,0
recipe:xu_2019,literature,recipe,,0.2,burst,20,0,1962,2169,1470,698,195.579,0.749235,3.56889,-0.00739958,0.0203714,0.0197974,0.0232893,0
recipe:yamamoto_2017,literature,recipe,,0.2,network,20,0,2189,1558,1093,83,195.579,0.499315,0.424381,0.0266559,-0.0345245,0.0266647,0.0345245,0
recipe:yang_2024,literature,recipe,,0.2,network,20,0,2189,913,905,8,195.579,0.413431,0.0409041,-0.0136257,0.0150643,0.019105,0.0208846,0
Carey_candidate_detector,1.5,sweep,1.5,0.5,network,20,0,2189,15595,1792,13643,195.579,0.818639,69.7569,0.00178378,-0.00429247,0.0102237,0.0128891,0
Carey_candidate_detector,2.0,sweep,2,0.5,network,20,0,2189,9043,1787,7131,195.579,0.816354,36.4609,0.00173895,-0.00424225,0.0102248,0.0128872,0
Carey_candidate_detector,2.5,sweep,2.5,0.5,network,20,0,2189,4702,1761,2844,195.579,0.804477,14.5414,0.00157448,-0.00423365,0.0101287,0.0128912,0
Carey_candidate_detector,3.0,sweep,3,0.5,network,20,0,2189,2730,1718,940,195.579,0.784833,4.80624,0.00139341,-0.00418106,0.0100851,0.0128659,0
Carey_candidate_detector,3.5,sweep,3.5,0.5,network,20,0,2189,1970,1648,261,195.579,0.752855,1.3345,0.00128259,-0.00409341,0.00991689,0.0127631,0
Carey_candidate_detector,4.0,sweep,4,0.5,network,20,0,2189,1697,1567,80,195.579,0.715852,0.409041,0.00105908,-0.00382944,0.00982691,0.0127376,0
Carey_candidate_detector,5.0,sweep,5,0.5,network,20,0,2189,1436,1384,16,195.579,0.632252,0.0818083,0.000517261,-0.00337293,0.00951458,0.0125462,0
Carey_candidate_detector,6.0,sweep,6,0.5,network,20,0,2189,1243,1214,4,195.579,0.554591,0.0204521,0.000111343,-0.00318178,0.00924469,0.0120526,0
Carey_candidate_detector,default,default,,0.5,network,20,0,2189,2730,1718,940,195.579,0.784833,4.80624,0.00139341,-0.00418106,0.0100851,0.0128659,0
Karlsson_ripple_detector,1.5,sweep,1.5,0.5,ripple,20,0,2028,14815,1508,12953,195.579,0.74359,66.2289,-0.00715278,0.00352108,0.0108009,0.0118668,0
Karlsson_ripple_detector,2.0,sweep,2,0.5,ripple,20,0,2028,4565,1451,2871,195.579,0.715483,14.6795,-0.00686122,0.00359117,0.0105117,0.0118554,0
Karlsson_ripple_detector,2.5,sweep,2.5,0.5,ripple,20,0,2028,2257,1386,678,195.579,0.683432,3.46663,-0.00694379,0.00369391,0.0103804,0.0118418,0
Karlsson_ripple_detector,3.0,sweep,3,0.5,ripple,20,0,2028,1750,1302,290,195.579,0.642012,1.48278,-0.00672237,0.00313802,0.0102315,0.0117102,0
Karlsson_ripple_detector,3.5,sweep,3.5,0.5,ripple,20,0,2028,1556,1202,217,195.579,0.592702,1.10952,-0.00639572,0.00323742,0.0105369,0.0118953,0
Karlsson_ripple_detector,4.0,sweep,4,0.5,ripple,20,0,2028,1391,1087,186,195.579,0.535996,0.951021,-0.00679563,0.00423628,0.0107032,0.0119366,0
Karlsson_ripple_detector,5.0,sweep,5,0.5,ripple,20,0,2028,1076,841,146,195.579,0.414694,0.746501,-0.00717782,0.0043337,0.010731,0.0119366,0
Karlsson_ripple_detector,6.0,sweep,6,0.5,ripple,20,0,2028,777,601,119,195.579,0.296351,0.608449,-0.00725107,0.00453014,0.0102274,0.0118554,0
Karlsson_ripple_detector,8.0,sweep,8,0.5,ripple,20,0,2028,285,181,86,195.579,0.0892505,0.43972,-0.00361501,0.00207578,0.00936603,0.0118419,0
Karlsson_ripple_detector,default,default,,0.5,ripple,20,0,2028,1750,1302,290,195.579,0.642012,1.48278,-0.00672237,0.00313802,0.0102315,0.0117102,0
Kay_ripple_detector,1.5,sweep,1.5,0.5,ripple,20,0,2028,3974,1639,2204,195.579,0.808185,11.2691,0.000783595,-0.00355231,0.00785838,0.0108266,0
Kay_ripple_detector,2.0,sweep,2,0.5,ripple,20,0,2028,2158,1582,478,195.579,0.780079,2.44402,0.000618161,-0.0033455,0.00784494,0.010654,0
Kay_ripple_detector,2.5,sweep,2.5,0.5,ripple,20,0,2028,1769,1506,189,195.579,0.742604,0.96636,0.000418945,-0.00313608,0.0078743,0.0105583,0
Kay_ripple_detector,3.0,sweep,3,0.5,ripple,20,0,2028,1634,1432,142,195.579,0.706114,0.726049,0.000282165,-0.00296835,0.00781601,0.0103361,0
Kay_ripple_detector,3.5,sweep,3.5,0.5,ripple,20,0,2028,1525,1337,134,195.579,0.65927,0.685144,0.000214063,-0.00252763,0.00780726,0.0102949,0
Kay_ripple_detector,4.0,sweep,4,0.5,ripple,20,0,2028,1404,1224,130,195.579,0.60355,0.664692,-2.98648e-05,-0.00203005,0.00776905,0.0101934,0
Kay_ripple_detector,5.0,sweep,5,0.5,ripple,20,0,2028,1169,1000,129,195.579,0.493097,0.659579,-0.000345191,-0.00128178,0.00759788,0.00965961,0
Kay_ripple_detector,6.0,sweep,6,0.5,ripple,20,0,2028,930,775,124,195.579,0.38215,0.634014,-0.000821126,-0.000321028,0.00731157,0.0096411,0
Kay_ripple_detector,8.0,sweep,8,0.5,ripple,20,0,2028,501,383,103,195.579,0.188856,0.526641,-0.00218868,0.00179381,0.00759661,0.009757,0
Kay_ripple_detector,default,default,,0.5,ripple,20,0,2028,2158,1582,478,195.579,0.780079,2.44402,0.000618161,-0.0033455,0.00784494,0.010654,0
Long_sharp_wave_ripple_detector,1.5,sweep,1.5,0.5,ripple,20,0,2028,1685,727,0,195.579,0.358481,0,0.00342399,-0.0105749,0.0086861,0.0124991,0
Long_sharp_wave_ripple_detector,2.0,sweep,2,0.5,ripple,20,0,2028,1593,700,0,195.579,0.345168,0,0.00345824,-0.0107091,0.00868258,0.0124057,0
Long_sharp_wave_ripple_detector,2.5,sweep,2.5,0.5,ripple,20,0,2028,1429,643,0,195.579,0.317061,0,0.00375919,-0.010838,0.0086861,0.0125292,0
Long_sharp_wave_ripple_detector,3.0,sweep,3,0.5,ripple,20,0,2028,1259,556,0,195.579,0.274162,0,0.00386753,-0.0114519,0.00880798,0.0130751,0
Long_sharp_wave_ripple_detector,3.5,sweep,3.5,0.5,ripple,20,0,2028,1080,474,0,195.579,0.233728,0,0.00401122,-0.0115847,0.00880798,0.0137157,0
Long_sharp_wave_ripple_detector,4.0,sweep,4,0.5,ripple,20,0,2028,897,401,0,195.579,0.197732,0,0.00402728,-0.0114272,0.00849614,0.013904,0
Long_sharp_wave_ripple_detector,5.0,sweep,5,0.5,ripple,20,0,2028,516,231,0,195.579,0.113905,0,0.00472268,-0.0110596,0.00882285,0.0129822,0
Long_sharp_wave_ripple_detector,default,default,,0.5,ripple,20,0,2028,1429,643,0,195.579,0.317061,0,0.00375919,-0.010838,0.0086861,0.0125292,0
Roumis_ripple_detector,1.5,sweep,1.5,0.5,ripple,20,0,2028,4026,1632,2259,195.579,0.804734,11.5503,0.000551699,-0.0034445,0.00789798,0.0109172,0
Roumis_ripple_detector,2.0,sweep,2,0.5,ripple,20,0,2028,2152,1577,473,195.579,0.777613,2.41846,0.00037601,-0.00318665,0.00787752,0.01078,0
Roumis_ripple_detector,2.5,sweep,2.5,0.5,ripple,20,0,2028,1753,1500,175,195.579,0.739645,0.894778,0.000175205,-0.00286299,0.00789798,0.0107492,0
Roumis_ripple_detector,3.0,sweep,3,0.5,ripple,20,0,2028,1631,1430,137,195.579,0.705128,0.700483,0.000137617,-0.00269434,0.00789491,0.0105918,0
Roumis_ripple_detector,3.5,sweep,3.5,0.5,ripple,20,0,2028,1531,1340,133,195.579,0.66075,0.680031,3.20717e-05,-0.0024523,0.00789491,0.0106203,0
Roumis_ripple_detector,4.0,sweep,4,0.5,ripple,20,0,2028,1411,1228,130,195.579,0.605523,0.664692,-0.000149312,-0.00202313,0.00783714,0.0103283,0
Roumis_ripple_detector,5.0,sweep,5,0.5,ripple,20,0,2028,1190,1018,129,195.579,0.501972,0.659579,-0.000607211,-0.00137056,0.00741746,0.00989339,0
Roumis_ripple_detector,6.0,sweep,6,0.5,ripple,20,0,2028,945,786,125,195.579,0.387574,0.639127,-0.00116849,-0.000293962,0.00714467,0.00989756,0
Roumis_ripple_detector,8.0,sweep,8,0.5,ripple,20,0,2028,517,398,103,195.579,0.196252,0.526641,-0.00240231,0.00116072,0.00727341,0.00989756,0
Roumis_ripple_detector,default,default,,0.5,ripple,20,0,2028,2152,1577,473,195.579,0.777613,2.41846,0.00037601,-0.00318665,0.00787752,0.01078,0
Shvartsman_ripple_detector,1.5,sweep,1.5,0.5,ripple,20,0,2028,3508,1458,1831,195.579,0.718935,9.36194,-0.00745567,0.00391323,0.0109924,0.011903,0
Shvartsman_ripple_detector,2.0,sweep,2,0.5,ripple,20,0,2028,1855,1387,280,195.579,0.683925,1.43165,-0.00736761,0.00414575,0.0106147,0.0118274,0
Shvartsman_ripple_detector,2.5,sweep,2.5,0.5,ripple,20,0,2028,1613,1302,149,195.579,0.642012,0.76184,-0.00764975,0.00433818,0.0106531,0.0117102,0
Shvartsman_ripple_detector,3.0,sweep,3,0.5,ripple,20,0,2028,1471,1192,135,195.579,0.587771,0.690257,-0.00766581,0.00445547,0.0107316,0.0117911,0
Shvartsman_ripple_detector,3.5,sweep,3.5,0.5,ripple,20,0,2028,1326,1066,132,195.579,0.525641,0.674918,-0.00779694,0.00509323,0.0108226,0.0119343,0
Shvartsman_ripple_detector,4.0,sweep,4,0.5,ripple,20,0,2028,1195,954,130,195.579,0.470414,0.664692,-0.00802876,0.00568584,0.0107881,0.0120714,0
Shvartsman_ripple_detector,5.0,sweep,5,0.5,ripple,20,0,2028,889,691,119,195.579,0.34073,0.608449,-0.00874903,0.00646048,0.0112347,0.0118782,0
Shvartsman_ripple_detector,6.0,sweep,6,0.5,ripple,20,0,2028,624,466,108,195.579,0.229783,0.552206,-0.00901906,0.00753208,0.0114758,0.0120204,0
Shvartsman_ripple_detector,8.0,sweep,8,0.5,ripple,20,0,2028,191,96,80,195.579,0.0473373,0.409041,-0.00722134,0.00753208,0.0116597,0.0132769,0
Shvartsman_ripple_detector,default,default,,0.5,ripple,20,0,2028,1471,1192,135,195.579,0.587771,0.690257,-0.00766581,0.00445547,0.0107316,0.0117911,0
Yu_ripple_detector,99.0,sweep,99,0.5,ripple,20,0,2028,9631,1676,7745,195.579,0.82643,39.6003,0.00167677,-0.00490066,0.00785078,0.0107866,0
Yu_ripple_detector,99.5,sweep,99.5,0.5,ripple,20,0,2028,7442,1668,5592,195.579,0.822485,28.592,0.00167677,-0.00488486,0.00782319,0.0108076,0
Yu_ripple_detector,99.9,sweep,99.9,0.5,ripple,20,0,2028,4843,1645,3051,195.579,0.811144,15.5998,0.00159389,-0.00482574,0.00787286,0.0107447,0
Yu_ripple_detector,99.95,sweep,99.95,0.5,ripple,20,0,2028,4192,1638,2416,195.579,0.807692,12.3531,0.00159122,-0.00480255,0.00787845,0.0107613,0
Yu_ripple_detector,99.99,sweep,99.99,0.5,ripple,20,0,2028,3256,1623,1517,195.579,0.800296,7.75645,0.00158097,-0.00476387,0.00788928,0.0107172,0
Yu_ripple_detector,99.995,sweep,99.995,0.5,ripple,20,0,2028,3009,1621,1278,195.579,0.79931,6.53444,0.0015747,-0.0047793,0.00788928,0.010733,0
Yu_ripple_detector,99.999,sweep,99.999,0.5,ripple,20,0,2028,2598,1606,890,195.579,0.791913,4.55059,0.00154593,-0.00475034,0.00788445,0.0107389,0
Yu_ripple_detector,default,default,,0.5,ripple,20,0,2028,3256,1623,1517,195.579,0.800296,7.75645,0.00158097,-0.00476387,0.00788928,0.0107172,0
Zugaro_ripple_detector,2.5,sweep,2.5,0.5,ripple,20,0,2028,1907,1041,315,195.579,0.513314,1.6106,0.0117569,-0.0183479,0.0120123,0.0184702,0
Zugaro_ripple_detector,3.0,sweep,3,0.5,ripple,20,0,2028,1840,1039,272,195.579,0.512327,1.39074,0.0117364,-0.0183479,0.0119855,0.0184702,0
Zugaro_ripple_detector,4.0,sweep,4,0.5,ripple,20,0,2028,1711,1026,228,195.579,0.505917,1.16577,0.0117466,-0.0184308,0.0119989,0.0185656,0
Zugaro_ripple_detector,5.0,sweep,5,0.5,ripple,20,0,2028,1561,989,206,195.579,0.487673,1.05328,0.0117364,-0.0184237,0.0119855,0.018539,0
Zugaro_ripple_detector,6.0,sweep,6,0.5,ripple,20,0,2028,1437,952,192,195.579,0.469428,0.981699,0.0117351,-0.0184675,0.0119989,0.0186219,0
Zugaro_ripple_detector,8.0,sweep,8,0.5,ripple,20,0,2028,1141,819,180,195.579,0.403846,0.920343,0.0117812,-0.0184237,0.012143,0.018539,0
Zugaro_ripple_detector,10.0,sweep,10,0.5,ripple,20,0,2028,876,646,162,195.579,0.31854,0.828309,0.011546,-0.0180878,0.0117466,0.0182945,0
Zugaro_ripple_detector,default,default,,0.5,ripple,20,0,2028,1561,989,206,195.579,0.487673,1.05328,0.0117364,-0.0184237,0.0119855,0.018539,0
multiunit_HSE_detector,1.5,sweep,1.5,0.5,burst,20,0,1962,11505,1428,9605,195.579,0.727829,49.1105,-0.015478,0.0132778,0.0183695,0.019537,0
multiunit_HSE_detector,2.0,sweep,2,0.5,burst,20,0,1962,5406,1399,3573,195.579,0.713048,18.2688,-0.0158005,0.0135996,0.0182948,0.0196035,0
multiunit_HSE_detector,2.5,sweep,2.5,0.5,burst,20,0,1962,2935,1349,1196,195.579,0.687564,6.11517,-0.016329,0.013766,0.0188675,0.0196411,0
multiunit_HSE_detector,3.0,sweep,3,0.5,burst,20,0,1962,2010,1267,407,195.579,0.64577,2.081,-0.016872,0.014165,0.0192593,0.0197146,0
multiunit_HSE_detector,3.5,sweep,3.5,0.5,burst,20,0,1962,1669,1181,184,195.579,0.601937,0.940795,-0.0172159,0.0147752,0.0191901,0.0201406,0
multiunit_HSE_detector,4.0,sweep,4,0.5,burst,20,0,1962,1438,1061,126,195.579,0.540775,0.64424,-0.0174304,0.0152262,0.0191476,0.0203203,0
multiunit_HSE_detector,5.0,sweep,5,0.5,burst,20,0,1962,1035,793,75,195.579,0.404179,0.383476,-0.0176606,0.0169388,0.019908,0.0212322,0
multiunit_HSE_detector,6.0,sweep,6,0.5,burst,20,0,1962,693,554,48,195.579,0.282365,0.245425,-0.0177813,0.0196223,0.0200858,0.0231053,0
multiunit_HSE_detector,8.0,sweep,8,0.5,burst,20,0,1962,219,177,12,195.579,0.0902141,0.0613562,-0.0222706,0.021904,0.0234782,0.0227928,0
multiunit_HSE_detector,default,default,,0.5,burst,20,0,1962,5406,1399,3573,195.579,0.713048,18.2688,-0.0158005,0.0135996,0.0182948,0.0196035,0
recipe:ambrose_2016,literature,recipe,,0.5,ripple,20,0,2028,1629,1049,157,195.579,0.517258,0.802744,-0.0118915,0.00892249,0.0129178,0.0131574,0
recipe:bendor_2012,literature,recipe,,0.5,burst,20,0,1962,1393,1202,87,195.579,0.61264,0.444833,0.00956928,-0.0165082,0.0127359,0.0177996,0
recipe:berners_lee_2021,literature,recipe,,0.5,ripple,20,0,2028,2647,1129,1042,195.579,0.556706,5.32776,-0.0110505,0.00776849,0.0125322,0.0131607,0
recipe:berners_lee_2022,literature,recipe,,0.5,burst,20,0,1962,1577,1145,274,195.579,0.583588,1.40097,-0.0114141,0.00987561,0.0173481,0.0193757,0
recipe:bhattarai_2020,literature,recipe,,0.5,network,20,0,2189,814,263,413,195.579,0.120146,2.11168,-0.0137415,0.0147925,0.0369432,0.0311314,0
recipe:bhattarai_2020_ripples,literature,recipe,,0.5,ripple,20,0,2028,922,832,22,195.579,0.410256,0.112486,0.0021134,-0.0101525,0.00721021,0.0127408,0
recipe:bush_2022,literature,recipe,,0.5,burst,20,0,1962,1396,1165,186,195.579,0.593782,0.951021,0.0011917,-0.00392369,0.0118035,0.0140902,0
recipe:carey_2019,literature,recipe,,0.5,network,20,0,2189,4238,1547,2402,195.579,0.706715,12.2815,0.0102595,-0.0143661,0.0121293,0.0155477,0
recipe:carr_2012,literature,recipe,,0.5,ripple,20,0,2028,1750,1302,290,195.579,0.642012,1.48278,-0.00672237,0.00313802,0.0102315,0.0117102,0
recipe:chenani_2019,literature,recipe,,0.5,burst,20,0,1962,1468,1176,155,195.579,0.599388,0.792518,-0.0180135,0.013661,0.0190732,0.0178496,0
recipe:davidson_2009,literature,recipe,,0.5,burst,20,0,1962,2033,1236,480,195.579,0.629969,2.45425,-0.0162682,0.0137704,0.0186763,0.0195387,0
recipe:denovellis_2021,literature,recipe,,0.5,ripple,20,0,2028,2129,1586,450,195.579,0.782051,2.30086,0.00107127,-0.0040854,0.00785805,0.0105,0
recipe:denovellis_2021_mua,literature,recipe,,0.5,burst,20,0,1962,5409,1402,3575,195.579,0.714577,18.279,-0.0157719,0.0135276,0.018213,0.0196533,0
recipe:diba_2007,literature,recipe,,0.5,burst,20,0,1962,499,138,236,195.579,0.0703364,1.20667,-0.0484589,0.0665565,0.0484589,0.0665565,0
recipe:drieu_2018,literature,recipe,,0.5,burst,20,0,1962,3137,1392,1610,195.579,0.70948,8.23196,-0.00505906,0.00209188,0.0126699,0.0144098,0
recipe:farooq_2019_neuron,literature,recipe,,0.5,burst,20,0,1962,554,548,2,195.579,0.279307,0.010226,0.0108209,-0.0163318,0.0130209,0.0175709,0
recipe:farooq_2019_science,literature,recipe,,0.5,burst,20,0,1962,549,544,1,195.579,0.277268,0.00511302,0.0108209,-0.0163318,0.0130209,0.0175709,0
recipe:farooq_2019_science_awake,literature,recipe,,0.5,burst,20,0,1962,549,544,1,195.579,0.277268,0.00511302,0.0108209,-0.0163318,0.0130209,0.0175709,0
recipe:foster_2006,literature,recipe,,0.5,burst,20,0,1962,298,266,14,195.579,0.135576,0.0715823,-0.00113073,0.00369284,0.0186955,0.0226525,0
recipe:foster_2006_ripples,literature,recipe,,0.5,ripple,20,0,2028,365,4,207,195.579,0.00197239,1.05839,0.0152914,-0.0199363,0.0152914,0.0199363,0
recipe:gillespie_2021,literature,recipe,,0.5,ripple,20,0,2028,2158,1582,478,195.579,0.780079,2.44402,0.000618161,-0.0033455,0.00784494,0.010654,0
recipe:gillespie_2021_mua,literature,recipe,,0.5,burst,20,0,1962,2090,1278,482,195.579,0.651376,2.46447,-0.0162682,0.0135852,0.0187161,0.0194609,0
recipe:gridchyn_2020,literature,recipe,,0.5,burst,20,0,1962,10291,1484,8476,195.579,0.756371,43.3379,0.0103566,0.00105944,0.0144036,0.0142863,0
recipe:grosmark_2016,literature,recipe,,0.5,network,20,0,2189,913,789,58,195.579,0.360439,0.296555,-0.0115363,0.0132238,0.0168959,0.0195836,0
recipe:gupta_2010,literature,recipe,,0.5,ripple,20,0,2028,16996,1369,15218,195.579,0.675049,77.8099,-0.000626589,-0.00356354,0.00761344,0.0106829,0
recipe:harvey_2023_code,literature,recipe,,0.5,ripple,20,0,2028,1142,516,0,195.579,0.254438,0,0.00426861,-0.012174,0.00892561,0.0139122,0
recipe:harvey_2023_no_radiatum,literature,recipe,,0.5,ripple,20,0,2028,2235,763,1117,195.579,0.376233,5.71124,0.0053708,-0.00498825,0.0142705,0.018308,0
recipe:harvey_2023_text,literature,recipe,,0.5,ripple,20,0,2028,1352,797,139,195.579,0.392998,0.71071,0.0107172,-0.0167196,0.0109366,0.0169148,0
recipe:huelin_gorriz_2023,literature,recipe,,0.5,network,20,0,2189,1111,941,89,195.579,0.429877,0.455059,-0.0122472,0.01322,0.016409,0.0195145,0
recipe:igata_2021,literature,recipe,,0.5,burst,20,0,1962,7432,1420,5590,195.579,0.723751,28.5818,-0.0151617,0.0132255,0.0181515,0.0192741,0
recipe:igata_2021_ripples,literature,recipe,,0.5,ripple,20,0,2028,9579,1655,4051,195.579,0.816075,20.7128,0.00117847,-0.00262544,0.00608125,0.00772796,0
recipe:jadhav_2016,literature,recipe,,0.5,ripple,20,0,2028,1443,1061,255,195.579,0.523176,1.30382,-0.00690525,0.00323613,0.0106801,0.0119366,0
recipe:ji_2007,literature,recipe,,0.5,burst,20,0,1962,1552,1099,142,195.579,0.560143,0.726049,0.00994405,-0.0176093,0.0130113,0.0183723,0
recipe:ji_2007_ripples,literature,recipe,,0.5,ripple,20,0,2028,143,2,137,195.579,0.000986193,0.700483,0.00507325,0.0347958,0.0159909,0.0399927,0
recipe:kaefer_2020,literature,recipe,,0.5,ripple,20,0,2028,99,5,85,195.579,0.00246548,0.434607,-0.0950664,0.026192,0.0950664,0.026192,0
recipe:karlsson_2009,literature,recipe,,0.5,ripple,20,0,2028,1743,1302,283,195.579,0.642012,1.44698,-0.00672237,0.00313802,0.0102315,0.0117102,0
recipe:krause_2022,literature,recipe,,0.5,network,20,0,2189,1474,1100,147,195.579,0.502513,0.751614,0.0115426,-0.0150823,0.0162463,0.0196921,0
recipe:krause_2022_hse,literature,recipe,,0.5,burst,20,0,1962,1986,1053,385,195.579,0.536697,1.96851,-0.0229939,0.0208036,0.0239876,0.0231897,0
recipe:kudrimoti_1999,literature,recipe,,0.5,ripple,20,0,2028,58,3,9,195.579,0.00147929,0.0460172,0.00865127,-0.0149854,0.00865127,0.0149854,0
recipe:lee_2002,literature,recipe,,0.5,burst,20,0,1962,28788,650,27542,195.579,0.331295,140.823,-0.00525941,0.00507674,0.0210731,0.024422,0
recipe:lee_2002_ripples,literature,recipe,,0.5,ripple,20,0,2028,365,4,207,195.579,0.00197239,1.05839,0.0152914,-0.0199363,0.0152914,0.0199363,0
recipe:liu_2019,literature,recipe,,0.5,burst,20,0,1962,12503,237,11863,195.579,0.120795,60.6557,-0.0184378,0.0238076,0.0250993,0.0321244,0
recipe:liu_2019_awake,literature,recipe,,0.5,burst,20,0,1962,12503,237,11863,195.579,0.120795,60.6557,-0.0184378,0.0238076,0.0250993,0.0321244,0
recipe:liu_2023,literature,recipe,,0.5,network,20,0,2189,908,844,8,195.579,0.385564,0.0409041,-0.00637983,0.00597831,0.0159295,0.0191245,0
recipe:maboudi_2018,literature,recipe,,0.5,burst,20,0,1962,1852,1016,302,195.579,0.517839,1.54413,-0.0233506,0.0215005,0.0241293,0.023461,0
recipe:maboudi_2018_open_field,literature,recipe,,0.5,burst,20,0,1962,1991,1344,570,195.579,0.685015,2.91442,-0.00159937,-0.000815054,0.010991,0.0138069,0
recipe:mallory_2025,literature,recipe,,0.5,burst,20,0,1962,2300,1266,812,195.579,0.64526,4.15177,-0.0133619,0.0118531,0.0158455,0.0174705,0
recipe:mallory_2025_ripples,literature,recipe,,0.5,ripple,20,0,2028,1685,1012,284,195.579,0.499014,1.4521,-0.0116877,0.00636018,0.0130968,0.0134813,0
recipe:michon_2019,literature,recipe,,0.5,network,20,0,2189,554,536,0,195.579,0.244861,0,-0.00179505,0.00153958,0.0118531,0.0157579,0
recipe:michon_2021,literature,recipe,,0.5,network,20,0,2189,554,536,0,195.579,0.244861,0,-0.00179505,0.00153958,0.0118531,0.0157579,0
recipe:mou_2022,literature,recipe,,0.5,burst,20,0,1962,3178,778,1908,195.579,0.396534,9.75564,-0.0255002,0.0245841,0.0260788,0.0261435,0
recipe:muessig_2019,literature,recipe,,0.5,network,20,0,2189,220,195,0,195.579,0.0890818,0,0.0221964,-0.0281364,0.0221964,0.0281364,0
recipe:muessig_2019_ripples,literature,recipe,,0.5,ripple,20,0,2028,46878,1458,32101,195.579,0.718935,164.133,-0.00161608,-0.000795529,0.0083077,0.00894273,0
recipe:nadasdy_1999,literature,recipe,,0.5,ripple,20,0,2028,1086,932,139,195.579,0.459566,0.71071,0.00467442,-0.00860694,0.00681107,0.0104819,0
recipe:olafsdottir_2015,literature,recipe,,0.5,burst,20,0,1962,2063,1083,829,195.579,0.551988,4.23869,0.00471361,-0.00440452,0.0165499,0.0184277,0
recipe:olafsdottir_2015.bayesian_candidates,literature,recipe,,0.5,burst,20,0,1962,1490,1004,379,195.579,0.511723,1.93783,0.00406426,-0.00394695,0.0167336,0.0188998,0
recipe:olafsdottir_2016,literature,recipe,,0.5,burst,20,0,1962,1194,944,66,195.579,0.481142,0.337459,0.00699194,-0.0131317,0.012061,0.0161508,0
recipe:olafsdottir_2017,literature,recipe,,0.5,burst,20,0,1962,3088,1128,1495,195.579,0.574924,7.64396,0.00716001,-0.0126628,0.0117066,0.0153706,0
recipe:olafsdottir_2017.trajectory,literature,recipe,,0.5,burst,20,0,1962,1167,944,39,195.579,0.481142,0.199408,0.00699194,-0.0131317,0.012061,0.0161508,0
recipe:pfeiffer_2013,literature,recipe,,0.5,burst,20,0,1962,1991,1344,570,195.579,0.685015,2.91442,-0.00159937,-0.000815054,0.010991,0.0138069,0
recipe:pfeiffer_2013_ripples,literature,recipe,,0.5,ripple,20,0,2028,1629,1049,157,195.579,0.517258,0.802744,-0.0118915,0.00892249,0.0129178,0.0131574,0
recipe:pfeiffer_2015,literature,recipe,,0.5,ripple,20,0,2028,1626,1049,154,195.579,0.517258,0.787405,-0.0118915,0.00892249,0.0129178,0.0131574,0
recipe:shin_2019,literature,recipe,,0.5,ripple,20,0,2028,1750,1302,290,195.579,0.642012,1.48278,-0.00672237,0.00313802,0.0102315,0.0117102,0
recipe:silva_2015,literature,recipe,,0.5,burst,20,0,1962,1428,1067,244,195.579,0.543833,1.24758,-0.0101947,0.00845031,0.0151331,0.0176829,0
recipe:stella_2019,literature,recipe,,0.5,ripple,20,0,2028,1923,1107,575,195.579,0.545858,2.93999,0.0094629,-0.0157051,0.00969646,0.0161647,0
recipe:tang_2017,literature,recipe,,0.5,ripple,20,0,2028,1750,1302,290,195.579,0.642012,1.48278,-0.00672237,0.00313802,0.0102315,0.0117102,0
recipe:tirole_2022,literature,recipe,,0.5,network,20,0,2189,1111,941,89,195.579,0.429877,0.455059,-0.0122472,0.01322,0.016409,0.0195145,0
recipe:widloski_2025,literature,recipe,,0.5,ripple,20,0,2028,1215,2,203,195.579,0.000986193,1.03794,-0.0763258,0.0501741,0.0763258,0.0501741,0
recipe:widloski_2025_bursts,literature,recipe,,0.5,burst,20,0,1962,1041,41,36,195.579,0.020897,0.184069,-0.0811688,0.0660676,0.0811688,0.0660676,0
recipe:wikenheiser_2013,literature,recipe,,0.5,ripple,20,0,2028,18098,75,17192,195.579,0.0369822,87.903,-0.051416,0.0429843,0.051416,0.0429843,0
recipe:wu_2014,literature,recipe,,0.5,burst,20,0,1962,6504,1327,4852,195.579,0.676351,24.8084,-0.0141947,0.0130651,0.0173275,0.0184721,0
recipe:wu_2017,literature,recipe,,0.5,burst,20,0,1962,1197,850,116,195.579,0.433231,0.59311,0.00857573,-0.0147025,0.0132775,0.0179931,0
recipe:xu_2019,literature,recipe,,0.5,burst,20,0,1962,2169,1169,819,195.579,0.595821,4.18756,-0.00421609,0.0161661,0.0164936,0.0201227,0
recipe:yamamoto_2017,literature,recipe,,0.5,network,20,0,2189,1558,448,83,195.579,0.20466,0.424381,0.0174714,-0.0217216,0.0175053,0.0217216,0
recipe:yang_2024,literature,recipe,,0.5,network,20,0,2189,913,789,58,195.579,0.360439,0.296555,-0.0115363,0.0132238,0.0168959,0.0195836,0
