method,primary_expression,minimum_iou,fp_target,recall,recall_low,recall_high,median_onset_error,median_onset_error_low,median_onset_error_high,median_offset_error,median_offset_error_low,median_offset_error_high,attained,n_sessions,n_dropped,n_failures
Carey_candidate_detector,network,0,0.5,0.740786,0.724952,0.755604,0.00111204,0.000138198,0.001954,-0.00396071,-0.00471685,-0.00251695,1,20,0,0
Carey_candidate_detector,network,0,1,0.766867,0.756329,0.77803,0.00129932,0.000483263,0.00220682,-0.00410979,-0.00488545,-0.00278145,1,20,0,0
Carey_candidate_detector,network,0,2,0.789842,0.781326,0.798916,0.00142949,0.000709502,0.00240114,-0.00424135,-0.00504474,-0.00299919,1,20,0,0
Carey_candidate_detector,network,0,5,0.81689,0.806136,0.827506,0.00154814,0.00089235,0.00272557,-0.00439565,-0.00524544,-0.00327654,1,20,0,0
Karlsson_ripple_detector,ripple,0,0.5,0.214752,0.118958,0.341875,-0.00702202,-0.00858787,-0.00484435,0.00479822,0.00319018,0.00703329,0.9795,20,0,0
Karlsson_ripple_detector,ripple,0,1,0.631657,0.583976,0.674616,-0.00836014,-0.00951295,-0.0071425,0.00535797,0.00445562,0.00656457,1,20,0,0
Karlsson_ripple_detector,ripple,0,2,0.744268,0.727998,0.761239,-0.00831192,-0.00937621,-0.00728075,0.00493818,0.00411143,0.00628884,1,20,0,0
Karlsson_ripple_detector,ripple,0,5,0.792264,0.779112,0.806154,-0.0082368,-0.00910473,-0.00729624,0.00511534,0.00433667,0.00641814,1,20,0,0
Kay_ripple_detector,ripple,0,0.5,,,,,,,,,,0.438,20,0,0
Kay_ripple_detector,ripple,0,1,0.783838,0.761929,0.801568,9.08563e-06,-0.000748237,0.00061119,-0.0028198,-0.00357646,-0.00207294,1,20,0,0
Kay_ripple_detector,ripple,0,2,0.818404,0.804171,0.832349,0.00030208,-0.000435994,0.000786602,-0.00310368,-0.00391976,-0.00245035,1,20,0,0
Kay_ripple_detector,ripple,0,5,0.847294,0.837903,0.858208,0.000537812,-0.000127743,0.00094956,-0.00336227,-0.00425456,-0.00267835,1,20,0,0
Long_sharp_wave_ripple_detector,ripple,0,0.5,0.736918,0.714264,0.757379,0.0115386,0.0104744,0.0128431,-0.0280961,-0.0302641,-0.0261516,0.9995,20,0,0
Long_sharp_wave_ripple_detector,ripple,0,1,,,,,,,,,,0,20,0,0
Long_sharp_wave_ripple_detector,ripple,0,2,,,,,,,,,,0,20,0,0
Long_sharp_wave_ripple_detector,ripple,0,5,,,,,,,,,,0,20,0,0
Roumis_ripple_detector,ripple,0,0.5,,,,,,,,,,0.438,20,0,0
Roumis_ripple_detector,ripple,0,1,0.785723,0.765538,0.803734,-0.000239422,-0.00116459,0.000428118,-0.00248971,-0.00326937,-0.00186547,1,20,0,0
Roumis_ripple_detector,ripple,0,2,0.818834,0.805493,0.832778,6.28509e-05,-0.00072491,0.000665478,-0.00286717,-0.00368301,-0.00214969,1,20,0,0
Roumis_ripple_detector,ripple,0,5,0.845725,0.836555,0.857052,0.000275344,-0.000407586,0.000895105,-0.00308601,-0.00390417,-0.00236768,1,20,0,0
Shvartsman_ripple_detector,ripple,0,0.5,0.217207,0.108155,0.428731,-0.0110902,-0.0136765,-0.00863762,0.00975699,0.00767761,0.0135228,0.995,20,0,0
Shvartsman_ripple_detector,ripple,0,1,0.75026,0.733731,0.767477,-0.00925956,-0.0105457,-0.00825676,0.00618386,0.00510036,0.00704968,1,20,0,0
Shvartsman_ripple_detector,ripple,0,2,0.78817,0.776363,0.801063,-0.00894484,-0.0102724,-0.00806022,0.00599056,0.00500671,0.00696933,1,20,0,0
Shvartsman_ripple_detector,ripple,0,5,0.811778,0.801446,0.823513,-0.00894181,-0.0101573,-0.00809014,0.0058033,0.0048516,0.00687561,1,20,0,0
Yu_ripple_detector,ripple,0,0.5,,,,,,,,,,0,20,0,0
Yu_ripple_detector,ripple,0,1,,,,,,,,,,0,20,0,0
Yu_ripple_detector,ripple,0,2,,,,,,,,,,0,20,0,0
Yu_ripple_detector,ripple,0,5,0.841757,0.830834,0.855127,0.00150719,0.0009237,0.00196819,-0.00476765,-0.00538656,-0.00371304,0.884,20,0,0
Zugaro_ripple_detector,ripple,0,0.5,,,,,,,,,,0,20,0,0
Zugaro_ripple_detector,ripple,0,1,0.614746,0.367205,0.735979,0.0139073,0.0124647,0.0151409,-0.0227119,-0.0241493,-0.0191648,0.954,20,0,0
Zugaro_ripple_detector,ripple,0,2,,,,,,,,,,0.0025,20,0,0
Zugaro_ripple_detector,ripple,0,5,,,,,,,,,,0,20,0,0
multiunit_HSE_detector,burst,0,0.5,0.59303,0.514606,0.658358,-0.0217158,-0.0231363,-0.0200822,0.0206921,0.0184513,0.0230446,1,20,0,0
multiunit_HSE_detector,burst,0,1,0.764146,0.733678,0.78571,-0.0212729,-0.022404,-0.019853,0.0199262,0.0178615,0.0217032,1,20,0,0
multiunit_HSE_detector,burst,0,2,0.815468,0.798484,0.830929,-0.0211048,-0.0222656,-0.0197778,0.0192376,0.0172979,0.0211017,1,20,0,0
multiunit_HSE_detector,burst,0,5,0.872728,0.861244,0.884787,-0.0211073,-0.0223248,-0.0199045,0.0189496,0.0172449,0.0206445,1,20,0,0
Carey_candidate_detector,network,0.2,0.5,0.739063,0.722892,0.753368,0.00110622,0.000138233,0.00194863,-0.00395608,-0.00470766,-0.00251904,1,20,0,0
Carey_candidate_detector,network,0.2,1,0.765506,0.754602,0.776366,0.00129611,0.000471302,0.00220849,-0.00410724,-0.00487701,-0.00279611,1,20,0,0
Carey_candidate_detector,network,0.2,2,0.788755,0.780205,0.797672,0.00142878,0.00070367,0.00238771,-0.00424035,-0.00503973,-0.00299656,1,20,0,0
Carey_candidate_detector,network,0.2,5,0.81589,0.80535,0.82626,0.00154748,0.000895336,0.00269435,-0.00439536,-0.00523376,-0.00327665,1,20,0,0
Karlsson_ripple_detector,ripple,0.2,0.5,0.202936,0.11164,0.332661,-0.0067499,-0.00843739,-0.00437927,0.00469072,0.00316823,0.00683529,0.968,20,0,0
Karlsson_ripple_detector,ripple,0.2,1,0.62373,0.574259,0.670248,-0.00837509,-0.00954622,-0.00715588,0.00540102,0.00445942,0.00660473,1,20,0,0
Karlsson_ripple_detector,ripple,0.2,2,0.741578,0.72565,0.758175,-0.00832893,-0.00934163,-0.00730588,0.00488001,0.00406942,0.00622897,1,20,0,0
Karlsson_ripple_detector,ripple,0.2,5,0.789747,0.776757,0.803648,-0.00827723,-0.00914905,-0.00732521,0.00508468,0.00430145,0.00637577,1,20,0,0
Kay_ripple_detector,ripple,0.2,0.5,,,,,,,,,,0.4035,20,0,0
Kay_ripple_detector,ripple,0.2,1,0.783085,0.760581,0.800839,7.99473e-06,-0.000746672,0.00061156,-0.00282446,-0.00357995,-0.00207853,1,20,0,0
Kay_ripple_detector,ripple,0.2,2,0.817771,0.803914,0.831812,0.000307809,-0.000426447,0.000787068,-0.00310474,-0.00394467,-0.00246076,1,20,0,0
Kay_ripple_detector,ripple,0.2,5,0.84653,0.837151,0.857777,0.000542081,-0.000118946,0.000944809,-0.00337515,-0.00426652,-0.00269669,1,20,0,0
Long_sharp_wave_ripple_detector,ripple,0.2,0.5,0.71834,0.695205,0.742567,0.0115476,0.0105182,0.0128033,-0.0279554,-0.0299175,-0.0260124,1,20,0,0
Long_sharp_wave_ripple_detector,ripple,0.2,1,,,,,,,,,,0,20,0,0
Long_sharp_wave_ripple_detector,ripple,0.2,2,,,,,,,,,,0,20,0,0
Long_sharp_wave_ripple_detector,ripple,0.2,5,,,,,,,,,,0,20,0,0
Roumis_ripple_detector,ripple,0.2,0.5,,,,,,,,,,0.4035,20,0,0
Roumis_ripple_detector,ripple,0.2,1,0.784974,0.765005,0.803141,-0.000229541,-0.00114289,0.000431883,-0.00250009,-0.00326816,-0.00188429,1,20,0,0
Roumis_ripple_detector,ripple,0.2,2,0.818206,0.805065,0.832312,7.44288e-05,-0.000718473,0.000669366,-0.00287205,-0.00368301,-0.00216467,1,20,0,0
Roumis_ripple_detector,ripple,0.2,5,0.844966,0.835789,0.856289,0.000282043,-0.000391531,0.000895208,-0.00311439,-0.00392082,-0.00239182,1,20,0,0
Shvartsman_ripple_detector,ripple,0.2,0.5,0.208003,0.100158,0.405493,-0.0107861,-0.0136639,-0.00821473,0.0097604,0.00769135,0.0137615,0.9935,20,0,0
Shvartsman_ripple_detector,ripple,0.2,1,0.749311,0.732834,0.766824,-0.00925886,-0.0105267,-0.00825277,0.00615585,0.00509346,0.00704474,1,20,0,0
Shvartsman_ripple_detector,ripple,0.2,2,0.787225,0.775304,0.800384,-0.00893469,-0.0102543,-0.00804205,0.00594334,0.00499961,0.00696781,1,20,0,0
Shvartsman_ripple_detector,ripple,0.2,5,0.809889,0.798599,0.822336,-0.00892142,-0.0101167,-0.00807838,0.00578074,0.00483869,0.00686449,1,20,0,0
Yu_ripple_detector,ripple,0.2,0.5,,,,,,,,,,0,20,0,0
Yu_ripple_detector,ripple,0.2,1,,,,,,,,,,0,20,0,0
Yu_ripple_detector,ripple,0.2,2,,,,,,,,,,0,20,0,0
Yu_ripple_detector,ripple,0.2,5,0.84059,0.829583,0.854217,0.00150677,0.000925521,0.00195881,-0.00476703,-0.00537972,-0.00374286,0.8805,20,0,0
Zugaro_ripple_detector,ripple,0.2,0.5,,,,,,,,,,0,20,0,0
Zugaro_ripple_detector,ripple,0.2,1,0.597786,0.362778,0.721183,0.0137684,0.012435,0.0149571,-0.0224784,-0.024012,-0.0191558,0.9445,20,0,0
Zugaro_ripple_detector,ripple,0.2,2,,,,,,,,,,0.01,20,0,0
Zugaro_ripple_detector,ripple,0.2,5,,,,,,,,,,0,20,0,0
multiunit_HSE_detector,burst,0.2,0.5,0.562734,0.48556,0.625929,-0.0217842,-0.0230852,-0.0199774,0.0207174,0.0183056,0.0231416,1,20,0,0
multiunit_HSE_detector,burst,0.2,1,0.755937,0.71793,0.777834,-0.0211368,-0.0222884,-0.0196653,0.0196815,0.0177526,0.0216042,1,20,0,0
multiunit_HSE_detector,burst,0.2,2,0.806569,0.788626,0.823842,-0.0209749,-0.0221827,-0.0195292,0.0188889,0.0171948,0.0208782,1,20,0,0
multiunit_HSE_detector,burst,0.2,5,0.862937,0.850204,0.876208,-0.020968,-0.0222013,-0.0194839,0.0186495,0.0170771,0.0204302,1,20,0,0
Carey_candidate_detector,network,0.5,0.5,0.689875,0.661651,0.719495,0.000890722,-0.000115897,0.00168891,-0.00368759,-0.00451952,-0.00211842,1,20,0,0
Carey_candidate_detector,network,0.5,1,0.732515,0.71533,0.749648,0.00115973,0.000251542,0.002008,-0.00394831,-0.00471971,-0.0023882,1,20,0,0
Carey_candidate_detector,network,0.5,2,0.758288,0.744794,0.771445,0.00130142,0.000531578,0.00222928,-0.00410831,-0.00491513,-0.00258354,1,20,0,0
Carey_candidate_detector,network,0.5,5,0.783876,0.770409,0.796943,0.0013901,0.000650585,0.00244941,-0.00417844,-0.00497333,-0.00288691,1,20,0,0
Karlsson_ripple_detector,ripple,0.5,0.5,,,,,,,,,,0.243,20,0,0
Karlsson_ripple_detector,ripple,0.5,1,0.33953,0.280947,0.404576,-0.00722434,-0.00806065,-0.00602652,0.00445847,0.00279285,0.00525617,1,20,0,0
Karlsson_ripple_detector,ripple,0.5,2,0.613602,0.582865,0.64168,-0.00653417,-0.00746068,-0.00550705,0.00319529,0.00233337,0.00441158,1,20,0,0
Karlsson_ripple_detector,ripple,0.5,5,0.686344,0.669815,0.702794,-0.00693628,-0.00786815,-0.00595931,0.00368457,0.00281275,0.00465023,1,20,0,0
Kay_ripple_detector,ripple,0.5,0.5,,,,,,,,,,0.0125,20,0,0
Kay_ripple_detector,ripple,0.5,1,0.685047,0.548912,0.726715,0.000251537,-0.000642103,0.000773984,-0.00277014,-0.00366135,-0.0014672,1,20,0,0
Kay_ripple_detector,ripple,0.5,2,0.761579,0.744979,0.778385,0.000519819,-0.000139724,0.00095145,-0.00324212,-0.0041281,-0.00261822,1,20,0,0
Kay_ripple_detector,ripple,0.5,5,0.790708,0.77717,0.805772,0.000680722,9.8167e-05,0.00108858,-0.0034237,-0.00434161,-0.00278523,1,20,0,0
Long_sharp_wave_ripple_detector,ripple,0.5,0.5,,,,,,,,,,0,20,0,0
Long_sharp_wave_ripple_detector,ripple,0.5,1,,,,,,,,,,0,20,0,0
Long_sharp_wave_ripple_detector,ripple,0.5,2,0.161807,0.135372,0.190594,0.0043253,0.00325605,0.00535533,-0.0112696,-0.0139532,-0.00976474,1,20,0,0
Long_sharp_wave_ripple_detector,ripple,0.5,5,,,,,,,,,,0.2715,20,0,0
Roumis_ripple_detector,ripple,0.5,0.5,,,,,,,,,,0.0075,20,0,0
Roumis_ripple_detector,ripple,0.5,1,0.681353,0.53857,0.723547,8.10722e-05,-0.000918571,0.000606352,-0.00256467,-0.00342195,-0.001309,1,20,0,0
Roumis_ripple_detector,ripple,0.5,2,0.759796,0.745643,0.774487,0.00028178,-0.000431398,0.000833768,-0.00303477,-0.00386722,-0.00242629,1,20,0,0
Roumis_ripple_detector,ripple,0.5,5,0.78771,0.775986,0.800516,0.000441419,-0.000142729,0.00100522,-0.00328265,-0.00401045,-0.00257204,1,20,0,0
Shvartsman_ripple_detector,ripple,0.5,0.5,0.0577167,0.0484272,0.128638,-0.00732361,-0.0125258,-0.00507288,0.00753208,0.00586038,0.0121816,0.6095,20,0,0
Shvartsman_ripple_detector,ripple,0.5,1,0.334682,0.272713,0.416051,-0.00876375,-0.0102367,-0.00776228,0.00651889,0.00537139,0.00773813,1,20,0,0
Shvartsman_ripple_detector,ripple,0.5,2,0.665531,0.644444,0.684986,-0.00749143,-0.00826871,-0.00653448,0.0042302,0.00331153,0.00528386,1,20,0,0
Shvartsman_ripple_detector,ripple,0.5,5,0.701391,0.685894,0.716677,-0.00741154,-0.00812223,-0.00652072,0.00402975,0.00313457,0.00515058,1,20,0,0
Yu_ripple_detector,ripple,0.5,0.5,,,,,,,,,,0,20,0,0
Yu_ripple_detector,ripple,0.5,1,,,,,,,,,,0,20,0,0
Yu_ripple_detector,ripple,0.5,2,,,,,,,,,,0,20,0,0
Yu_ripple_detector,ripple,0.5,5,,,,,,,,,,0.44,20,0,0
Zugaro_ripple_detector,ripple,0.5,0.5,,,,,,,,,,0,20,0,0
Zugaro_ripple_detector,ripple,0.5,1,,,,,,,,,,0.0215,20,0,0
Zugaro_ripple_detector,ripple,0.5,2,0.434998,0.400095,0.467111,0.0117593,0.0110202,0.0126151,-0.0184445,-0.0196887,-0.0172305,1,20,0,0
Zugaro_ripple_detector,ripple,0.5,5,,,,,,,,,,0.0005,20,0,0
multiunit_HSE_detector,burst,0.5,0.5,0.225905,0.19762,0.254077,-0.0191004,-0.0231831,-0.0171338,0.0202927,0.016118,0.0248972,1,20,0,0
multiunit_HSE_detector,burst,0.5,1,0.35739,0.330939,0.388008,-0.0177069,-0.0199038,-0.0165634,0.0179695,0.0147047,0.0211247,1,20,0,0
multiunit_HSE_detector,burst,0.5,2,0.549512,0.516584,0.584213,-0.0173998,-0.0186515,-0.0161383,0.0151618,0.0130446,0.0177971,1,20,0,0
multiunit_HSE_detector,burst,0.5,5,0.660911,0.642392,0.679851,-0.0166753,-0.0176689,-0.0152355,0.0140205,0.0121177,0.0157834,1,20,0,0
