method,setting,measure,n_pairs,q05,q25,median,q75,q95,median_low,median_high,recall,recall_low,recall_high,primary_expression,n_sessions,n_failures
Carey_candidate_detector,default,iou,1786,0.529472,0.690807,0.792996,0.873564,0.947964,0.784596,0.804482,0.815898,0.8052,0.82741,network,20,0
Carey_candidate_detector,default,coverage,1786,0.605015,0.784372,0.893574,0.977221,1,0.884161,0.904272,0.815898,0.8052,0.82741,network,20,0
Carey_candidate_detector,default,temporal_precision,1786,0.635602,0.830749,0.947603,1,1,0.935784,0.956759,0.815898,0.8052,0.82741,network,20,0
Karlsson_ripple_detector,default,iou,1467,0.404688,0.611136,0.737705,0.82972,0.936274,0.724934,0.748915,0.723373,0.708684,0.73957,ripple,20,0
Karlsson_ripple_detector,default,coverage,1467,0.711807,0.890187,0.982851,1,1,0.976508,0.99325,0.723373,0.708684,0.73957,ripple,20,0
Karlsson_ripple_detector,default,temporal_precision,1467,0.413268,0.640959,0.794583,0.929265,1,0.781224,0.811078,0.723373,0.708684,0.73957,ripple,20,0
Kay_ripple_detector,default,iou,1680,0.489846,0.652533,0.772155,0.851459,0.936554,0.763454,0.779884,0.828402,0.816373,0.842284,ripple,20,0
Kay_ripple_detector,default,coverage,1680,0.604989,0.799034,0.899087,0.993795,1,0.89537,0.903655,0.828402,0.816373,0.842284,ripple,20,0
Kay_ripple_detector,default,temporal_precision,1680,0.54402,0.777452,0.920493,1,1,0.909757,0.933085,0.828402,0.816373,0.842284,ripple,20,0
Long_sharp_wave_ripple_detector,default,iou,1370,0.266287,0.377888,0.487058,0.626844,0.824703,0.472117,0.499468,0.675542,0.656034,0.69322,ripple,20,0
Long_sharp_wave_ripple_detector,default,coverage,1370,0.271798,0.38372,0.509846,0.701138,1,0.492105,0.526569,0.675542,0.656034,0.69322,ripple,20,0
Long_sharp_wave_ripple_detector,default,temporal_precision,1370,0.610278,0.912813,1,1,1,1,1,0.675542,0.656034,0.69322,ripple,20,0
Roumis_ripple_detector,default,iou,1679,0.484539,0.652879,0.772504,0.849992,0.937411,0.762072,0.779045,0.827909,0.816142,0.841453,ripple,20,0
Roumis_ripple_detector,default,coverage,1679,0.608919,0.802083,0.901621,0.996569,1,0.896843,0.909444,0.827909,0.816142,0.841453,ripple,20,0
Roumis_ripple_detector,default,temporal_precision,1679,0.54224,0.772979,0.917332,1,1,0.905269,0.928322,0.827909,0.816142,0.841453,ripple,20,0
Shvartsman_ripple_detector,default,iou,1341,0.41098,0.614569,0.741527,0.832705,0.935719,0.729246,0.752784,0.661243,0.645606,0.67772,ripple,20,0
Shvartsman_ripple_detector,default,coverage,1341,0.771683,0.909008,0.996969,1,1,0.9847,1,0.661243,0.645606,0.67772,ripple,20,0
Shvartsman_ripple_detector,default,temporal_precision,1341,0.412834,0.632785,0.78217,0.907667,1,0.771754,0.797835,0.661243,0.645606,0.67772,ripple,20,0
Yu_ripple_detector,default,iou,1731,0.476045,0.659415,0.770613,0.848599,0.933112,0.76284,0.780463,0.85355,0.8436,0.864339,ripple,20,0
Yu_ripple_detector,default,coverage,1731,0.562525,0.773972,0.879807,0.973034,1,0.873759,0.887549,0.85355,0.8436,0.864339,ripple,20,0
Yu_ripple_detector,default,temporal_precision,1731,0.570458,0.811612,0.948885,1,1,0.934664,0.959981,0.85355,0.8436,0.864339,ripple,20,0
Zugaro_ripple_detector,default,iou,1352,0.341514,0.493087,0.587433,0.666351,0.803614,0.577922,0.593871,0.666667,0.645669,0.68801,ripple,20,0
Zugaro_ripple_detector,default,coverage,1352,0.343776,0.495211,0.591636,0.671737,0.827795,0.583471,0.597981,0.666667,0.645669,0.68801,ripple,20,0
Zugaro_ripple_detector,default,temporal_precision,1352,0.954256,1,1,1,1,1,1,0.666667,0.645669,0.68801,ripple,20,0
multiunit_HSE_detector,default,iou,1833,0.309192,0.507103,0.65029,0.775873,0.907708,0.640314,0.656409,0.934251,0.924211,0.944532,burst,20,0
multiunit_HSE_detector,default,coverage,1833,0.764524,0.938488,1,1,1,1,1,0.934251,0.924211,0.944532,burst,20,0
multiunit_HSE_detector,default,temporal_precision,1833,0.310777,0.522664,0.676079,0.822557,1,0.667388,0.686946,0.934251,0.924211,0.944532,burst,20,0
recipe:ambrose_2016,literature,iou,1476,0.281517,0.46801,0.633812,0.788374,0.919044,0.61251,0.647592,0.727811,0.710054,0.746416,ripple,20,0
recipe:ambrose_2016,literature,coverage,1476,0.834604,0.973236,1,1,1,1,1,0.727811,0.710054,0.746416,ripple,20,0
recipe:ambrose_2016,literature,temporal_precision,1476,0.281517,0.469862,0.645421,0.82056,1,0.624955,0.661432,0.727811,0.710054,0.746416,ripple,20,0
recipe:bendor_2012,literature,iou,1306,0.466995,0.607693,0.720428,0.813849,0.917377,0.709682,0.732887,0.665647,0.642752,0.68864,burst,20,0
recipe:bendor_2012,literature,coverage,1306,0.467909,0.624997,0.748423,0.85993,1,0.739321,0.759875,0.665647,0.642752,0.68864,burst,20,0
recipe:bendor_2012,literature,temporal_precision,1306,0.796779,0.946375,1,1,1,1,1,0.665647,0.642752,0.68864,burst,20,0
recipe:berners_lee_2021,literature,iou,1611,0.280152,0.462898,0.636768,0.786671,0.917582,0.625861,0.649726,0.794379,0.779226,0.810867,ripple,20,0
recipe:berners_lee_2021,literature,coverage,1611,0.802709,0.962287,1,1,1,1,1,0.794379,0.779226,0.810867,ripple,20,0
recipe:berners_lee_2021,literature,temporal_precision,1611,0.282509,0.467575,0.657348,0.837607,1,0.642947,0.668933,0.794379,0.779226,0.810867,ripple,20,0
recipe:berners_lee_2022,literature,iou,1305,0.411526,0.603283,0.728153,0.815663,0.91798,0.715717,0.737128,0.665138,0.646858,0.686078,burst,20,0
recipe:berners_lee_2022,literature,coverage,1305,0.719038,0.887208,0.985909,1,1,0.975188,0.995866,0.665138,0.646858,0.686078,burst,20,0
recipe:berners_lee_2022,literature,temporal_precision,1305,0.425023,0.643122,0.774871,0.897334,1,0.761298,0.785895,0.665138,0.646858,0.686078,burst,20,0
recipe:bhattarai_2020,literature,iou,797,0.124604,0.273906,0.402707,0.551196,0.795279,0.383855,0.42672,0.364093,0.347764,0.38189,network,20,0
recipe:bhattarai_2020,literature,coverage,797,0.332262,0.671972,0.860126,1,1,0.840738,0.870711,0.364093,0.347764,0.38189,network,20,0
recipe:bhattarai_2020,literature,temporal_precision,797,0.146003,0.302161,0.442216,0.602984,0.973972,0.427161,0.458228,0.364093,0.347764,0.38189,network,20,0
recipe:bhattarai_2020_ripples,literature,iou,908,0.457396,0.656083,0.769885,0.856054,0.930547,0.759206,0.783841,0.447732,0.427187,0.469612,ripple,20,0
recipe:bhattarai_2020_ripples,literature,coverage,908,0.598481,0.765304,0.870389,0.971264,1,0.85801,0.884973,0.447732,0.427187,0.469612,ripple,20,0
recipe:bhattarai_2020_ripples,literature,temporal_precision,908,0.470309,0.832776,0.980844,1,1,0.964528,0.99808,0.447732,0.427187,0.469612,ripple,20,0
recipe:bush_2022,literature,iou,1230,0.49245,0.677953,0.777854,0.856303,0.934651,0.768401,0.787198,0.626911,0.605036,0.65008,burst,20,0
recipe:bush_2022,literature,coverage,1230,0.608792,0.780075,0.890728,0.980374,1,0.879039,0.898524,0.626911,0.605036,0.65008,burst,20,0
recipe:bush_2022,literature,temporal_precision,1230,0.570773,0.806646,0.924385,1,1,0.914986,0.932666,0.626911,0.605036,0.65008,burst,20,0
recipe:carey_2019,literature,iou,1808,0.345305,0.59123,0.726553,0.818339,0.926618,0.713827,0.73701,0.825948,0.8082,0.842155,network,20,0
recipe:carey_2019,literature,coverage,1808,0.345943,0.597363,0.742652,0.854746,0.977744,0.728861,0.753101,0.825948,0.8082,0.842155,network,20,0
recipe:carey_2019,literature,temporal_precision,1808,0.82812,0.984146,1,1,1,1,1,0.825948,0.8082,0.842155,network,20,0
recipe:carr_2012,literature,iou,1467,0.404688,0.611136,0.737705,0.82972,0.936274,0.724934,0.748915,0.723373,0.708684,0.73957,ripple,20,0
recipe:carr_2012,literature,coverage,1467,0.711807,0.890187,0.982851,1,1,0.976508,0.99325,0.723373,0.708684,0.73957,ripple,20,0
recipe:carr_2012,literature,temporal_precision,1467,0.413268,0.640959,0.794583,0.929265,1,0.781224,0.811078,0.723373,0.708684,0.73957,ripple,20,0
recipe:chenani_2019,literature,iou,1323,0.410434,0.615606,0.730104,0.824479,0.926047,0.722516,0.737974,0.674312,0.657602,0.69168,burst,20,0
recipe:chenani_2019,literature,coverage,1323,0.8062,0.97222,1,1,1,1,1,0.674312,0.657602,0.69168,burst,20,0
recipe:chenani_2019,literature,temporal_precision,1323,0.411304,0.623681,0.753898,0.867604,1,0.740269,0.767602,0.674312,0.657602,0.69168,burst,20,0
recipe:davidson_2009,literature,iou,1554,0.329839,0.526457,0.663111,0.783492,0.913862,0.654253,0.671074,0.792049,0.775789,0.80818,burst,20,0
recipe:davidson_2009,literature,coverage,1554,0.769085,0.936874,1,1,1,1,1,0.792049,0.775789,0.80818,burst,20,0
recipe:davidson_2009,literature,temporal_precision,1554,0.331592,0.538922,0.69202,0.83375,1,0.680468,0.703092,0.792049,0.775789,0.80818,burst,20,0
recipe:denovellis_2021,literature,iou,1679,0.49029,0.660661,0.773247,0.853094,0.93894,0.764458,0.781727,0.827909,0.815654,0.841496,ripple,20,0
recipe:denovellis_2021,literature,coverage,1679,0.608734,0.794788,0.892709,0.988184,1,0.888267,0.900494,0.827909,0.815654,0.841496,ripple,20,0
recipe:denovellis_2021,literature,temporal_precision,1679,0.549513,0.79532,0.933922,1,1,0.919873,0.943226,0.827909,0.815654,0.841496,ripple,20,0
recipe:denovellis_2021_mua,literature,iou,1832,0.306278,0.507102,0.647827,0.776875,0.907467,0.640222,0.656702,0.933741,0.923965,0.943597,burst,20,0
recipe:denovellis_2021_mua,literature,coverage,1832,0.767082,0.940052,1,1,1,1,1,0.933741,0.923965,0.943597,burst,20,0
recipe:denovellis_2021_mua,literature,temporal_precision,1832,0.308482,0.521781,0.677293,0.821327,1,0.66615,0.686954,0.933741,0.923965,0.943597,burst,20,0
recipe:diba_2007,literature,iou,494,0.190951,0.305944,0.409688,0.51551,0.678837,0.396666,0.427748,0.251784,0.230652,0.273773,burst,20,0
recipe:diba_2007,literature,coverage,494,0.633444,0.862631,1,1,1,1,1,0.251784,0.230652,0.273773,burst,20,0
recipe:diba_2007,literature,temporal_precision,494,0.198096,0.319883,0.427062,0.528326,0.690453,0.4131,0.448329,0.251784,0.230652,0.273773,burst,20,0
recipe:drieu_2018,literature,iou,1516,0.432824,0.645173,0.754643,0.84037,0.930794,0.742986,0.76183,0.772681,0.757402,0.787465,burst,20,0
recipe:drieu_2018,literature,coverage,1516,0.571366,0.820332,0.945929,1,1,0.940996,0.953073,0.772681,0.757402,0.787465,burst,20,0
recipe:drieu_2018,literature,temporal_precision,1516,0.517084,0.730101,0.856176,0.972679,1,0.847244,0.869088,0.772681,0.757402,0.787465,burst,20,0
recipe:farooq_2019_neuron,literature,iou,553,0.579049,0.71808,0.79587,0.865499,0.953219,0.785487,0.805338,0.281855,0.259614,0.306177,burst,20,0
recipe:farooq_2019_neuron,literature,coverage,553,0.584483,0.725464,0.813981,0.897418,0.999237,0.799568,0.828697,0.281855,0.259614,0.306177,burst,20,0
recipe:farooq_2019_neuron,literature,temporal_precision,553,0.857665,0.967025,1,1,1,1,1,0.281855,0.259614,0.306177,burst,20,0
recipe:farooq_2019_science,literature,iou,549,0.580135,0.71808,0.79587,0.865499,0.953316,0.785445,0.805341,0.279817,0.257885,0.303748,burst,20,0
recipe:farooq_2019_science,literature,coverage,549,0.587268,0.725464,0.81385,0.897418,0.999424,0.799142,0.828078,0.279817,0.257885,0.303748,burst,20,0
recipe:farooq_2019_science,literature,temporal_precision,549,0.857609,0.967025,1,1,1,1,1,0.279817,0.257885,0.303748,burst,20,0
recipe:farooq_2019_science_awake,literature,iou,549,0.580135,0.71808,0.79587,0.865499,0.953316,0.785445,0.805341,0.279817,0.257885,0.303748,burst,20,0
recipe:farooq_2019_science_awake,literature,coverage,549,0.587268,0.725464,0.81385,0.897418,0.999424,0.799142,0.828078,0.279817,0.257885,0.303748,burst,20,0
recipe:farooq_2019_science_awake,literature,temporal_precision,549,0.857609,0.967025,1,1,1,1,1,0.279817,0.257885,0.303748,burst,20,0
recipe:foster_2006,literature,iou,298,0.425201,0.609344,0.720124,0.826734,0.910303,0.691412,0.738075,0.151886,0.130303,0.172791,burst,20,0
recipe:foster_2006,literature,coverage,298,0.662682,0.819452,0.916259,1,1,0.898843,0.934929,0.151886,0.130303,0.172791,burst,20,0
recipe:foster_2006,literature,temporal_precision,298,0.442797,0.649846,0.821564,0.96292,1,0.784359,0.850653,0.151886,0.130303,0.172791,burst,20,0
recipe:foster_2006_ripples,literature,iou,162,0.166658,0.220794,0.274013,0.339241,0.434641,0.25437,0.288879,0.0798817,0.0704355,0.0897073,ripple,20,0
recipe:foster_2006_ripples,literature,coverage,162,0.166658,0.224998,0.276079,0.344672,0.523831,0.25905,0.291087,0.0798817,0.0704355,0.0897073,ripple,20,0
recipe:foster_2006_ripples,literature,temporal_precision,162,1,1,1,1,1,1,1,0.0798817,0.0704355,0.0897073,ripple,20,0
recipe:gillespie_2021,literature,iou,1680,0.489846,0.652533,0.772155,0.851459,0.936554,0.763454,0.779884,0.828402,0.816373,0.842284,ripple,20,0
recipe:gillespie_2021,literature,coverage,1680,0.604989,0.799034,0.899087,0.993795,1,0.89537,0.903655,0.828402,0.816373,0.842284,ripple,20,0
recipe:gillespie_2021,literature,temporal_precision,1680,0.54402,0.777452,0.920493,1,1,0.909757,0.933085,0.828402,0.816373,0.842284,ripple,20,0
recipe:gillespie_2021_mua,literature,iou,1609,0.329716,0.525766,0.662786,0.783082,0.913928,0.652866,0.66977,0.820082,0.80737,0.832985,burst,20,0
recipe:gillespie_2021_mua,literature,coverage,1609,0.770209,0.936602,1,1,1,1,1,0.820082,0.80737,0.832985,burst,20,0
recipe:gillespie_2021_mua,literature,temporal_precision,1609,0.331237,0.537979,0.691582,0.833428,1,0.68088,0.702784,0.820082,0.80737,0.832985,burst,20,0
recipe:gridchyn_2020,literature,iou,1759,0.296374,0.572805,0.702237,0.808153,0.920921,0.688746,0.711989,0.896534,0.884615,0.907621,burst,20,0
recipe:gridchyn_2020,literature,coverage,1759,0.324646,0.646681,0.800471,0.928546,1,0.781042,0.816174,0.896534,0.884615,0.907621,burst,20,0
recipe:gridchyn_2020,literature,temporal_precision,1759,0.526108,0.798857,0.929527,1,1,0.91769,0.946839,0.896534,0.884615,0.907621,burst,20,0
recipe:grosmark_2016,literature,iou,906,0.408645,0.595048,0.723171,0.826478,0.918679,0.705949,0.739037,0.413888,0.395364,0.43318,network,20,0
recipe:grosmark_2016,literature,coverage,906,0.770542,0.918116,1,1,1,1,1,0.413888,0.395364,0.43318,network,20,0
recipe:grosmark_2016,literature,temporal_precision,906,0.409949,0.616894,0.768442,0.88253,1,0.747786,0.780739,0.413888,0.395364,0.43318,network,20,0
recipe:gupta_2010,literature,iou,1637,0.258573,0.592931,0.737237,0.839712,0.930596,0.725106,0.7471,0.807199,0.792619,0.824228,ripple,20,0
recipe:gupta_2010,literature,coverage,1637,0.27319,0.712537,0.877481,0.982483,1,0.868856,0.891161,0.807199,0.792619,0.824228,ripple,20,0
recipe:gupta_2010,literature,temporal_precision,1637,0.504469,0.768929,0.922701,1,1,0.91359,0.930127,0.807199,0.792619,0.824228,ripple,20,0
recipe:harvey_2023_code,literature,iou,1133,0.270135,0.377264,0.481824,0.61618,0.823051,0.465387,0.496213,0.558679,0.540395,0.575701,ripple,20,0
recipe:harvey_2023_code,literature,coverage,1133,0.272828,0.381197,0.497659,0.675097,0.992004,0.481824,0.514426,0.558679,0.540395,0.575701,ripple,20,0
recipe:harvey_2023_code,literature,temporal_precision,1133,0.644928,0.95377,1,1,1,1,1,0.558679,0.540395,0.575701,ripple,20,0
recipe:harvey_2023_no_radiatum,literature,iou,1222,0.264603,0.433276,0.565837,0.690659,0.844527,0.551239,0.579337,0.602564,0.588261,0.619488,ripple,20,0
recipe:harvey_2023_no_radiatum,literature,coverage,1222,0.461642,0.679011,0.812996,0.973561,1,0.800306,0.823879,0.602564,0.588261,0.619488,ripple,20,0
recipe:harvey_2023_no_radiatum,literature,temporal_precision,1222,0.289437,0.493535,0.731582,1,1,0.70575,0.752927,0.602564,0.588261,0.619488,ripple,20,0
recipe:harvey_2023_text,literature,iou,1207,0.239816,0.44957,0.571883,0.671961,0.815678,0.563401,0.579455,0.595168,0.581039,0.609781,ripple,20,0
recipe:harvey_2023_text,literature,coverage,1207,0.243393,0.451525,0.573436,0.679321,0.843514,0.566956,0.581488,0.595168,0.581039,0.609781,ripple,20,0
recipe:harvey_2023_text,literature,temporal_precision,1207,0.954062,1,1,1,1,1,1,0.595168,0.581039,0.609781,ripple,20,0
recipe:huelin_gorriz_2023,literature,iou,1097,0.379616,0.575762,0.717817,0.826791,0.9382,0.704602,0.731427,0.501142,0.480655,0.522038,network,20,0
recipe:huelin_gorriz_2023,literature,coverage,1097,0.780749,0.930539,1,1,1,1,1,0.501142,0.480655,0.522038,network,20,0
recipe:huelin_gorriz_2023,literature,temporal_precision,1097,0.386794,0.590534,0.748277,0.878871,1,0.734686,0.758078,0.501142,0.480655,0.522038,network,20,0
recipe:igata_2021,literature,iou,1840,0.310183,0.511803,0.65611,0.778769,0.911696,0.647831,0.662153,0.937819,0.927919,0.947789,burst,20,0
recipe:igata_2021,literature,coverage,1840,0.755569,0.933383,1,1,1,1,1,0.937819,0.927919,0.947789,burst,20,0
recipe:igata_2021,literature,temporal_precision,1840,0.312069,0.526667,0.686138,0.83007,1,0.675678,0.697439,0.937819,0.927919,0.947789,burst,20,0
recipe:igata_2021_ripples,literature,iou,1769,0.46806,0.698361,0.812404,0.887996,0.954687,0.805921,0.821233,0.872288,0.857136,0.888439,ripple,20,0
recipe:igata_2021_ripples,literature,coverage,1769,0.63726,0.816205,0.908672,0.983043,1,0.902578,0.915215,0.872288,0.857136,0.888439,ripple,20,0
recipe:igata_2021_ripples,literature,temporal_precision,1769,0.525226,0.832219,0.959249,1,1,0.952052,0.967375,0.872288,0.857136,0.888439,ripple,20,0
recipe:jadhav_2016,literature,iou,1195,0.404465,0.610062,0.737145,0.828357,0.936609,0.724529,0.745543,0.58925,0.568588,0.61087,ripple,20,0
recipe:jadhav_2016,literature,coverage,1195,0.70825,0.891358,0.982445,1,1,0.973469,0.996042,0.58925,0.568588,0.61087,ripple,20,0
recipe:jadhav_2016,literature,temporal_precision,1195,0.413206,0.642152,0.797835,0.924178,1,0.78175,0.815083,0.58925,0.568588,0.61087,ripple,20,0
recipe:ji_2007,literature,iou,1411,0.248195,0.52332,0.673846,0.795571,0.916516,0.64973,0.693362,0.719164,0.656132,0.771091,burst,20,0
recipe:ji_2007,literature,coverage,1411,0.250385,0.528363,0.694494,0.836716,1,0.665663,0.71959,0.719164,0.656132,0.771091,burst,20,0
recipe:ji_2007,literature,temporal_precision,1411,0.799578,0.980258,1,1,1,1,1,0.719164,0.656132,0.771091,burst,20,0
recipe:ji_2007_ripples,literature,iou,10,0.169629,0.285565,0.385259,0.483044,0.691558,0.260241,0.501799,0.00493097,0.00207361,0.00780164,ripple,20,0
recipe:ji_2007_ripples,literature,coverage,10,0.356779,0.543945,0.800407,0.91564,1,0.602088,0.886402,0.00493097,0.00207361,0.00780164,ripple,20,0
recipe:ji_2007_ripples,literature,temporal_precision,10,0.174767,0.405737,0.492366,0.972706,1,0.405406,0.945412,0.00493097,0.00207361,0.00780164,ripple,20,0
recipe:kaefer_2020,literature,iou,21,0.0889254,0.239567,0.405208,0.475656,0.540757,0.286792,0.466143,0.010355,0.00662549,0.0141344,ripple,20,0
recipe:kaefer_2020,literature,coverage,21,0.370061,1,1,1,1,1,1,0.010355,0.00662549,0.0141344,ripple,20,0
recipe:kaefer_2020,literature,temporal_precision,21,0.0889254,0.239567,0.405208,0.493555,0.540757,0.286792,0.466143,0.010355,0.00662549,0.0141344,ripple,20,0
recipe:karlsson_2009,literature,iou,1467,0.404688,0.611136,0.737705,0.82972,0.936274,0.724934,0.748915,0.723373,0.708684,0.73957,ripple,20,0
recipe:karlsson_2009,literature,coverage,1467,0.711807,0.890187,0.982851,1,1,0.976508,0.99325,0.723373,0.708684,0.73957,ripple,20,0
recipe:karlsson_2009,literature,temporal_precision,1467,0.413268,0.640959,0.794583,0.929265,1,0.781224,0.811078,0.723373,0.708684,0.73957,ripple,20,0
recipe:krause_2022,literature,iou,1349,0.369972,0.546269,0.662193,0.776806,0.901441,0.650893,0.675585,0.616263,0.597747,0.633564,network,20,0
recipe:krause_2022,literature,coverage,1349,0.413939,0.601396,0.725872,0.853471,1,0.713815,0.737883,0.616263,0.597747,0.633564,network,20,0
recipe:krause_2022,literature,temporal_precision,1349,0.546167,0.875558,1,1,1,1,1,0.616263,0.597747,0.633564,network,20,0
recipe:krause_2022_hse,literature,iou,1605,0.26848,0.450204,0.583331,0.727146,0.884378,0.569466,0.600664,0.818043,0.80364,0.832479,burst,20,0
recipe:krause_2022_hse,literature,coverage,1605,0.837814,1,1,1,1,1,1,0.818043,0.80364,0.832479,burst,20,0
recipe:krause_2022_hse,literature,temporal_precision,1605,0.269775,0.454704,0.596003,0.747907,0.952922,0.57857,0.609543,0.818043,0.80364,0.832479,burst,20,0
recipe:kudrimoti_1999,literature,iou,49,0.190627,0.23591,0.27219,0.339405,0.529156,0.244471,0.295231,0.0241617,0.0190896,0.0298121,ripple,20,0
recipe:kudrimoti_1999,literature,coverage,49,0.190627,0.23591,0.27219,0.339405,0.529156,0.244471,0.295231,0.0241617,0.0190896,0.0298121,ripple,20,0
recipe:kudrimoti_1999,literature,temporal_precision,49,1,1,1,1,1,1,1,0.0241617,0.0190896,0.0298121,ripple,20,0
recipe:lee_2002,literature,iou,1854,0.117832,0.261266,0.40629,0.581983,0.815761,0.388859,0.418792,0.944954,0.93529,0.954523,burst,20,0
recipe:lee_2002,literature,coverage,1854,0.365436,0.719348,0.934134,1,1,0.909421,0.962624,0.944954,0.93529,0.954523,burst,20,0
recipe:lee_2002,literature,temporal_precision,1854,0.128251,0.2823,0.466024,0.752925,1,0.449062,0.482897,0.944954,0.93529,0.954523,burst,20,0
recipe:lee_2002_ripples,literature,iou,162,0.166658,0.220794,0.274013,0.339241,0.434641,0.25437,0.288879,0.0798817,0.0704355,0.0897073,ripple,20,0
recipe:lee_2002_ripples,literature,coverage,162,0.166658,0.224998,0.276079,0.344672,0.523831,0.25905,0.291087,0.0798817,0.0704355,0.0897073,ripple,20,0
recipe:lee_2002_ripples,literature,temporal_precision,162,1,1,1,1,1,1,1,0.0798817,0.0704355,0.0897073,ripple,20,0
recipe:liu_2019,literature,iou,1666,0.0724931,0.138664,0.230593,0.369989,0.700924,0.218521,0.240902,0.849134,0.831109,0.866255,burst,20,0
recipe:liu_2019,literature,coverage,1666,0.690335,0.984282,1,1,1,1,1,0.849134,0.831109,0.866255,burst,20,0
recipe:liu_2019,literature,temporal_precision,1666,0.0724931,0.139203,0.233829,0.373713,0.767211,0.221905,0.243398,0.849134,0.831109,0.866255,burst,20,0
recipe:liu_2019_awake,literature,iou,1666,0.0724931,0.138664,0.230593,0.369989,0.700924,0.218521,0.240902,0.849134,0.831109,0.866255,burst,20,0
recipe:liu_2019_awake,literature,coverage,1666,0.690335,0.984282,1,1,1,1,1,0.849134,0.831109,0.866255,burst,20,0
recipe:liu_2019_awake,literature,temporal_precision,1666,0.0724931,0.139203,0.233829,0.373713,0.767211,0.221905,0.243398,0.849134,0.831109,0.866255,burst,20,0
recipe:liu_2023,literature,iou,906,0.467889,0.64287,0.750944,0.835641,0.936221,0.741908,0.761952,0.413888,0.394044,0.432508,network,20,0
recipe:liu_2023,literature,coverage,906,0.686646,0.840833,0.954498,1,1,0.944679,0.96737,0.413888,0.394044,0.432508,network,20,0
recipe:liu_2023,literature,temporal_precision,906,0.50285,0.700197,0.82997,0.9543,1,0.81207,0.842429,0.413888,0.394044,0.432508,network,20,0
recipe:maboudi_2018,literature,iou,1556,0.269544,0.449059,0.579908,0.726234,0.882314,0.567077,0.59617,0.793068,0.780638,0.807073,burst,20,0
recipe:maboudi_2018,literature,coverage,1556,0.859898,1,1,1,1,1,1,0.793068,0.780638,0.807073,burst,20,0
recipe:maboudi_2018,literature,temporal_precision,1556,0.270798,0.451727,0.591702,0.744245,0.938551,0.575162,0.604343,0.793068,0.780638,0.807073,burst,20,0
recipe:maboudi_2018_open_field,literature,iou,1448,0.467125,0.655245,0.767808,0.854204,0.935306,0.758,0.775076,0.738022,0.7232,0.754123,burst,20,0
recipe:maboudi_2018_open_field,literature,coverage,1448,0.605771,0.815468,0.919078,1,1,0.909377,0.926823,0.738022,0.7232,0.754123,burst,20,0
recipe:maboudi_2018_open_field,literature,temporal_precision,1448,0.518363,0.760373,0.894186,1,1,0.878091,0.904659,0.738022,0.7232,0.754123,burst,20,0
recipe:mallory_2025,literature,iou,1495,0.366514,0.575739,0.710134,0.812144,0.925329,0.698495,0.719593,0.761978,0.748592,0.775323,burst,20,0
recipe:mallory_2025,literature,coverage,1495,0.762308,0.942778,1,1,1,1,1,0.761978,0.748592,0.775323,burst,20,0
recipe:mallory_2025,literature,temporal_precision,1495,0.379817,0.59526,0.742799,0.866634,1,0.730309,0.753611,0.761978,0.748592,0.775323,burst,20,0
recipe:mallory_2025_ripples,literature,iou,1406,0.286685,0.476364,0.629297,0.785714,0.913401,0.617997,0.641683,0.693294,0.678155,0.709338,ripple,20,0
recipe:mallory_2025_ripples,literature,coverage,1406,0.795302,0.939014,1,1,1,1,1,0.693294,0.678155,0.709338,ripple,20,0
recipe:mallory_2025_ripples,literature,temporal_precision,1406,0.287023,0.480917,0.652056,0.831765,1,0.633192,0.669987,0.693294,0.678155,0.709338,ripple,20,0
recipe:michon_2019,literature,iou,554,0.553593,0.705304,0.798211,0.87536,0.949523,0.787474,0.810895,0.253084,0.237181,0.269451,network,20,0
recipe:michon_2019,literature,coverage,554,0.699641,0.853666,0.943803,1,1,0.930962,0.954206,0.253084,0.237181,0.269451,network,20,0
recipe:michon_2019,literature,temporal_precision,554,0.57947,0.778449,0.890784,0.978239,1,0.878497,0.903896,0.253084,0.237181,0.269451,network,20,0
recipe:michon_2021,literature,iou,554,0.553593,0.705304,0.798211,0.87536,0.949523,0.787474,0.810895,0.253084,0.237181,0.269451,network,20,0
recipe:michon_2021,literature,coverage,554,0.699641,0.853666,0.943803,1,1,0.930962,0.954206,0.253084,0.237181,0.269451,network,20,0
recipe:michon_2021,literature,temporal_precision,554,0.57947,0.778449,0.890784,0.978239,1,0.878497,0.903896,0.253084,0.237181,0.269451,network,20,0
recipe:mou_2022,literature,iou,1681,0.176956,0.330933,0.479863,0.637621,0.845614,0.44243,0.5134,0.856779,0.832649,0.879259,burst,20,0
recipe:mou_2022,literature,coverage,1681,0.89214,1,1,1,1,1,1,0.856779,0.832649,0.879259,burst,20,0
recipe:mou_2022,literature,temporal_precision,1681,0.177423,0.330933,0.482957,0.646797,0.887154,0.445716,0.517468,0.856779,0.832649,0.879259,burst,20,0
recipe:muessig_2019,literature,iou,220,0.45476,0.581002,0.675182,0.757302,0.867962,0.651821,0.704833,0.100503,0.0899051,0.111267,network,20,0
recipe:muessig_2019,literature,coverage,220,0.45476,0.584691,0.675182,0.760656,0.872996,0.653196,0.706875,0.100503,0.0899051,0.111267,network,20,0
recipe:muessig_2019,literature,temporal_precision,220,0.985118,1,1,1,1,1,1,0.100503,0.0899051,0.111267,network,20,0
recipe:muessig_2019_ripples,literature,iou,1790,0.332792,0.579741,0.729875,0.839675,0.952003,0.72207,0.736286,0.882643,0.867834,0.897691,ripple,20,0
recipe:muessig_2019_ripples,literature,coverage,1790,0.671273,0.793721,0.998569,1,1,0.982456,1,0.882643,0.867834,0.897691,ripple,20,0
recipe:muessig_2019_ripples,literature,temporal_precision,1790,0.349322,0.590961,0.871979,1,1,0.849328,0.886511,0.882643,0.867834,0.897691,ripple,20,0
recipe:nadasdy_1999,literature,iou,949,0.571282,0.710562,0.786255,0.856134,0.927802,0.779933,0.794881,0.467949,0.450096,0.487869,ripple,20,0
recipe:nadasdy_1999,literature,coverage,949,0.613524,0.749838,0.831707,0.910507,1,0.822943,0.839709,0.467949,0.450096,0.487869,ripple,20,0
recipe:nadasdy_1999,literature,temporal_precision,949,0.701559,0.929071,1,1,1,1,1,0.467949,0.450096,0.487869,ripple,20,0
recipe:olafsdottir_2015,literature,iou,1307,0.364871,0.560162,0.676462,0.794121,0.902331,0.664743,0.686125,0.666157,0.647954,0.684347,burst,20,0
recipe:olafsdottir_2015,literature,coverage,1307,0.509113,0.696325,0.82864,0.955342,1,0.817684,0.844571,0.666157,0.647954,0.684347,burst,20,0
recipe:olafsdottir_2015,literature,temporal_precision,1307,0.412437,0.700587,0.873875,1,1,0.857043,0.896236,0.666157,0.647954,0.684347,burst,20,0
recipe:olafsdottir_2015.bayesian_candidates,literature,iou,1176,0.375497,0.574995,0.685438,0.799624,0.905036,0.673982,0.693842,0.599388,0.578573,0.619991,burst,20,0
recipe:olafsdottir_2015.bayesian_candidates,literature,coverage,1176,0.55133,0.714243,0.844347,0.965964,1,0.828748,0.859308,0.599388,0.578573,0.619991,burst,20,0
recipe:olafsdottir_2015.bayesian_candidates,literature,temporal_precision,1176,0.411501,0.70095,0.869622,1,1,0.853231,0.888569,0.599388,0.578573,0.619991,burst,20,0
recipe:olafsdottir_2016,literature,iou,1098,0.414544,0.586348,0.715621,0.815167,0.913929,0.70863,0.725549,0.559633,0.539038,0.582807,burst,20,0
recipe:olafsdottir_2016,literature,coverage,1098,0.417615,0.610246,0.760209,0.884674,1,0.742268,0.775565,0.559633,0.539038,0.582807,burst,20,0
recipe:olafsdottir_2016,literature,temporal_precision,1098,0.731412,0.914083,1,1,1,1,1,0.559633,0.539038,0.582807,burst,20,0
recipe:olafsdottir_2017,literature,iou,1457,0.313477,0.519549,0.677349,0.796936,0.910837,0.6647,0.689536,0.74261,0.721023,0.760915,burst,20,0
recipe:olafsdottir_2017,literature,coverage,1457,0.313692,0.539303,0.709574,0.860941,1,0.696803,0.726549,0.74261,0.721023,0.760915,burst,20,0
recipe:olafsdottir_2017,literature,temporal_precision,1457,0.717007,0.920463,1,1,1,1,1,0.74261,0.721023,0.760915,burst,20,0
recipe:olafsdottir_2017.trajectory,literature,iou,1098,0.414544,0.586348,0.715621,0.815167,0.913929,0.70863,0.725549,0.559633,0.539038,0.582807,burst,20,0
recipe:olafsdottir_2017.trajectory,literature,coverage,1098,0.417615,0.610246,0.760209,0.884674,1,0.742268,0.775565,0.559633,0.539038,0.582807,burst,20,0
recipe:olafsdottir_2017.trajectory,literature,temporal_precision,1098,0.731412,0.914083,1,1,1,1,1,0.559633,0.539038,0.582807,burst,20,0
recipe:pfeiffer_2013,literature,iou,1448,0.467125,0.655245,0.767808,0.854204,0.935306,0.758,0.775076,0.738022,0.7232,0.754123,burst,20,0
recipe:pfeiffer_2013,literature,coverage,1448,0.605771,0.815468,0.919078,1,1,0.909377,0.926823,0.738022,0.7232,0.754123,burst,20,0
recipe:pfeiffer_2013,literature,temporal_precision,1448,0.518363,0.760373,0.894186,1,1,0.878091,0.904659,0.738022,0.7232,0.754123,burst,20,0
recipe:pfeiffer_2013_ripples,literature,iou,1476,0.281517,0.46801,0.633812,0.788374,0.919044,0.61251,0.647592,0.727811,0.710054,0.746416,ripple,20,0
recipe:pfeiffer_2013_ripples,literature,coverage,1476,0.834604,0.973236,1,1,1,1,1,0.727811,0.710054,0.746416,ripple,20,0
recipe:pfeiffer_2013_ripples,literature,temporal_precision,1476,0.281517,0.469862,0.645421,0.82056,1,0.624955,0.661432,0.727811,0.710054,0.746416,ripple,20,0
recipe:pfeiffer_2015,literature,iou,1476,0.281517,0.46801,0.633812,0.788374,0.919044,0.61251,0.647592,0.727811,0.710054,0.746416,ripple,20,0
recipe:pfeiffer_2015,literature,coverage,1476,0.834604,0.973236,1,1,1,1,1,0.727811,0.710054,0.746416,ripple,20,0
recipe:pfeiffer_2015,literature,temporal_precision,1476,0.281517,0.469862,0.645421,0.82056,1,0.624955,0.661432,0.727811,0.710054,0.746416,ripple,20,0
recipe:shin_2019,literature,iou,1467,0.404688,0.611136,0.737705,0.82972,0.936274,0.724934,0.748915,0.723373,0.708684,0.73957,ripple,20,0
recipe:shin_2019,literature,coverage,1467,0.711807,0.890187,0.982851,1,1,0.976508,0.99325,0.723373,0.708684,0.73957,ripple,20,0
recipe:shin_2019,literature,temporal_precision,1467,0.413268,0.640959,0.794583,0.929265,1,0.781224,0.811078,0.723373,0.708684,0.73957,ripple,20,0
recipe:silva_2015,literature,iou,1186,0.424606,0.632045,0.747404,0.840988,0.931506,0.735763,0.755922,0.604485,0.582871,0.626329,burst,20,0
recipe:silva_2015,literature,coverage,1186,0.734434,0.897885,0.99717,1,1,0.987006,1,0.604485,0.582871,0.626329,burst,20,0
recipe:silva_2015,literature,temporal_precision,1186,0.433796,0.658574,0.797074,0.920005,1,0.781184,0.812104,0.604485,0.582871,0.626329,burst,20,0
recipe:stella_2019,literature,iou,1339,0.383806,0.545989,0.650773,0.736878,0.852685,0.642076,0.657991,0.660256,0.644734,0.678496,ripple,20,0
recipe:stella_2019,literature,coverage,1339,0.386469,0.549032,0.654332,0.745063,0.880685,0.64629,0.662153,0.660256,0.644734,0.678496,ripple,20,0
recipe:stella_2019,literature,temporal_precision,1339,0.950747,1,1,1,1,1,1,0.660256,0.644734,0.678496,ripple,20,0
recipe:tang_2017,literature,iou,1467,0.404688,0.611136,0.737705,0.82972,0.936274,0.724934,0.748915,0.723373,0.708684,0.73957,ripple,20,0
recipe:tang_2017,literature,coverage,1467,0.711807,0.890187,0.982851,1,1,0.976508,0.99325,0.723373,0.708684,0.73957,ripple,20,0
recipe:tang_2017,literature,temporal_precision,1467,0.413268,0.640959,0.794583,0.929265,1,0.781224,0.811078,0.723373,0.708684,0.73957,ripple,20,0
recipe:tirole_2022,literature,iou,1097,0.379616,0.575762,0.717817,0.826791,0.9382,0.704602,0.731427,0.501142,0.480655,0.522038,network,20,0
recipe:tirole_2022,literature,coverage,1097,0.780749,0.930539,1,1,1,1,1,0.501142,0.480655,0.522038,network,20,0
recipe:tirole_2022,literature,temporal_precision,1097,0.386794,0.590534,0.748277,0.878871,1,0.734686,0.758078,0.501142,0.480655,0.522038,network,20,0
recipe:widloski_2025,literature,iou,1033,0.074216,0.128739,0.190598,0.266878,0.369929,0.17872,0.198975,0.509369,0.487638,0.534297,ripple,20,0
recipe:widloski_2025,literature,coverage,1033,1,1,1,1,1,1,1,0.509369,0.487638,0.534297,ripple,20,0
recipe:widloski_2025,literature,temporal_precision,1033,0.074216,0.128739,0.190598,0.266878,0.369929,0.17872,0.198975,0.509369,0.487638,0.534297,ripple,20,0
recipe:widloski_2025_bursts,literature,iou,1015,0.103015,0.170149,0.246661,0.352007,0.482221,0.235636,0.256685,0.517329,0.488844,0.546905,burst,20,0
recipe:widloski_2025_bursts,literature,coverage,1015,1,1,1,1,1,1,1,0.517329,0.488844,0.546905,burst,20,0
recipe:widloski_2025_bursts,literature,temporal_precision,1015,0.103015,0.170149,0.246661,0.352007,0.482221,0.235636,0.256685,0.517329,0.488844,0.546905,burst,20,0
recipe:wikenheiser_2013,literature,iou,1692,0.064422,0.129226,0.202852,0.298187,0.490686,0.190162,0.217745,0.83432,0.819184,0.85064,ripple,20,0
recipe:wikenheiser_2013,literature,coverage,1692,1,1,1,1,1,1,1,0.83432,0.819184,0.85064,ripple,20,0
recipe:wikenheiser_2013,literature,temporal_precision,1692,0.064422,0.129226,0.202927,0.299827,0.490686,0.190373,0.21823,0.83432,0.819184,0.85064,ripple,20,0
recipe:wu_2014,literature,iou,1672,0.315348,0.534715,0.675544,0.793502,0.912651,0.665423,0.686806,0.852192,0.838233,0.866635,burst,20,0
recipe:wu_2014,literature,coverage,1672,0.682111,0.92974,1,1,1,1,1,0.852192,0.838233,0.866635,burst,20,0
recipe:wu_2014,literature,temporal_precision,1672,0.324992,0.55927,0.714263,0.851599,1,0.699957,0.723974,0.852192,0.838233,0.866635,burst,20,0
recipe:wu_2017,literature,iou,1052,0.379859,0.536545,0.668276,0.782061,0.911703,0.652324,0.681007,0.536188,0.520512,0.55288,burst,20,0
recipe:wu_2017,literature,coverage,1052,0.393468,0.55926,0.709101,0.861154,1,0.687841,0.730357,0.536188,0.520512,0.55288,burst,20,0
recipe:wu_2017,literature,temporal_precision,1052,0.685439,0.909892,1,1,1,1,1,0.536188,0.520512,0.55288,burst,20,0
recipe:xu_2019,literature,iou,1479,0.315214,0.523121,0.676544,0.789086,0.906998,0.6678,0.691022,0.753823,0.739083,0.768763,burst,20,0
recipe:xu_2019,literature,coverage,1479,0.706797,0.872712,0.987155,1,1,0.976101,0.998635,0.753823,0.739083,0.768763,burst,20,0
recipe:xu_2019,literature,temporal_precision,1479,0.324838,0.553669,0.732464,0.865386,1,0.715865,0.745287,0.753823,0.739083,0.768763,burst,20,0
recipe:yamamoto_2017,literature,iou,1220,0.152932,0.30679,0.441889,0.568749,0.749743,0.430826,0.45015,0.557332,0.537441,0.578052,network,20,0
recipe:yamamoto_2017,literature,coverage,1220,0.153057,0.30679,0.442232,0.571303,0.758255,0.431369,0.451504,0.557332,0.537441,0.578052,network,20,0
recipe:yamamoto_2017,literature,temporal_precision,1220,0.986262,1,1,1,1,1,1,0.557332,0.537441,0.578052,network,20,0
recipe:yang_2024,literature,iou,906,0.408645,0.595048,0.723171,0.826478,0.918679,0.705949,0.739037,0.413888,0.395364,0.43318,network,20,0
recipe:yang_2024,literature,coverage,906,0.770542,0.918116,1,1,1,1,1,0.413888,0.395364,0.43318,network,20,0
recipe:yang_2024,literature,temporal_precision,906,0.409949,0.616894,0.768442,0.88253,1,0.747786,0.780739,0.413888,0.395364,0.43318,network,20,0
