expression,method_a,method_b,fraction,n_shared,n_sessions,n_sessions_without,jaccard_truth_ids,onset_signed_pooled,onset_signed_estimate,onset_signed_low,onset_signed_high,onset_signed_p,onset_signed_n_dropped,onset_absolute_pooled,onset_absolute_estimate,onset_absolute_low,onset_absolute_high,onset_absolute_p,onset_absolute_n_dropped,offset_signed_pooled,offset_signed_estimate,offset_signed_low,offset_signed_high,offset_signed_p,offset_signed_n_dropped,offset_absolute_pooled,offset_absolute_estimate,offset_absolute_low,offset_absolute_high,offset_absolute_p,offset_absolute_n_dropped,n_failures_a,n_failures_b
network,Carey_candidate_detector,recipe:bhattarai_2020,0.1,793,20,0,0.444565,0.0826667,0.0849333,0.0750154,0.0961667,9.999e-05,0,-0.0694821,-0.0726608,-0.0835334,-0.0621172,9.999e-05,0,-0.00466667,-0.00796667,-0.0152175,-0.00113333,0.0382962,0,-0.0389516,-0.0398218,-0.0446139,-0.035223,9.999e-05,0,0,0
network,Carey_candidate_detector,recipe:bhattarai_2020,0.25,793,20,0,0.444565,0.0826667,0.0849333,0.0750154,0.0961667,9.999e-05,0,-0.0793333,-0.0780351,-0.0893502,-0.0672683,9.999e-05,0,-0.00466667,-0.00796667,-0.0152175,-0.00113333,0.0382962,0,-0.0401988,-0.0398152,-0.0461346,-0.0334944,9.999e-05,0,0,0
network,Carey_candidate_detector,recipe:bhattarai_2020,0.5,793,20,0,0.444565,0.0826667,0.0849333,0.0750154,0.0961667,9.999e-05,0,-0.0806667,-0.0804018,-0.0916023,-0.0699496,9.999e-05,0,-0.00466667,-0.00796667,-0.0152175,-0.00113333,0.0382962,0,-0.0319286,-0.031989,-0.0378893,-0.0264565,9.999e-05,0,0,0
network,Carey_candidate_detector,recipe:carey_2019,0.1,1761,20,0,0.961404,-0.01,-0.00973333,-0.0106,-0.00896667,9.999e-05,0,-0.006,-0.00619812,-0.00668529,-0.00575946,9.999e-05,0,0.0106667,0.0107,0.0099,0.0116333,9.999e-05,0,-0.00733333,-0.00747891,-0.00802693,-0.00701253,9.999e-05,0,0,0
network,Carey_candidate_detector,recipe:carey_2019,0.25,1761,20,0,0.961404,-0.01,-0.00973333,-0.0106,-0.00896667,9.999e-05,0,0.00466667,0.00456318,0.00375158,0.00530644,9.999e-05,0,0.0106667,0.0107,0.0099,0.0116333,9.999e-05,0,0.0052968,0.00503912,0.00416519,0.00594587,9.999e-05,0,0,0
network,Carey_candidate_detector,recipe:carey_2019,0.5,1761,20,0,0.961404,-0.01,-0.00973333,-0.0106,-0.00896667,9.999e-05,0,0.008,0.00780284,0.00726645,0.00837056,9.999e-05,0,0.0106667,0.0107,0.0099,0.0116333,9.999e-05,0,0.00866667,0.00903953,0.00833937,0.0098062,9.999e-05,0,0,0
network,Carey_candidate_detector,recipe:grosmark_2016,0.1,905,20,0,0.507488,0.014,0.0138667,0.0123162,0.0156167,9.999e-05,0,-0.00733333,-0.00783428,-0.00946414,-0.00634493,9.999e-05,0,-0.0146667,-0.0153333,-0.0172,-0.01365,9.999e-05,0,-0.00677625,-0.00758352,-0.00893655,-0.00634286,9.999e-05,0,0,0
network,Carey_candidate_detector,recipe:grosmark_2016,0.25,905,20,0,0.507488,0.014,0.0138667,0.0123162,0.0156167,9.999e-05,0,-0.012,-0.0122074,-0.0140688,-0.0105109,9.999e-05,0,-0.0146667,-0.0153333,-0.0172,-0.01365,9.999e-05,0,-0.0126667,-0.0130794,-0.0146764,-0.0116499,9.999e-05,0,0,0
network,Carey_candidate_detector,recipe:grosmark_2016,0.5,905,20,0,0.507488,0.014,0.0138667,0.0123162,0.0156167,9.999e-05,0,-0.0133333,-0.0135725,-0.015348,-0.0119364,9.999e-05,0,-0.0146667,-0.0153333,-0.0172,-0.01365,9.999e-05,0,-0.0146667,-0.0152772,-0.0170837,-0.0136611,9.999e-05,0,0,0
network,Carey_candidate_detector,recipe:huelin_gorriz_2023,0.1,1095,20,0,0.613416,0.0126667,0.0126333,0.0116496,0.0137004,9.999e-05,0,-0.008,-0.00799461,-0.00908481,-0.00696873,9.999e-05,0,-0.0153333,-0.0156833,-0.0166,-0.0147333,9.999e-05,0,-0.00837014,-0.00870381,-0.0101711,-0.00714148,9.999e-05,0,0,0
network,Carey_candidate_detector,recipe:huelin_gorriz_2023,0.25,1095,20,0,0.613416,0.0126667,0.0126333,0.0116496,0.0137004,9.999e-05,0,-0.0106957,-0.0109667,-0.0121833,-0.00981667,9.999e-05,0,-0.0153333,-0.0156833,-0.0166,-0.0147333,9.999e-05,0,-0.0133661,-0.0139449,-0.0147668,-0.0130882,9.999e-05,0,0,0
network,Carey_candidate_detector,recipe:huelin_gorriz_2023,0.5,1095,20,0,0.613416,0.0126667,0.0126333,0.0116496,0.0137004,9.999e-05,0,-0.012,-0.0119341,-0.0131036,-0.0108745,9.999e-05,0,-0.0153333,-0.0156833,-0.0166,-0.0147333,9.999e-05,0,-0.0146667,-0.0151333,-0.0160833,-0.0141667,9.999e-05,0,0,0
network,Carey_candidate_detector,recipe:krause_2022,0.1,1339,20,0,0.74551,-0.0133333,-0.0132583,-0.01455,-0.0119083,9.999e-05,0,-0.008335,-0.00831022,-0.00930894,-0.00725541,9.999e-05,0,0.0136667,0.0137667,0.0125996,0.0149585,9.999e-05,0,-0.00928229,-0.00933325,-0.010859,-0.0078011,9.999e-05,0,0,0
network,Carey_candidate_detector,recipe:krause_2022,0.25,1339,20,0,0.74551,-0.0133333,-0.0132583,-0.01455,-0.0119083,9.999e-05,0,-0.00192441,-0.00173306,-0.00295825,-0.000554219,0.0117988,0,0.0136667,0.0137667,0.0125996,0.0149585,9.999e-05,0,-0.00157382,-0.00130952,-0.00288036,0.00022353,0.114989,0,0,0
network,Carey_candidate_detector,recipe:krause_2022,0.5,1339,20,0,0.74551,-0.0133333,-0.0132583,-0.01455,-0.0119083,9.999e-05,0,0.00533333,0.00561656,0.00435757,0.00696905,9.999e-05,0,0.0136667,0.0137667,0.0125996,0.0149585,9.999e-05,0,0.00833333,0.00830286,0.00709795,0.00951139,9.999e-05,0,0,0
network,Carey_candidate_detector,recipe:liu_2023,0.1,904,20,0,0.506043,0.00733333,0.00743333,0.00583333,0.00903375,9.999e-05,0,-0.006,-0.00605813,-0.00724864,-0.00500819,9.999e-05,0,-0.00866667,-0.00931667,-0.0113004,-0.00746667,9.999e-05,0,-0.00466667,-0.00474875,-0.00603896,-0.00342635,9.999e-05,0,0,0
network,Carey_candidate_detector,recipe:liu_2023,0.25,904,20,0,0.506043,0.00733333,0.00743333,0.00583333,0.00903375,9.999e-05,0,-0.00835777,-0.00880151,-0.0102864,-0.00738538,9.999e-05,0,-0.00866667,-0.00931667,-0.0113004,-0.00746667,9.999e-05,0,-0.00933333,-0.00899454,-0.0100571,-0.00789571,9.999e-05,0,0,0
network,Carey_candidate_detector,recipe:liu_2023,0.5,904,20,0,0.506043,0.00733333,0.00743333,0.00583333,0.00903375,9.999e-05,0,-0.00866667,-0.00882081,-0.0101953,-0.00745779,9.999e-05,0,-0.00866667,-0.00931667,-0.0113004,-0.00746667,9.999e-05,0,-0.01,-0.00965958,-0.0113587,-0.00793669,9.999e-05,0,0,0
network,Carey_candidate_detector,recipe:michon_2019,0.1,554,20,0,0.311396,0.00266667,0.00258333,0.00193333,0.00331667,9.999e-05,0,-0.00133333,-0.00157076,-0.00212656,-0.00104211,9.999e-05,0,-0.004,-0.00426667,-0.00516708,-0.00333333,9.999e-05,0,-0.002,-0.00203232,-0.00262546,-0.00148331,9.999e-05,0,0,0
network,Carey_candidate_detector,recipe:michon_2019,0.25,554,20,0,0.311396,0.00266667,0.00258333,0.00193333,0.00331667,9.999e-05,0,-0.002,-0.00232469,-0.00296513,-0.00179132,9.999e-05,0,-0.004,-0.00426667,-0.00516708,-0.00333333,9.999e-05,0,-0.00333333,-0.00348231,-0.00421567,-0.00273331,9.999e-05,0,0,0
network,Carey_candidate_detector,recipe:michon_2019,0.5,554,20,0,0.311396,0.00266667,0.00258333,0.00193333,0.00331667,9.999e-05,0,-0.00266667,-0.00257773,-0.00325014,-0.00201653,9.999e-05,0,-0.004,-0.00426667,-0.00516708,-0.00333333,9.999e-05,0,-0.004,-0.00389621,-0.00480083,-0.00303369,9.999e-05,0,0,0
network,Carey_candidate_detector,recipe:michon_2021,0.1,554,20,0,0.311396,0.00266667,0.00258333,0.00193333,0.00331667,9.999e-05,0,-0.00133333,-0.00157076,-0.00212656,-0.00104211,9.999e-05,0,-0.004,-0.00426667,-0.00516708,-0.00333333,9.999e-05,0,-0.002,-0.00203232,-0.00262546,-0.00148331,9.999e-05,0,0,0
network,Carey_candidate_detector,recipe:michon_2021,0.25,554,20,0,0.311396,0.00266667,0.00258333,0.00193333,0.00331667,9.999e-05,0,-0.002,-0.00232469,-0.00296513,-0.00179132,9.999e-05,0,-0.004,-0.00426667,-0.00516708,-0.00333333,9.999e-05,0,-0.00333333,-0.00348231,-0.00421567,-0.00273331,9.999e-05,0,0,0
network,Carey_candidate_detector,recipe:michon_2021,0.5,554,20,0,0.311396,0.00266667,0.00258333,0.00193333,0.00331667,9.999e-05,0,-0.00266667,-0.00257773,-0.00325014,-0.00201653,9.999e-05,0,-0.004,-0.00426667,-0.00516708,-0.00333333,9.999e-05,0,-0.004,-0.00389621,-0.00480083,-0.00303369,9.999e-05,0,0,0
network,Carey_candidate_detector,recipe:muessig_2019,0.1,220,20,0,0.123919,-0.0243333,-0.0266,-0.0309333,-0.0227,9.999e-05,0,-0.0124644,-0.0123285,-0.0169156,-0.00797998,0.00019998,0,0.024,0.0265333,0.0218988,0.03185,9.999e-05,0,-0.0153333,-0.0172966,-0.0213033,-0.0138994,9.999e-05,0,0,0
network,Carey_candidate_detector,recipe:muessig_2019,0.25,220,20,0,0.123919,-0.0243333,-0.0266,-0.0309333,-0.0227,9.999e-05,0,0.00338868,0.00171234,-0.00402186,0.00635701,0.541446,0,0.024,0.0265333,0.0218988,0.03185,9.999e-05,0,0.002,0.00139669,-0.00354099,0.0059606,0.578742,0,0,0
network,Carey_candidate_detector,recipe:muessig_2019,0.5,220,20,0,0.123919,-0.0243333,-0.0266,-0.0309333,-0.0227,9.999e-05,0,0.0114125,0.0103492,0.00610894,0.0140644,0.00039996,0,0.024,0.0265333,0.0218988,0.03185,9.999e-05,0,0.0153333,0.01536,0.0128235,0.0177852,9.999e-05,0,0,0
network,Carey_candidate_detector,recipe:tirole_2022,0.1,1095,20,0,0.613416,0.0126667,0.0126333,0.0116496,0.0137004,9.999e-05,0,-0.008,-0.00799461,-0.00908481,-0.00696873,9.999e-05,0,-0.0153333,-0.0156833,-0.0166,-0.0147333,9.999e-05,0,-0.00837014,-0.00870381,-0.0101711,-0.00714148,9.999e-05,0,0,0
network,Carey_candidate_detector,recipe:tirole_2022,0.25,1095,20,0,0.613416,0.0126667,0.0126333,0.0116496,0.0137004,9.999e-05,0,-0.0106957,-0.0109667,-0.0121833,-0.00981667,9.999e-05,0,-0.0153333,-0.0156833,-0.0166,-0.0147333,9.999e-05,0,-0.0133661,-0.0139449,-0.0147668,-0.0130882,9.999e-05,0,0,0
network,Carey_candidate_detector,recipe:tirole_2022,0.5,1095,20,0,0.613416,0.0126667,0.0126333,0.0116496,0.0137004,9.999e-05,0,-0.012,-0.0119341,-0.0131036,-0.0108745,9.999e-05,0,-0.0153333,-0.0156833,-0.0166,-0.0147333,9.999e-05,0,-0.0146667,-0.0151333,-0.0160833,-0.0141667,9.999e-05,0,0,0
network,Carey_candidate_detector,recipe:yamamoto_2017,0.1,1218,20,0,0.680806,-0.026,-0.0261333,-0.0270167,-0.0252333,9.999e-05,0,-0.0173333,-0.0177367,-0.0189119,-0.0165922,9.999e-05,0,0.0306667,0.0315,0.0294,0.0336838,9.999e-05,0,-0.022,-0.0219596,-0.0234259,-0.0204857,9.999e-05,0,0,0
network,Carey_candidate_detector,recipe:yamamoto_2017,0.25,1218,20,0,0.680806,-0.026,-0.0261333,-0.0270167,-0.0252333,9.999e-05,0,-0.00870532,-0.00755267,-0.00936145,-0.00550337,0.00019998,0,0.0306667,0.0315,0.0294,0.0336838,9.999e-05,0,-0.00931737,-0.00934844,-0.0112506,-0.00727473,9.999e-05,0,0,0
network,Carey_candidate_detector,recipe:yamamoto_2017,0.5,1218,20,0,0.680806,-0.026,-0.0261333,-0.0270167,-0.0252333,9.999e-05,0,0.00861845,0.00815751,0.00695848,0.0093261,9.999e-05,0,0.0306667,0.0315,0.0294,0.0336838,9.999e-05,0,0.0113333,0.0114127,0.0102266,0.0124756,9.999e-05,0,0,0
network,Carey_candidate_detector,recipe:yang_2024,0.1,905,20,0,0.507488,0.014,0.0138667,0.0123162,0.0156167,9.999e-05,0,-0.00733333,-0.00783428,-0.00946414,-0.00634493,9.999e-05,0,-0.0146667,-0.0153333,-0.0172,-0.01365,9.999e-05,0,-0.00677625,-0.00758352,-0.00893655,-0.00634286,9.999e-05,0,0,0
network,Carey_candidate_detector,recipe:yang_2024,0.25,905,20,0,0.507488,0.014,0.0138667,0.0123162,0.0156167,9.999e-05,0,-0.012,-0.0122074,-0.0140688,-0.0105109,9.999e-05,0,-0.0146667,-0.0153333,-0.0172,-0.01365,9.999e-05,0,-0.0126667,-0.0130794,-0.0146764,-0.0116499,9.999e-05,0,0,0
network,Carey_candidate_detector,recipe:yang_2024,0.5,905,20,0,0.507488,0.014,0.0138667,0.0123162,0.0156167,9.999e-05,0,-0.0133333,-0.0135725,-0.015348,-0.0119364,9.999e-05,0,-0.0146667,-0.0153333,-0.0172,-0.01365,9.999e-05,0,-0.0146667,-0.0152772,-0.0170837,-0.0136611,9.999e-05,0,0,0
network,recipe:bhattarai_2020,recipe:carey_2019,0.1,793,20,0,0.43915,-0.0973333,-0.0985833,-0.10825,-0.08985,9.999e-05,0,0.0638424,0.0668233,0.0557782,0.0789602,9.999e-05,0,0.0226667,0.0221,0.0149496,0.0296008,9.999e-05,0,0.0333333,0.0355469,0.0311821,0.0401296,9.999e-05,0,0,0
network,recipe:bhattarai_2020,recipe:carey_2019,0.25,793,20,0,0.43915,-0.0973333,-0.0985833,-0.10825,-0.08985,9.999e-05,0,0.0820437,0.08068,0.0694032,0.092578,9.999e-05,0,0.0226667,0.0221,0.0149496,0.0296008,9.999e-05,0,0.0426667,0.0437648,0.038437,0.0494383,9.999e-05,0,0,0
network,recipe:bhattarai_2020,recipe:carey_2019,0.5,793,20,0,0.43915,-0.0973333,-0.0985833,-0.10825,-0.08985,9.999e-05,0,0.09,0.0894531,0.0782932,0.101007,9.999e-05,0,0.0226667,0.0221,0.0149496,0.0296008,9.999e-05,0,0.042,0.0423224,0.036418,0.0482203,9.999e-05,0,0,0
network,recipe:bhattarai_2020,recipe:grosmark_2016,0.1,659,20,0,0.630001,-0.0653333,-0.06195,-0.0766346,-0.0463829,9.999e-05,0,0.0573333,0.0610593,0.0500563,0.0723201,9.999e-05,0,-0.0186667,-0.02025,-0.0250688,-0.0164333,9.999e-05,0,0.0275865,0.0302692,0.0259215,0.0349234,9.999e-05,0,0,0
network,recipe:bhattarai_2020,recipe:grosmark_2016,0.25,659,20,0,0.630001,-0.0653333,-0.06195,-0.0766346,-0.0463829,9.999e-05,0,0.0613333,0.0624986,0.0505713,0.0749477,9.999e-05,0,-0.0186667,-0.02025,-0.0250688,-0.0164333,9.999e-05,0,0.0166667,0.0173374,0.0107644,0.0242944,0.00029997,0,0,0
network,recipe:bhattarai_2020,recipe:grosmark_2016,0.5,659,20,0,0.630001,-0.0653333,-0.06195,-0.0766346,-0.0463829,9.999e-05,0,0.062,0.0618764,0.0484119,0.0752271,9.999e-05,0,-0.0186667,-0.02025,-0.0250688,-0.0164333,9.999e-05,0,-0.00733333,0.000725648,-0.00518471,0.00748421,0.829217,0,0,0
network,recipe:bhattarai_2020,recipe:huelin_gorriz_2023,0.1,714,20,0,0.607266,-0.0583333,-0.0588833,-0.0741187,-0.0435325,9.999e-05,0,0.0520238,0.0582796,0.047137,0.0700403,9.999e-05,0,-0.0186667,-0.0221167,-0.0275004,-0.0170663,9.999e-05,0,0.0298032,0.0307511,0.0264346,0.0352613,9.999e-05,0,0,0
network,recipe:bhattarai_2020,recipe:huelin_gorriz_2023,0.25,714,20,0,0.607266,-0.0583333,-0.0588833,-0.0741187,-0.0435325,9.999e-05,0,0.0553333,0.0589993,0.0460778,0.0722222,9.999e-05,0,-0.0186667,-0.0221167,-0.0275004,-0.0170663,9.999e-05,0,0.0209868,0.0193168,0.0153911,0.0232059,9.999e-05,0,0,0
network,recipe:bhattarai_2020,recipe:huelin_gorriz_2023,0.5,714,20,0,0.607266,-0.0583333,-0.0588833,-0.0741187,-0.0435325,9.999e-05,0,0.057,0.0597698,0.0466073,0.073159,9.999e-05,0,-0.0186667,-0.0221167,-0.0275004,-0.0170663,9.999e-05,0,0.00718312,0.00746374,0.00185408,0.0132286,0.0140986,0,0,0
network,recipe:bhattarai_2020,recipe:krause_2022,0.1,789,20,0,0.58381,-0.0886667,-0.0907083,-0.10236,-0.079591,9.999e-05,0,0.057534,0.0592401,0.0482802,0.0710542,9.999e-05,0,0.0136667,0.0174417,0.00874083,0.0263677,0.00079992,0,0.0262808,0.0281553,0.0233591,0.0327479,9.999e-05,0,0,0
network,recipe:bhattarai_2020,recipe:krause_2022,0.25,789,20,0,0.58381,-0.0886667,-0.0907083,-0.10236,-0.079591,9.999e-05,0,0.0704049,0.073357,0.0636972,0.0836992,9.999e-05,0,0.0136667,0.0174417,0.00874083,0.0263677,0.00079992,0,0.0347257,0.0350266,0.0296087,0.0400424,9.999e-05,0,0,0
network,recipe:bhattarai_2020,recipe:krause_2022,0.5,789,20,0,0.58381,-0.0886667,-0.0907083,-0.10236,-0.079591,9.999e-05,0,0.078,0.0816858,0.07182,0.0915982,9.999e-05,0,0.0136667,0.0174417,0.00874083,0.0263677,0.00079992,0,0.0361388,0.0360881,0.0295019,0.0427186,9.999e-05,0,0,0
network,recipe:bhattarai_2020,recipe:liu_2023,0.1,591,20,0,0.532741,-0.0766667,-0.0775,-0.0935037,-0.0635321,9.999e-05,0,0.0638037,0.0658189,0.0531931,0.0797667,9.999e-05,0,-0.0126667,-0.0076,-0.0156671,0.001085,0.107489,0,0.0326667,0.0318668,0.0263457,0.037577,9.999e-05,0,0,0
network,recipe:bhattarai_2020,recipe:liu_2023,0.25,591,20,0,0.532741,-0.0766667,-0.0775,-0.0935037,-0.0635321,9.999e-05,0,0.07,0.0724006,0.0594308,0.0865852,9.999e-05,0,-0.0126667,-0.0076,-0.0156671,0.001085,0.107489,0,0.0266667,0.0261382,0.0204916,0.031921,9.999e-05,0,0,0
network,recipe:bhattarai_2020,recipe:liu_2023,0.5,591,20,0,0.532741,-0.0766667,-0.0775,-0.0935037,-0.0635321,9.999e-05,0,0.0733333,0.074071,0.0600478,0.0895717,9.999e-05,0,-0.0126667,-0.0076,-0.0156671,0.001085,0.107489,0,0.0194547,0.0156319,0.00716767,0.0239955,0.00379962,0,0,0
network,recipe:bhattarai_2020,recipe:michon_2019,0.1,444,20,0,0.489229,-0.086,-0.08465,-0.0965346,-0.0732983,9.999e-05,0,0.0696469,0.0754637,0.0638827,0.0882378,9.999e-05,0,-0.011,-0.00753333,-0.0155171,0.00183333,0.124688,0,0.0345181,0.0344316,0.0291542,0.0396444,9.999e-05,0,0,0
network,recipe:bhattarai_2020,recipe:michon_2019,0.25,444,20,0,0.489229,-0.086,-0.08465,-0.0965346,-0.0732983,9.999e-05,0,0.0776667,0.0797629,0.0680223,0.0920059,9.999e-05,0,-0.011,-0.00753333,-0.0155171,0.00183333,0.124688,0,0.0333109,0.033343,0.0266771,0.0397463,9.999e-05,0,0,0
network,recipe:bhattarai_2020,recipe:michon_2019,0.5,444,20,0,0.489229,-0.086,-0.08465,-0.0965346,-0.0732983,9.999e-05,0,0.0816667,0.0808117,0.0693574,0.0930632,9.999e-05,0,-0.011,-0.00753333,-0.0155171,0.00183333,0.124688,0,0.0230956,0.0230646,0.0155257,0.0300098,9.999e-05,0,0,0
network,recipe:bhattarai_2020,recipe:michon_2021,0.1,444,20,0,0.489229,-0.086,-0.08465,-0.0965346,-0.0732983,9.999e-05,0,0.0696469,0.0754637,0.0638827,0.0882378,9.999e-05,0,-0.011,-0.00753333,-0.0155171,0.00183333,0.124688,0,0.0345181,0.0344316,0.0291542,0.0396444,9.999e-05,0,0,0
network,recipe:bhattarai_2020,recipe:michon_2021,0.25,444,20,0,0.489229,-0.086,-0.08465,-0.0965346,-0.0732983,9.999e-05,0,0.0776667,0.0797629,0.0680223,0.0920059,9.999e-05,0,-0.011,-0.00753333,-0.0155171,0.00183333,0.124688,0,0.0333109,0.033343,0.0266771,0.0397463,9.999e-05,0,0,0
network,recipe:bhattarai_2020,recipe:michon_2021,0.5,444,20,0,0.489229,-0.086,-0.08465,-0.0965346,-0.0732983,9.999e-05,0,0.0816667,0.0808117,0.0693574,0.0930632,9.999e-05,0,-0.011,-0.00753333,-0.0155171,0.00183333,0.124688,0,0.0230956,0.0230646,0.0155257,0.0300098,9.999e-05,0,0,0
network,recipe:bhattarai_2020,recipe:muessig_2019,0.1,170,20,0,0.203684,-0.11,-0.106333,-0.127518,-0.0853821,9.999e-05,0,0.0463279,0.0529894,0.0381344,0.0675727,9.999e-05,0,0.0166667,0.0227833,0.00699917,0.03955,0.00659934,0,0.016517,0.0218832,0.0110895,0.0346674,9.999e-05,0,0,0
network,recipe:bhattarai_2020,recipe:muessig_2019,0.25,170,20,0,0.203684,-0.11,-0.106333,-0.127518,-0.0853821,9.999e-05,0,0.0685296,0.0670236,0.0497431,0.0838483,9.999e-05,0,0.0166667,0.0227833,0.00699917,0.03955,0.00659934,0,0.0273333,0.0356987,0.0229326,0.0493579,9.999e-05,0,0,0
network,recipe:bhattarai_2020,recipe:muessig_2019,0.5,170,20,0,0.203684,-0.11,-0.106333,-0.127518,-0.0853821,9.999e-05,0,0.0834376,0.0788387,0.0615657,0.0959609,9.999e-05,0,0.0166667,0.0227833,0.00699917,0.03955,0.00659934,0,0.0283333,0.0386775,0.0253237,0.0537036,9.999e-05,0,0,0
network,recipe:bhattarai_2020,recipe:tirole_2022,0.1,714,20,0,0.607266,-0.0583333,-0.0588833,-0.0741187,-0.0435325,9.999e-05,0,0.0520238,0.0582796,0.047137,0.0700403,9.999e-05,0,-0.0186667,-0.0221167,-0.0275004,-0.0170663,9.999e-05,0,0.0298032,0.0307511,0.0264346,0.0352613,9.999e-05,0,0,0
network,recipe:bhattarai_2020,recipe:tirole_2022,0.25,714,20,0,0.607266,-0.0583333,-0.0588833,-0.0741187,-0.0435325,9.999e-05,0,0.0553333,0.0589993,0.0460778,0.0722222,9.999e-05,0,-0.0186667,-0.0221167,-0.0275004,-0.0170663,9.999e-05,0,0.0209868,0.0193168,0.0153911,0.0232059,9.999e-05,0,0,0
network,recipe:bhattarai_2020,recipe:tirole_2022,0.5,714,20,0,0.607266,-0.0583333,-0.0588833,-0.0741187,-0.0435325,9.999e-05,0,0.057,0.0597698,0.0466073,0.073159,9.999e-05,0,-0.0186667,-0.0221167,-0.0275004,-0.0170663,9.999e-05,0,0.00718312,0.00746374,0.00185408,0.0132286,0.0140986,0,0,0
network,recipe:bhattarai_2020,recipe:yamamoto_2017,0.1,724,20,0,0.56193,-0.12,-0.1241,-0.135917,-0.112932,9.999e-05,0,0.0457543,0.047108,0.0351328,0.0596353,9.999e-05,0,0.0516667,0.0546333,0.0455979,0.0638667,9.999e-05,0,0.0106667,0.0129947,0.00926007,0.0167359,9.999e-05,0,0,0
network,recipe:bhattarai_2020,recipe:yamamoto_2017,0.25,724,20,0,0.56193,-0.12,-0.1241,-0.135917,-0.112932,9.999e-05,0,0.0680055,0.0652813,0.0523709,0.0782969,9.999e-05,0,0.0516667,0.0546333,0.0455979,0.0638667,9.999e-05,0,0.0233333,0.0232122,0.0180041,0.0282682,9.999e-05,0,0,0
network,recipe:bhattarai_2020,recipe:yamamoto_2017,0.5,724,20,0,0.56193,-0.12,-0.1241,-0.135917,-0.112932,9.999e-05,0,0.0820205,0.0834893,0.0717189,0.0959028,9.999e-05,0,0.0516667,0.0546333,0.0455979,0.0638667,9.999e-05,0,0.0366667,0.0376101,0.0314966,0.0437231,9.999e-05,0,0,0
network,recipe:bhattarai_2020,recipe:yang_2024,0.1,659,20,0,0.630001,-0.0653333,-0.06195,-0.0766346,-0.0463829,9.999e-05,0,0.0573333,0.0610593,0.0500563,0.0723201,9.999e-05,0,-0.0186667,-0.02025,-0.0250688,-0.0164333,9.999e-05,0,0.0275865,0.0302692,0.0259215,0.0349234,9.999e-05,0,0,0
network,recipe:bhattarai_2020,recipe:yang_2024,0.25,659,20,0,0.630001,-0.0653333,-0.06195,-0.0766346,-0.0463829,9.999e-05,0,0.0613333,0.0624986,0.0505713,0.0749477,9.999e-05,0,-0.0186667,-0.02025,-0.0250688,-0.0164333,9.999e-05,0,0.0166667,0.0173374,0.0107644,0.0242944,0.00029997,0,0,0
network,recipe:bhattarai_2020,recipe:yang_2024,0.5,659,20,0,0.630001,-0.0653333,-0.06195,-0.0766346,-0.0463829,9.999e-05,0,0.062,0.0618764,0.0484119,0.0752271,9.999e-05,0,-0.0186667,-0.02025,-0.0250688,-0.0164333,9.999e-05,0,-0.00733333,0.000725648,-0.00518471,0.00748421,0.829217,0,0,0
network,recipe:carey_2019,recipe:grosmark_2016,0.1,904,20,0,0.500168,0.024,0.02455,0.0226829,0.0265,9.999e-05,0,-0.006,-0.00686677,-0.00929124,-0.0049442,9.999e-05,0,-0.0273333,-0.0279833,-0.0302167,-0.0259667,9.999e-05,0,-0.00464461,-0.00452409,-0.00600108,-0.00307503,0.00019998,0,0,0
network,recipe:carey_2019,recipe:grosmark_2016,0.25,904,20,0,0.500168,0.024,0.02455,0.0226829,0.0265,9.999e-05,0,-0.0153333,-0.0159764,-0.0181621,-0.013947,9.999e-05,0,-0.0273333,-0.0279833,-0.0302167,-0.0259667,9.999e-05,0,-0.0186667,-0.0194224,-0.0213076,-0.0175323,9.999e-05,0,0,0
network,recipe:carey_2019,recipe:grosmark_2016,0.5,904,20,0,0.500168,0.024,0.02455,0.0226829,0.0265,9.999e-05,0,-0.0206667,-0.0204853,-0.0227631,-0.0184655,9.999e-05,0,-0.0273333,-0.0279833,-0.0302167,-0.0259667,9.999e-05,0,-0.0253333,-0.0248727,-0.0267498,-0.02335,9.999e-05,0,0,0
network,recipe:carey_2019,recipe:huelin_gorriz_2023,0.1,1093,20,0,0.603856,0.024,0.0241,0.0226333,0.0257167,9.999e-05,0,-0.00664197,-0.00642165,-0.00802565,-0.00471234,0.00019998,0,-0.0293333,-0.0297,-0.0327504,-0.0272996,9.999e-05,0,-0.00374627,-0.00405153,-0.00650261,-0.00161899,0.00549945,0,0,0
network,recipe:carey_2019,recipe:huelin_gorriz_2023,0.25,1093,20,0,0.603856,0.024,0.0241,0.0226333,0.0257167,9.999e-05,0,-0.0164448,-0.0168221,-0.0182662,-0.015439,9.999e-05,0,-0.0293333,-0.0297,-0.0327504,-0.0272996,9.999e-05,0,-0.0213333,-0.0212738,-0.0230624,-0.0194341,9.999e-05,0,0,0
network,recipe:carey_2019,recipe:huelin_gorriz_2023,0.5,1093,20,0,0.603856,0.024,0.0241,0.0226333,0.0257167,9.999e-05,0,-0.0206667,-0.0215369,-0.0231576,-0.0200605,9.999e-05,0,-0.0293333,-0.0297,-0.0327504,-0.0272996,9.999e-05,0,-0.0266667,-0.0277667,-0.0300508,-0.0258663,9.999e-05,0,0,0
network,recipe:carey_2019,recipe:krause_2022,0.1,1325,20,0,0.723021,-0.00366667,-0.003475,-0.00459187,-0.00238333,0.00019998,0,-0.006,-0.00557893,-0.00647362,-0.00457252,9.999e-05,0,0.003,0.00264167,0.00144979,0.00366708,0.00089991,0,-0.00533333,-0.00516465,-0.00643561,-0.00388822,9.999e-05,0,0,0
network,recipe:carey_2019,recipe:krause_2022,0.25,1325,20,0,0.723021,-0.00366667,-0.003475,-0.00459187,-0.00238333,0.00019998,0,-0.00440712,-0.00444065,-0.00536482,-0.0035696,9.999e-05,0,0.003,0.00264167,0.00144979,0.00366708,0.00089991,0,-0.00433333,-0.00438814,-0.00514226,-0.00369393,9.999e-05,0,0,0
network,recipe:carey_2019,recipe:krause_2022,0.5,1325,20,0,0.723021,-0.00366667,-0.003475,-0.00459187,-0.00238333,0.00019998,0,-0.00166667,-0.00152401,-0.00266903,-0.000436425,0.0160984,0,0.003,0.00264167,0.00144979,0.00366708,0.00089991,0,-0.000727748,-0.000852777,-0.00184926,0.000245656,0.132787,0,0,0
network,recipe:carey_2019,recipe:liu_2023,0.1,901,20,0,0.497128,0.0186667,0.0186833,0.017,0.0204833,9.999e-05,0,-0.00333333,-0.00310117,-0.00443368,-0.00190886,0.00019998,0,-0.0213333,-0.02235,-0.02455,-0.0202833,9.999e-05,0,0,-0.000913427,-0.0023283,0.000493934,0.213979,0,0,0
network,recipe:carey_2019,recipe:liu_2023,0.25,901,20,0,0.497128,0.0186667,0.0186833,0.017,0.0204833,9.999e-05,0,-0.0115007,-0.0116979,-0.0131217,-0.0102953,9.999e-05,0,-0.0213333,-0.02235,-0.02455,-0.0202833,9.999e-05,0,-0.0133333,-0.0135484,-0.0154742,-0.0118032,9.999e-05,0,0,0
network,recipe:carey_2019,recipe:liu_2023,0.5,901,20,0,0.497128,0.0186667,0.0186833,0.017,0.0204833,9.999e-05,0,-0.016,-0.0164049,-0.0178898,-0.0150596,9.999e-05,0,-0.0213333,-0.02235,-0.02455,-0.0202833,9.999e-05,0,-0.02,-0.0198608,-0.0216995,-0.0182032,9.999e-05,0,0,0
network,recipe:carey_2019,recipe:michon_2019,0.1,554,20,0,0.307084,0.0113333,0.0116333,0.0106167,0.0128,9.999e-05,0,0.00333333,0.00286544,0.00184284,0.00387322,0.00019998,0,-0.016,-0.0157167,-0.0171838,-0.0142325,9.999e-05,0,0.00437762,0.00432206,0.00287421,0.00567967,9.999e-05,0,0,0
network,recipe:carey_2019,recipe:michon_2019,0.25,554,20,0,0.307084,0.0113333,0.0116333,0.0106167,0.0128,9.999e-05,0,-0.00666667,-0.00685211,-0.00795446,-0.00589261,9.999e-05,0,-0.016,-0.0157167,-0.0171838,-0.0142325,9.999e-05,0,-0.00866667,-0.00933804,-0.0113765,-0.00725857,9.999e-05,0,0,0
network,recipe:carey_2019,recipe:michon_2019,0.5,554,20,0,0.307084,0.0113333,0.0116333,0.0106167,0.0128,9.999e-05,0,-0.00966667,-0.01001,-0.0111266,-0.00904316,9.999e-05,0,-0.016,-0.0157167,-0.0171838,-0.0142325,9.999e-05,0,-0.0133333,-0.0138489,-0.0152727,-0.0124869,9.999e-05,0,0,0
network,recipe:carey_2019,recipe:michon_2021,0.1,554,20,0,0.307084,0.0113333,0.0116333,0.0106167,0.0128,9.999e-05,0,0.00333333,0.00286544,0.00184284,0.00387322,0.00019998,0,-0.016,-0.0157167,-0.0171838,-0.0142325,9.999e-05,0,0.00437762,0.00432206,0.00287421,0.00567967,9.999e-05,0,0,0
network,recipe:carey_2019,recipe:michon_2021,0.25,554,20,0,0.307084,0.0113333,0.0116333,0.0106167,0.0128,9.999e-05,0,-0.00666667,-0.00685211,-0.00795446,-0.00589261,9.999e-05,0,-0.016,-0.0157167,-0.0171838,-0.0142325,9.999e-05,0,-0.00866667,-0.00933804,-0.0113765,-0.00725857,9.999e-05,0,0,0
network,recipe:carey_2019,recipe:michon_2021,0.5,554,20,0,0.307084,0.0113333,0.0116333,0.0106167,0.0128,9.999e-05,0,-0.00966667,-0.01001,-0.0111266,-0.00904316,9.999e-05,0,-0.016,-0.0157167,-0.0171838,-0.0142325,9.999e-05,0,-0.0133333,-0.0138489,-0.0152727,-0.0124869,9.999e-05,0,0,0
network,recipe:carey_2019,recipe:muessig_2019,0.1,220,20,0,0.122016,-0.012,-0.0134667,-0.0165171,-0.0105496,9.999e-05,0,-0.00866667,-0.0111036,-0.0140889,-0.00819416,9.999e-05,0,0.012,0.0136667,0.0107329,0.0169333,9.999e-05,0,-0.01,-0.0118581,-0.014675,-0.00923292,9.999e-05,0,0,0
network,recipe:carey_2019,recipe:muessig_2019,0.25,220,20,0,0.122016,-0.012,-0.0134667,-0.0165171,-0.0105496,9.999e-05,0,-0.00256073,-0.00392157,-0.00621226,-0.00177154,0.00239976,0,0.012,0.0136667,0.0107329,0.0169333,9.999e-05,0,-0.00266667,-0.00646007,-0.00950991,-0.00339897,0.00089991,0,0,0
network,recipe:carey_2019,recipe:muessig_2019,0.5,220,20,0,0.122016,-0.012,-0.0134667,-0.0165171,-0.0105496,9.999e-05,0,0.002,0.000401839,-0.00219375,0.00268708,0.764324,0,0.012,0.0136667,0.0107329,0.0169333,9.999e-05,0,0.00521786,0.00364556,0.000976398,0.00618227,0.0140986,0,0,0
network,recipe:carey_2019,recipe:tirole_2022,0.1,1093,20,0,0.603856,0.024,0.0241,0.0226333,0.0257167,9.999e-05,0,-0.00664197,-0.00642165,-0.00802565,-0.00471234,0.00019998,0,-0.0293333,-0.0297,-0.0327504,-0.0272996,9.999e-05,0,-0.00374627,-0.00405153,-0.00650261,-0.00161899,0.00549945,0,0,0
network,recipe:carey_2019,recipe:tirole_2022,0.25,1093,20,0,0.603856,0.024,0.0241,0.0226333,0.0257167,9.999e-05,0,-0.0164448,-0.0168221,-0.0182662,-0.015439,9.999e-05,0,-0.0293333,-0.0297,-0.0327504,-0.0272996,9.999e-05,0,-0.0213333,-0.0212738,-0.0230624,-0.0194341,9.999e-05,0,0,0
network,recipe:carey_2019,recipe:tirole_2022,0.5,1093,20,0,0.603856,0.024,0.0241,0.0226333,0.0257167,9.999e-05,0,-0.0206667,-0.0215369,-0.0231576,-0.0200605,9.999e-05,0,-0.0293333,-0.0297,-0.0327504,-0.0272996,9.999e-05,0,-0.0266667,-0.0277667,-0.0300508,-0.0258663,9.999e-05,0,0,0
network,recipe:carey_2019,recipe:yamamoto_2017,0.1,1212,20,0,0.666379,-0.016,-0.0161667,-0.01735,-0.0149658,9.999e-05,0,-0.014,-0.0142696,-0.0152766,-0.0131971,9.999e-05,0,0.018,0.0185667,0.0168833,0.0201833,9.999e-05,0,-0.0166667,-0.0168426,-0.0183019,-0.0153829,9.999e-05,0,0,0
network,recipe:carey_2019,recipe:yamamoto_2017,0.25,1212,20,0,0.666379,-0.016,-0.0161667,-0.01735,-0.0149658,9.999e-05,0,-0.01,-0.00948449,-0.0106683,-0.00829184,9.999e-05,0,0.018,0.0185667,0.0168833,0.0201833,9.999e-05,0,-0.0117584,-0.0116528,-0.0125855,-0.0107258,9.999e-05,0,0,0
network,recipe:carey_2019,recipe:yamamoto_2017,0.5,1212,20,0,0.666379,-0.016,-0.0161667,-0.01735,-0.0149658,9.999e-05,0,0,2.13759e-05,-0.00109876,0.00114173,0.972003,0,0.018,0.0185667,0.0168833,0.0201833,9.999e-05,0,0.00170847,0.00199679,0.0010205,0.00301329,0.00029997,0,0,0
network,recipe:carey_2019,recipe:yang_2024,0.1,904,20,0,0.500168,0.024,0.02455,0.0226829,0.0265,9.999e-05,0,-0.006,-0.00686677,-0.00929124,-0.0049442,9.999e-05,0,-0.0273333,-0.0279833,-0.0302167,-0.0259667,9.999e-05,0,-0.00464461,-0.00452409,-0.00600108,-0.00307503,0.00019998,0,0,0
network,recipe:carey_2019,recipe:yang_2024,0.25,904,20,0,0.500168,0.024,0.02455,0.0226829,0.0265,9.999e-05,0,-0.0153333,-0.0159764,-0.0181621,-0.013947,9.999e-05,0,-0.0273333,-0.0279833,-0.0302167,-0.0259667,9.999e-05,0,-0.0186667,-0.0194224,-0.0213076,-0.0175323,9.999e-05,0,0,0
network,recipe:carey_2019,recipe:yang_2024,0.5,904,20,0,0.500168,0.024,0.02455,0.0226829,0.0265,9.999e-05,0,-0.0206667,-0.0204853,-0.0227631,-0.0184655,9.999e-05,0,-0.0273333,-0.0279833,-0.0302167,-0.0259667,9.999e-05,0,-0.0253333,-0.0248727,-0.0267498,-0.02335,9.999e-05,0,0,0
network,recipe:grosmark_2016,recipe:huelin_gorriz_2023,0.1,776,20,0,0.632865,-0.000333333,-0.000616667,-0.00211708,0.000850417,0.473753,0,0.000666667,0.000690749,-0.00038713,0.00192117,0.269673,0,0,-0.000416667,-0.00245042,0.00165042,0.708929,0,-0.000666667,4.24328e-05,-0.00131365,0.00164182,0.957304,0,0,0
network,recipe:grosmark_2016,recipe:huelin_gorriz_2023,0.25,776,20,0,0.632865,-0.000333333,-0.000616667,-0.00211708,0.000850417,0.473753,0,0.00133333,0.00199123,0.000902942,0.00314945,0.00329967,0,0,-0.000416667,-0.00245042,0.00165042,0.708929,0,3.64098e-06,0.000518155,-0.000891438,0.00198687,0.493151,0,0,0
network,recipe:grosmark_2016,recipe:huelin_gorriz_2023,0.5,776,20,0,0.632865,-0.000333333,-0.000616667,-0.00211708,0.000850417,0.473753,0,0.00133333,0.00142571,0.000375744,0.00254238,0.0225977,0,0,-0.000416667,-0.00245042,0.00165042,0.708929,0,0.000666667,0.000328063,-0.00147532,0.00206808,0.727227,0,0,0
network,recipe:grosmark_2016,recipe:krause_2022,0.1,888,20,0,0.651714,-0.025,-0.0261083,-0.0291252,-0.0236662,9.999e-05,0,0.00133333,0.0012208,-0.000957009,0.0037054,0.324668,0,0.0265,0.0271833,0.0255165,0.0289252,9.999e-05,0,-0.000339171,2.27961e-05,-0.00190363,0.00221258,0.985601,0,0,0
network,recipe:grosmark_2016,recipe:krause_2022,0.25,888,20,0,0.651714,-0.025,-0.0261083,-0.0291252,-0.0236662,9.999e-05,0,0.0123992,0.0119865,0.00999851,0.0143862,9.999e-05,0,0.0265,0.0271833,0.0255165,0.0289252,9.999e-05,0,0.0143333,0.014773,0.0130501,0.0168108,9.999e-05,0,0,0
network,recipe:grosmark_2016,recipe:krause_2022,0.5,888,20,0,0.651714,-0.025,-0.0261083,-0.0291252,-0.0236662,9.999e-05,0,0.019,0.0196264,0.0176431,0.0219058,9.999e-05,0,0.0265,0.0271833,0.0255165,0.0289252,9.999e-05,0,0.0223335,0.0226523,0.0212507,0.0241611,9.999e-05,0,0,0
network,recipe:grosmark_2016,recipe:liu_2023,0.1,667,20,0,0.584233,-0.004,-0.00428333,-0.00465,-0.00396667,9.999e-05,0,0.002,0.00191714,0.00133099,0.00253662,9.999e-05,0,0.004,0.00431667,0.00403333,0.00463333,9.999e-05,0,0.002,0.00120296,0.00056805,0.00178768,0.00269973,0,0,0
network,recipe:grosmark_2016,recipe:liu_2023,0.25,667,20,0,0.584233,-0.004,-0.00428333,-0.00465,-0.00396667,9.999e-05,0,0.00333333,0.00330293,0.00293204,0.00367614,9.999e-05,0,0.004,0.00431667,0.00403333,0.00463333,9.999e-05,0,0.00333333,0.0032,0.00276667,0.00366667,9.999e-05,0,0,0
network,recipe:grosmark_2016,recipe:liu_2023,0.5,667,20,0,0.584233,-0.004,-0.00428333,-0.00465,-0.00396667,9.999e-05,0,0.004,0.00380006,0.00336672,0.00426672,9.999e-05,0,0.004,0.00431667,0.00403333,0.00463333,9.999e-05,0,0.004,0.00391667,0.00355,0.0043,9.999e-05,0,0,0
network,recipe:grosmark_2016,recipe:michon_2019,0.1,478,20,0,0.487802,-0.0103333,-0.0100833,-0.01205,-0.00803292,9.999e-05,0,0.00666667,0.00678048,0.00499455,0.00871683,9.999e-05,0,0.00933333,0.00948333,0.00714958,0.0125171,9.999e-05,0,0.00485826,0.00483883,0.00333939,0.00635291,0.00019998,0,0,0
network,recipe:grosmark_2016,recipe:michon_2019,0.25,478,20,0,0.487802,-0.0103333,-0.0100833,-0.01205,-0.00803292,9.999e-05,0,0.00941112,0.00912173,0.007583,0.0107594,9.999e-05,0,0.00933333,0.00948333,0.00714958,0.0125171,9.999e-05,0,0.008,0.00905659,0.00656586,0.0119823,9.999e-05,0,0,0
network,recipe:grosmark_2016,recipe:michon_2019,0.5,478,20,0,0.487802,-0.0103333,-0.0100833,-0.01205,-0.00803292,9.999e-05,0,0.01,0.010176,0.00839981,0.0119255,9.999e-05,0,0.00933333,0.00948333,0.00714958,0.0125171,9.999e-05,0,0.00933333,0.00997186,0.00754367,0.0131168,9.999e-05,0,0,0
network,recipe:grosmark_2016,recipe:michon_2021,0.1,478,20,0,0.487802,-0.0103333,-0.0100833,-0.01205,-0.00803292,9.999e-05,0,0.00666667,0.00678048,0.00499455,0.00871683,9.999e-05,0,0.00933333,0.00948333,0.00714958,0.0125171,9.999e-05,0,0.00485826,0.00483883,0.00333939,0.00635291,0.00019998,0,0,0
network,recipe:grosmark_2016,recipe:michon_2021,0.25,478,20,0,0.487802,-0.0103333,-0.0100833,-0.01205,-0.00803292,9.999e-05,0,0.00941112,0.00912173,0.007583,0.0107594,9.999e-05,0,0.00933333,0.00948333,0.00714958,0.0125171,9.999e-05,0,0.008,0.00905659,0.00656586,0.0119823,9.999e-05,0,0,0
network,recipe:grosmark_2016,recipe:michon_2021,0.5,478,20,0,0.487802,-0.0103333,-0.0100833,-0.01205,-0.00803292,9.999e-05,0,0.01,0.010176,0.00839981,0.0119255,9.999e-05,0,0.00933333,0.00948333,0.00714958,0.0125171,9.999e-05,0,0.00933333,0.00997186,0.00754367,0.0131168,9.999e-05,0,0,0
network,recipe:grosmark_2016,recipe:muessig_2019,0.1,179,20,0,0.19105,-0.044,-0.0459,-0.0517833,-0.03995,9.999e-05,0,-0.00676352,-0.004347,-0.00972579,0.00150632,0.159584,0,0.052,0.0542667,0.0475496,0.0615008,9.999e-05,0,-0.00462995,-0.00388666,-0.0108091,0.0037163,0.326767,0,0,0
network,recipe:grosmark_2016,recipe:muessig_2019,0.25,179,20,0,0.19105,-0.044,-0.0459,-0.0517833,-0.03995,9.999e-05,0,0.0192987,0.0159935,0.0116277,0.020372,9.999e-05,0,0.052,0.0542667,0.0475496,0.0615008,9.999e-05,0,0.0262341,0.0275185,0.018604,0.0358402,0.00019998,0,0,0
network,recipe:grosmark_2016,recipe:muessig_2019,0.5,179,20,0,0.19105,-0.044,-0.0459,-0.0517833,-0.03995,9.999e-05,0,0.024,0.0263181,0.0219281,0.0309531,9.999e-05,0,0.052,0.0542667,0.0475496,0.0615008,9.999e-05,0,0.0386667,0.0422255,0.0356586,0.0496495,9.999e-05,0,0,0
network,recipe:grosmark_2016,recipe:tirole_2022,0.1,776,20,0,0.632865,-0.000333333,-0.000616667,-0.00211708,0.000850417,0.473753,0,0.000666667,0.000690749,-0.00038713,0.00192117,0.269673,0,0,-0.000416667,-0.00245042,0.00165042,0.708929,0,-0.000666667,4.24328e-05,-0.00131365,0.00164182,0.957304,0,0,0
network,recipe:grosmark_2016,recipe:tirole_2022,0.25,776,20,0,0.632865,-0.000333333,-0.000616667,-0.00211708,0.000850417,0.473753,0,0.00133333,0.00199123,0.000902942,0.00314945,0.00329967,0,0,-0.000416667,-0.00245042,0.00165042,0.708929,0,3.64098e-06,0.000518155,-0.000891438,0.00198687,0.493151,0,0,0
network,recipe:grosmark_2016,recipe:tirole_2022,0.5,776,20,0,0.632865,-0.000333333,-0.000616667,-0.00211708,0.000850417,0.473753,0,0.00133333,0.00142571,0.000375744,0.00254238,0.0225977,0,0,-0.000416667,-0.00245042,0.00165042,0.708929,0,0.000666667,0.000328063,-0.00147532,0.00206808,0.727227,0,0,0
network,recipe:grosmark_2016,recipe:yamamoto_2017,0.1,858,20,0,0.678214,-0.0506667,-0.05095,-0.0534171,-0.0484496,9.999e-05,0,-0.00885346,-0.00854408,-0.0110058,-0.00582925,0.00019998,0,0.0573333,0.0573667,0.0547333,0.0602004,9.999e-05,0,-0.0153333,-0.0155697,-0.0182011,-0.013121,9.999e-05,0,0,0
network,recipe:grosmark_2016,recipe:yamamoto_2017,0.25,858,20,0,0.678214,-0.0506667,-0.05095,-0.0534171,-0.0484496,9.999e-05,0,0.00801386,0.00812685,0.00509376,0.0114948,9.999e-05,0,0.0573333,0.0573667,0.0547333,0.0602004,9.999e-05,0,0.0093361,0.00839228,0.00584448,0.0107609,9.999e-05,0,0,0
network,recipe:grosmark_2016,recipe:yamamoto_2017,0.5,858,20,0,0.678214,-0.0506667,-0.05095,-0.0534171,-0.0484496,9.999e-05,0,0.0221719,0.0233188,0.0200675,0.0267094,9.999e-05,0,0.0573333,0.0573667,0.0547333,0.0602004,9.999e-05,0,0.0293333,0.0294913,0.0263582,0.0324584,9.999e-05,0,0,0
network,recipe:grosmark_2016,recipe:yang_2024,0.1,906,20,0,1,0,0,0,0,1,0,0,0,0,0,1,0,0,0,0,0,1,0,0,0,0,0,1,0,0,0
network,recipe:grosmark_2016,recipe:yang_2024,0.25,906,20,0,1,0,0,0,0,1,0,0,0,0,0,1,0,0,0,0,0,1,0,0,0,0,0,1,0,0,0
network,recipe:grosmark_2016,recipe:yang_2024,0.5,906,20,0,1,0,0,0,0,1,0,0,0,0,0,1,0,0,0,0,0,1,0,0,0,0,0,1,0,0,0
network,recipe:huelin_gorriz_2023,recipe:krause_2022,0.1,1048,20,0,0.749445,-0.0288333,-0.0293667,-0.0317504,-0.0268248,9.999e-05,0,0.000146312,5.20844e-05,-0.00142946,0.00144378,0.943506,0,0.0355,0.0361583,0.0331915,0.0392002,9.999e-05,0,-0.000345948,0.000122436,-0.00186488,0.00254569,0.915008,0,0,0
network,recipe:huelin_gorriz_2023,recipe:krause_2022,0.25,1048,20,0,0.749445,-0.0288333,-0.0293667,-0.0317504,-0.0268248,9.999e-05,0,0.0106689,0.0108187,0.00945022,0.0123401,9.999e-05,0,0.0355,0.0361583,0.0331915,0.0392002,9.999e-05,0,0.015,0.0147092,0.0127075,0.0169682,9.999e-05,0,0,0
network,recipe:huelin_gorriz_2023,recipe:krause_2022,0.5,1048,20,0,0.749445,-0.0288333,-0.0293667,-0.0317504,-0.0268248,9.999e-05,0,0.0196667,0.0197755,0.018051,0.0213835,9.999e-05,0,0.0355,0.0361583,0.0331915,0.0392002,9.999e-05,0,0.0273333,0.027534,0.0247819,0.0304689,9.999e-05,0,0,0
network,recipe:huelin_gorriz_2023,recipe:liu_2023,0.1,798,20,0,0.66235,-0.008,-0.00811667,-0.0103,-0.00601667,9.999e-05,0,0.00133333,0.00163358,0.000393814,0.00298399,0.0237976,0,0.008,0.00886667,0.00646667,0.0113833,9.999e-05,0,0.00133333,0.00104047,1.57972e-05,0.00201715,0.0613939,0,0,0
network,recipe:huelin_gorriz_2023,recipe:liu_2023,0.25,798,20,0,0.66235,-0.008,-0.00811667,-0.0103,-0.00601667,9.999e-05,0,0.00266667,0.00327021,0.00173042,0.0049673,0.00059994,0,0.008,0.00886667,0.00646667,0.0113833,9.999e-05,0,0.004,0.00424562,0.00219883,0.00631774,0.00039996,0,0,0
network,recipe:huelin_gorriz_2023,recipe:liu_2023,0.5,798,20,0,0.66235,-0.008,-0.00811667,-0.0103,-0.00601667,9.999e-05,0,0.00466667,0.00486571,0.00314177,0.00675204,0.00019998,0,0.008,0.00886667,0.00646667,0.0113833,9.999e-05,0,0.006,0.00728554,0.00495509,0.00982409,9.999e-05,0,0,0
network,recipe:huelin_gorriz_2023,recipe:michon_2019,0.1,520,20,0,0.461833,-0.008,-0.0077,-0.00828333,-0.00709958,9.999e-05,0,0.00563352,0.00522759,0.00430223,0.00611906,9.999e-05,0,0.008,0.00876667,0.00794958,0.00965,9.999e-05,0,0.006,0.00539526,0.00407224,0.00664589,9.999e-05,0,0,0
network,recipe:huelin_gorriz_2023,recipe:michon_2019,0.25,520,20,0,0.461833,-0.008,-0.0077,-0.00828333,-0.00709958,9.999e-05,0,0.00733333,0.00713223,0.0064,0.007817,9.999e-05,0,0.008,0.00876667,0.00794958,0.00965,9.999e-05,0,0.008,0.00768671,0.00675315,0.00866797,9.999e-05,0,0,0
network,recipe:huelin_gorriz_2023,recipe:michon_2019,0.5,520,20,0,0.461833,-0.008,-0.0077,-0.00828333,-0.00709958,9.999e-05,0,0.00791229,0.00746667,0.00681667,0.00808333,9.999e-05,0,0.008,0.00876667,0.00794958,0.00965,9.999e-05,0,0.008,0.00851667,0.00773333,0.0093,9.999e-05,0,0,0
network,recipe:huelin_gorriz_2023,recipe:michon_2021,0.1,520,20,0,0.461833,-0.008,-0.0077,-0.00828333,-0.00709958,9.999e-05,0,0.00563352,0.00522759,0.00430223,0.00611906,9.999e-05,0,0.008,0.00876667,0.00794958,0.00965,9.999e-05,0,0.006,0.00539526,0.00407224,0.00664589,9.999e-05,0,0,0
network,recipe:huelin_gorriz_2023,recipe:michon_2021,0.25,520,20,0,0.461833,-0.008,-0.0077,-0.00828333,-0.00709958,9.999e-05,0,0.00733333,0.00713223,0.0064,0.007817,9.999e-05,0,0.008,0.00876667,0.00794958,0.00965,9.999e-05,0,0.008,0.00768671,0.00675315,0.00866797,9.999e-05,0,0,0
network,recipe:huelin_gorriz_2023,recipe:michon_2021,0.5,520,20,0,0.461833,-0.008,-0.0077,-0.00828333,-0.00709958,9.999e-05,0,0.00791229,0.00746667,0.00681667,0.00808333,9.999e-05,0,0.008,0.00876667,0.00794958,0.00965,9.999e-05,0,0.008,0.00851667,0.00773333,0.0093,9.999e-05,0,0,0
network,recipe:huelin_gorriz_2023,recipe:muessig_2019,0.1,214,20,0,0.194163,-0.048,-0.0527167,-0.0591667,-0.0466162,9.999e-05,0,-0.0040214,-0.00125873,-0.0063909,0.00410373,0.652935,0,0.054,0.0549833,0.0470333,0.0627517,9.999e-05,0,-0.00916108,-0.00949507,-0.013284,-0.00526594,0.00069993,0,0,0
network,recipe:huelin_gorriz_2023,recipe:muessig_2019,0.25,214,20,0,0.194163,-0.048,-0.0527167,-0.0591667,-0.0466162,9.999e-05,0,0.0175196,0.0171394,0.0121051,0.0223699,9.999e-05,0,0.054,0.0549833,0.0470333,0.0627517,9.999e-05,0,0.0198833,0.0179949,0.0130241,0.0231795,9.999e-05,0,0,0
network,recipe:huelin_gorriz_2023,recipe:muessig_2019,0.5,214,20,0,0.194163,-0.048,-0.0527167,-0.0591667,-0.0466162,9.999e-05,0,0.0248504,0.0263443,0.0212362,0.031568,9.999e-05,0,0.054,0.0549833,0.0470333,0.0627517,9.999e-05,0,0.0366667,0.0376612,0.0314827,0.0445644,9.999e-05,0,0,0
network,recipe:huelin_gorriz_2023,recipe:tirole_2022,0.1,1097,20,0,1,0,0,0,0,1,0,0,0,0,0,1,0,0,0,0,0,1,0,0,0,0,0,1,0,0,0
network,recipe:huelin_gorriz_2023,recipe:tirole_2022,0.25,1097,20,0,1,0,0,0,0,1,0,0,0,0,0,1,0,0,0,0,0,1,0,0,0,0,0,1,0,0,0
network,recipe:huelin_gorriz_2023,recipe:tirole_2022,0.5,1097,20,0,1,0,0,0,0,1,0,0,0,0,0,1,0,0,0,0,0,1,0,0,0,0,0,1,0,0,0
network,recipe:huelin_gorriz_2023,recipe:yamamoto_2017,0.1,972,20,0,0.723718,-0.052,-0.0514167,-0.0543671,-0.0485996,9.999e-05,0,-0.012,-0.0115369,-0.0133459,-0.00978862,9.999e-05,0,0.062,0.0613167,0.0575496,0.0650504,9.999e-05,0,-0.0153333,-0.0165743,-0.0186249,-0.0144617,9.999e-05,0,0,0
network,recipe:huelin_gorriz_2023,recipe:yamamoto_2017,0.25,972,20,0,0.723718,-0.052,-0.0514167,-0.0543671,-0.0485996,9.999e-05,0,0.00673063,0.00584295,0.00353053,0.0081652,0.00049995,0,0.062,0.0613167,0.0575496,0.0650504,9.999e-05,0,0.00702008,0.00774077,0.00531675,0.0102635,9.999e-05,0,0,0
network,recipe:huelin_gorriz_2023,recipe:yamamoto_2017,0.5,972,20,0,0.723718,-0.052,-0.0514167,-0.0543671,-0.0485996,9.999e-05,0,0.0217945,0.0219857,0.020062,0.0241068,9.999e-05,0,0.062,0.0613167,0.0575496,0.0650504,9.999e-05,0,0.0308502,0.0306859,0.0278025,0.0337722,9.999e-05,0,0,0
network,recipe:huelin_gorriz_2023,recipe:yang_2024,0.1,776,20,0,0.632865,0.000333333,0.000616667,-0.000850417,0.00211708,0.473753,0,-0.000666667,-0.000690749,-0.00192117,0.00038713,0.269673,0,0,0.000416667,-0.00165042,0.00245042,0.708929,0,0.000666667,-4.24328e-05,-0.00164182,0.00131365,0.957304,0,0,0
network,recipe:huelin_gorriz_2023,recipe:yang_2024,0.25,776,20,0,0.632865,0.000333333,0.000616667,-0.000850417,0.00211708,0.473753,0,-0.00133333,-0.00199123,-0.00314945,-0.000902942,0.00329967,0,0,0.000416667,-0.00165042,0.00245042,0.708929,0,-3.64098e-06,-0.000518155,-0.00198687,0.000891438,0.493151,0,0,0
network,recipe:huelin_gorriz_2023,recipe:yang_2024,0.5,776,20,0,0.632865,0.000333333,0.000616667,-0.000850417,0.00211708,0.473753,0,-0.00133333,-0.00142571,-0.00254238,-0.000375744,0.0225977,0,0,0.000416667,-0.00165042,0.00245042,0.708929,0,-0.000666667,-0.000328063,-0.00206808,0.00147532,0.727227,0,0,0
network,recipe:krause_2022,recipe:liu_2023,0.1,868,20,0,0.627371,0.0173333,0.0174333,0.0150329,0.0199921,9.999e-05,0,0.00507039,0.00347849,0.00145818,0.00522905,0.00469953,0,-0.019,-0.0199083,-0.0223167,-0.0177,9.999e-05,0,0.00492391,0.00456557,0.00351905,0.00555951,9.999e-05,0,0,0
network,recipe:krause_2022,recipe:liu_2023,0.25,868,20,0,0.627371,0.0173333,0.0174333,0.0150329,0.0199921,9.999e-05,0,-0.00698711,-0.00667174,-0.00792989,-0.00528568,9.999e-05,0,-0.019,-0.0199083,-0.0223167,-0.0177,9.999e-05,0,-0.00766667,-0.00794021,-0.00972447,-0.00626759,9.999e-05,0,0,0
network,recipe:krause_2022,recipe:liu_2023,0.5,868,20,0,0.627371,0.0173333,0.0174333,0.0150329,0.0199921,9.999e-05,0,-0.012,-0.0126742,-0.0140079,-0.0113864,9.999e-05,0,-0.019,-0.0199083,-0.0223167,-0.0177,9.999e-05,0,-0.0156667,-0.0159455,-0.018153,-0.0139734,9.999e-05,0,0,0
network,recipe:krause_2022,recipe:michon_2019,0.1,549,20,0,0.406856,0.0146667,0.0154417,0.0132831,0.017709,9.999e-05,0,0.00733333,0.00782818,0.00618559,0.00944118,9.999e-05,0,-0.0193333,-0.02,-0.022884,-0.0172248,9.999e-05,0,0.00566667,0.00587528,0.00378411,0.00812276,0.00029997,0,0,0
network,recipe:krause_2022,recipe:michon_2019,0.25,549,20,0,0.406856,0.0146667,0.0154417,0.0132831,0.017709,9.999e-05,0,0.000666667,0.000583749,-0.0010974,0.002181,0.522948,0,-0.0193333,-0.02,-0.022884,-0.0172248,9.999e-05,0,-0.00266667,-0.00338005,-0.0059544,-0.000899661,0.0206979,0,0,0
network,recipe:krause_2022,recipe:michon_2019,0.5,549,20,0,0.406856,0.0146667,0.0154417,0.0132831,0.017709,9.999e-05,0,-0.007,-0.00753572,-0.00919705,-0.00601951,9.999e-05,0,-0.0193333,-0.02,-0.022884,-0.0172248,9.999e-05,0,-0.0136667,-0.0128243,-0.0152774,-0.0101898,9.999e-05,0,0,0
network,recipe:krause_2022,recipe:michon_2021,0.1,549,20,0,0.406856,0.0146667,0.0154417,0.0132831,0.017709,9.999e-05,0,0.00733333,0.00782818,0.00618559,0.00944118,9.999e-05,0,-0.0193333,-0.02,-0.022884,-0.0172248,9.999e-05,0,0.00566667,0.00587528,0.00378411,0.00812276,0.00029997,0,0,0
network,recipe:krause_2022,recipe:michon_2021,0.25,549,20,0,0.406856,0.0146667,0.0154417,0.0132831,0.017709,9.999e-05,0,0.000666667,0.000583749,-0.0010974,0.002181,0.522948,0,-0.0193333,-0.02,-0.022884,-0.0172248,9.999e-05,0,-0.00266667,-0.00338005,-0.0059544,-0.000899661,0.0206979,0,0,0
network,recipe:krause_2022,recipe:michon_2021,0.5,549,20,0,0.406856,0.0146667,0.0154417,0.0132831,0.017709,9.999e-05,0,-0.007,-0.00753572,-0.00919705,-0.00601951,9.999e-05,0,-0.0193333,-0.02,-0.022884,-0.0172248,9.999e-05,0,-0.0136667,-0.0128243,-0.0152774,-0.0101898,9.999e-05,0,0,0
network,recipe:krause_2022,recipe:muessig_2019,0.1,213,20,0,0.157979,-0.00266667,-0.0076,-0.013409,-0.00284167,0.00549945,0,0.000666667,-0.000686978,-0.00476125,0.00253003,0.765923,0,0.00533333,0.00733333,0.00474979,0.0105006,9.999e-05,0,-0.00266667,-0.00319512,-0.00650852,0.00054183,0.0906909,0,0,0
network,recipe:krause_2022,recipe:muessig_2019,0.25,213,20,0,0.157979,-0.00266667,-0.0076,-0.013409,-0.00284167,0.00549945,0,0.00079847,0.00156199,-0.000464761,0.00371698,0.172383,0,0.00533333,0.00733333,0.00474979,0.0105006,9.999e-05,0,0.00075478,-6.96527e-05,-0.00246343,0.0019686,0.956704,0,0,0
network,recipe:krause_2022,recipe:muessig_2019,0.5,213,20,0,0.157979,-0.00266667,-0.0076,-0.013409,-0.00284167,0.00549945,0,-0.000333333,-0.000955063,-0.00272641,0.000890356,0.323768,0,0.00533333,0.00733333,0.00474979,0.0105006,9.999e-05,0,0.000333333,0.000399768,-0.00251675,0.00301633,0.786221,0,0,0
network,recipe:krause_2022,recipe:tirole_2022,0.1,1048,20,0,0.749445,0.0288333,0.0293667,0.0268248,0.0317504,9.999e-05,0,-0.000146312,-5.20844e-05,-0.00144378,0.00142946,0.943506,0,-0.0355,-0.0361583,-0.0392002,-0.0331915,9.999e-05,0,0.000345948,-0.000122436,-0.00254569,0.00186488,0.915008,0,0,0
network,recipe:krause_2022,recipe:tirole_2022,0.25,1048,20,0,0.749445,0.0288333,0.0293667,0.0268248,0.0317504,9.999e-05,0,-0.0106689,-0.0108187,-0.0123401,-0.00945022,9.999e-05,0,-0.0355,-0.0361583,-0.0392002,-0.0331915,9.999e-05,0,-0.015,-0.0147092,-0.0169682,-0.0127075,9.999e-05,0,0,0
network,recipe:krause_2022,recipe:tirole_2022,0.5,1048,20,0,0.749445,0.0288333,0.0293667,0.0268248,0.0317504,9.999e-05,0,-0.0196667,-0.0197755,-0.0213835,-0.018051,9.999e-05,0,-0.0355,-0.0361583,-0.0392002,-0.0331915,9.999e-05,0,-0.0273333,-0.027534,-0.0304689,-0.0247819,9.999e-05,0,0,0
network,recipe:krause_2022,recipe:yamamoto_2017,0.1,1130,20,0,0.785891,-0.018,-0.0174667,-0.0197752,-0.0152917,9.999e-05,0,-0.00643193,-0.00741479,-0.00890125,-0.00587777,9.999e-05,0,0.0206667,0.0208583,0.0188667,0.0228667,9.999e-05,0,-0.0127732,-0.0132712,-0.0156109,-0.0110949,9.999e-05,0,0,0
network,recipe:krause_2022,recipe:yamamoto_2017,0.25,1130,20,0,0.785891,-0.018,-0.0174667,-0.0197752,-0.0152917,9.999e-05,0,-0.00266667,-0.0027278,-0.00355384,-0.00188627,9.999e-05,0,0.0206667,0.0208583,0.0188667,0.0228667,9.999e-05,0,-0.00566667,-0.00655582,-0.0084019,-0.00495953,9.999e-05,0,0,0
network,recipe:krause_2022,recipe:yamamoto_2017,0.5,1130,20,0,0.785891,-0.018,-0.0174667,-0.0197752,-0.0152917,9.999e-05,0,0.00100106,0.000910095,-8.37143e-05,0.00191102,0.0991901,0,0.0206667,0.0208583,0.0188667,0.0228667,9.999e-05,0,0.000983788,0.00152949,0.000424777,0.00263556,0.019798,0,0,0
network,recipe:krause_2022,recipe:yang_2024,0.1,888,20,0,0.651714,0.025,0.0261083,0.0236662,0.0291252,9.999e-05,0,-0.00133333,-0.0012208,-0.0037054,0.000957009,0.324668,0,-0.0265,-0.0271833,-0.0289252,-0.0255165,9.999e-05,0,0.000339171,-2.27961e-05,-0.00221258,0.00190363,0.985601,0,0,0
network,recipe:krause_2022,recipe:yang_2024,0.25,888,20,0,0.651714,0.025,0.0261083,0.0236662,0.0291252,9.999e-05,0,-0.0123992,-0.0119865,-0.0143862,-0.00999851,9.999e-05,0,-0.0265,-0.0271833,-0.0289252,-0.0255165,9.999e-05,0,-0.0143333,-0.014773,-0.0168108,-0.0130501,9.999e-05,0,0,0
network,recipe:krause_2022,recipe:yang_2024,0.5,888,20,0,0.651714,0.025,0.0261083,0.0236662,0.0291252,9.999e-05,0,-0.019,-0.0196264,-0.0219058,-0.0176431,9.999e-05,0,-0.0265,-0.0271833,-0.0289252,-0.0255165,9.999e-05,0,-0.0223335,-0.0226523,-0.0241611,-0.0212507,9.999e-05,0,0,0
network,recipe:liu_2023,recipe:michon_2019,0.1,440,20,0,0.433142,-0.00233333,-0.00208333,-0.00448333,0.000484167,0.147385,0,0.00397675,0.00408266,0.00260996,0.00560054,0.00029997,0,0.00233333,0.00166667,-0.00025,0.00365,0.130187,0,0.00266667,0.00329726,0.00181709,0.00468286,0.00029997,0,0,0
network,recipe:liu_2023,recipe:michon_2019,0.25,440,20,0,0.433142,-0.00233333,-0.00208333,-0.00448333,0.000484167,0.147385,0,0.00533333,0.00596857,0.00444754,0.00749473,9.999e-05,0,0.00233333,0.00166667,-0.00025,0.00365,0.130187,0,0.004,0.00329111,0.00193737,0.00458558,0.00059994,0,0,0
network,recipe:liu_2023,recipe:michon_2019,0.5,440,20,0,0.433142,-0.00233333,-0.00208333,-0.00448333,0.000484167,0.147385,0,0.004,0.00448395,0.0026969,0.00621811,0.00029997,0,0.00233333,0.00166667,-0.00025,0.00365,0.130187,0,0.00333333,0.00251461,0.000819138,0.0042575,0.0132987,0,0,0
network,recipe:liu_2023,recipe:michon_2021,0.1,440,20,0,0.433142,-0.00233333,-0.00208333,-0.00448333,0.000484167,0.147385,0,0.00397675,0.00408266,0.00260996,0.00560054,0.00029997,0,0.00233333,0.00166667,-0.00025,0.00365,0.130187,0,0.00266667,0.00329726,0.00181709,0.00468286,0.00029997,0,0,0
network,recipe:liu_2023,recipe:michon_2021,0.25,440,20,0,0.433142,-0.00233333,-0.00208333,-0.00448333,0.000484167,0.147385,0,0.00533333,0.00596857,0.00444754,0.00749473,9.999e-05,0,0.00233333,0.00166667,-0.00025,0.00365,0.130187,0,0.004,0.00329111,0.00193737,0.00458558,0.00059994,0,0,0
network,recipe:liu_2023,recipe:michon_2021,0.5,440,20,0,0.433142,-0.00233333,-0.00208333,-0.00448333,0.000484167,0.147385,0,0.004,0.00448395,0.0026969,0.00621811,0.00029997,0,0.00233333,0.00166667,-0.00025,0.00365,0.130187,0,0.00333333,0.00251461,0.000819138,0.0042575,0.0132987,0,0,0
network,recipe:liu_2023,recipe:muessig_2019,0.1,189,20,0,0.202896,-0.03,-0.0320167,-0.0374517,-0.0273662,9.999e-05,0,-0.0113333,-0.00994153,-0.0136061,-0.00580826,0.00049995,0,0.0386667,0.0368833,0.0320663,0.0412671,9.999e-05,0,-0.014,-0.0122643,-0.016365,-0.00746466,0.00059994,0,0,0
network,recipe:liu_2023,recipe:muessig_2019,0.25,189,20,0,0.202896,-0.03,-0.0320167,-0.0374517,-0.0273662,9.999e-05,0,0.0116594,0.00878253,0.00407581,0.0130203,0.00169983,0,0.0386667,0.0368833,0.0320663,0.0412671,9.999e-05,0,0.014,0.0107992,0.00380051,0.0176534,0.00729927,0,0,0
network,recipe:liu_2023,recipe:muessig_2019,0.5,189,20,0,0.202896,-0.03,-0.0320167,-0.0374517,-0.0273662,9.999e-05,0,0.016,0.0155011,0.010901,0.0196671,9.999e-05,0,0.0386667,0.0368833,0.0320663,0.0412671,9.999e-05,0,0.0282888,0.0264646,0.0217959,0.0312374,9.999e-05,0,0,0
network,recipe:liu_2023,recipe:tirole_2022,0.1,798,20,0,0.66235,0.008,0.00811667,0.00601667,0.0103,9.999e-05,0,-0.00133333,-0.00163358,-0.00298399,-0.000393814,0.0237976,0,-0.008,-0.00886667,-0.0113833,-0.00646667,9.999e-05,0,-0.00133333,-0.00104047,-0.00201715,-1.57972e-05,0.0613939,0,0,0
network,recipe:liu_2023,recipe:tirole_2022,0.25,798,20,0,0.66235,0.008,0.00811667,0.00601667,0.0103,9.999e-05,0,-0.00266667,-0.00327021,-0.0049673,-0.00173042,0.00059994,0,-0.008,-0.00886667,-0.0113833,-0.00646667,9.999e-05,0,-0.004,-0.00424562,-0.00631774,-0.00219883,0.00039996,0,0,0
network,recipe:liu_2023,recipe:tirole_2022,0.5,798,20,0,0.66235,0.008,0.00811667,0.00601667,0.0103,9.999e-05,0,-0.00466667,-0.00486571,-0.00675204,-0.00314177,0.00019998,0,-0.008,-0.00886667,-0.0113833,-0.00646667,9.999e-05,0,-0.006,-0.00728554,-0.00982409,-0.00495509,9.999e-05,0,0,0
network,recipe:liu_2023,recipe:yamamoto_2017,0.1,804,20,0,0.610734,-0.042,-0.04285,-0.0465337,-0.0394662,9.999e-05,0,-0.0131656,-0.0142968,-0.0162126,-0.0125977,9.999e-05,0,0.052,0.0519,0.0487667,0.0552333,9.999e-05,0,-0.0200341,-0.0194888,-0.0222703,-0.0167427,9.999e-05,0,0,0
network,recipe:liu_2023,recipe:yamamoto_2017,0.25,804,20,0,0.610734,-0.042,-0.04285,-0.0465337,-0.0394662,9.999e-05,0,-0.000416899,0.000125543,-0.00173959,0.00186486,0.893311,0,0.052,0.0519,0.0487667,0.0552333,9.999e-05,0,0.00127583,0.00181515,-0.000613585,0.00431326,0.176082,0,0,0
network,recipe:liu_2023,recipe:yamamoto_2017,0.5,804,20,0,0.610734,-0.042,-0.04285,-0.0465337,-0.0394662,9.999e-05,0,0.0146667,0.0155212,0.013072,0.0177564,9.999e-05,0,0.052,0.0519,0.0487667,0.0552333,9.999e-05,0,0.0239701,0.0234198,0.0205083,0.0262316,9.999e-05,0,0,0
network,recipe:liu_2023,recipe:yang_2024,0.1,667,20,0,0.584233,0.004,0.00428333,0.00396667,0.00465,9.999e-05,0,-0.002,-0.00191714,-0.00253662,-0.00133099,9.999e-05,0,-0.004,-0.00431667,-0.00463333,-0.00403333,9.999e-05,0,-0.002,-0.00120296,-0.00178768,-0.00056805,0.00269973,0,0,0
network,recipe:liu_2023,recipe:yang_2024,0.25,667,20,0,0.584233,0.004,0.00428333,0.00396667,0.00465,9.999e-05,0,-0.00333333,-0.00330293,-0.00367614,-0.00293204,9.999e-05,0,-0.004,-0.00431667,-0.00463333,-0.00403333,9.999e-05,0,-0.00333333,-0.0032,-0.00366667,-0.00276667,9.999e-05,0,0,0
network,recipe:liu_2023,recipe:yang_2024,0.5,667,20,0,0.584233,0.004,0.00428333,0.00396667,0.00465,9.999e-05,0,-0.004,-0.00380006,-0.00426672,-0.00336672,9.999e-05,0,-0.004,-0.00431667,-0.00463333,-0.00403333,9.999e-05,0,-0.004,-0.00391667,-0.0043,-0.00355,9.999e-05,0,0,0
network,recipe:michon_2019,recipe:michon_2021,0.1,554,20,0,1,0,0,0,0,1,0,0,0,0,0,1,0,0,0,0,0,1,0,0,0,0,0,1,0,0,0
network,recipe:michon_2019,recipe:michon_2021,0.25,554,20,0,1,0,0,0,0,1,0,0,0,0,0,1,0,0,0,0,0,1,0,0,0,0,0,1,0,0,0
network,recipe:michon_2019,recipe:michon_2021,0.5,554,20,0,1,0,0,0,0,1,0,0,0,0,0,1,0,0,0,0,0,1,0,0,0,0,0,1,0,0,0
network,recipe:michon_2019,recipe:muessig_2019,0.1,132,20,0,0.209378,-0.0346667,-0.0368333,-0.0440342,-0.0296992,9.999e-05,0,-0.0122474,-0.0109164,-0.0162588,-0.00483111,0.00369963,0,0.0433333,0.0491833,0.0405325,0.0581671,9.999e-05,0,-0.0130941,-0.0168185,-0.0239623,-0.0104749,9.999e-05,0,0,0
network,recipe:michon_2019,recipe:muessig_2019,0.25,132,20,0,0.209378,-0.0346667,-0.0368333,-0.0440342,-0.0296992,9.999e-05,0,0.006,0.00381382,-0.00236955,0.0103926,0.277872,0,0.0433333,0.0491833,0.0405325,0.0581671,9.999e-05,0,0.0106667,0.00295313,-0.00625515,0.0106357,0.488251,0,0,0
network,recipe:michon_2019,recipe:muessig_2019,0.5,132,20,0,0.209378,-0.0346667,-0.0368333,-0.0440342,-0.0296992,9.999e-05,0,0.013206,0.0150008,0.00918162,0.0218712,0.00019998,0,0.0433333,0.0491833,0.0405325,0.0581671,9.999e-05,0,0.024,0.0243305,0.0164731,0.0315362,9.999e-05,0,0,0
network,recipe:michon_2019,recipe:tirole_2022,0.1,520,20,0,0.461833,0.008,0.0077,0.00709958,0.00828333,9.999e-05,0,-0.00563352,-0.00522759,-0.00611906,-0.00430223,9.999e-05,0,-0.008,-0.00876667,-0.00965,-0.00794958,9.999e-05,0,-0.006,-0.00539526,-0.00664589,-0.00407224,9.999e-05,0,0,0
network,recipe:michon_2019,recipe:tirole_2022,0.25,520,20,0,0.461833,0.008,0.0077,0.00709958,0.00828333,9.999e-05,0,-0.00733333,-0.00713223,-0.007817,-0.0064,9.999e-05,0,-0.008,-0.00876667,-0.00965,-0.00794958,9.999e-05,0,-0.008,-0.00768671,-0.00866797,-0.00675315,9.999e-05,0,0,0
network,recipe:michon_2019,recipe:tirole_2022,0.5,520,20,0,0.461833,0.008,0.0077,0.00709958,0.00828333,9.999e-05,0,-0.00791229,-0.00746667,-0.00808333,-0.00681667,9.999e-05,0,-0.008,-0.00876667,-0.00965,-0.00794958,9.999e-05,0,-0.008,-0.00851667,-0.0093,-0.00773333,9.999e-05,0,0,0
network,recipe:michon_2019,recipe:yamamoto_2017,0.1,534,20,0,0.433035,-0.0346667,-0.0362833,-0.0392667,-0.03345,9.999e-05,0,-0.02,-0.018242,-0.0207175,-0.0157375,9.999e-05,0,0.05,0.0501833,0.0454992,0.0548,9.999e-05,0,-0.0253333,-0.0259412,-0.0298005,-0.0225268,9.999e-05,0,0,0
network,recipe:michon_2019,recipe:yamamoto_2017,0.25,534,20,0,0.433035,-0.0346667,-0.0362833,-0.0392667,-0.03345,9.999e-05,0,-0.00674798,-0.00642732,-0.00888845,-0.00380964,9.999e-05,0,0.05,0.0501833,0.0454992,0.0548,9.999e-05,0,-0.00620872,-0.00671058,-0.010273,-0.00373914,0.00049995,0,0,0
network,recipe:michon_2019,recipe:yamamoto_2017,0.5,534,20,0,0.433035,-0.0346667,-0.0362833,-0.0392667,-0.03345,9.999e-05,0,0.01,0.00932959,0.00691777,0.0116968,9.999e-05,0,0.05,0.0501833,0.0454992,0.0548,9.999e-05,0,0.0153333,0.0137171,0.00997205,0.0168286,9.999e-05,0,0,0
network,recipe:michon_2019,recipe:yang_2024,0.1,478,20,0,0.487802,0.0103333,0.0100833,0.00803292,0.01205,9.999e-05,0,-0.00666667,-0.00678048,-0.00871683,-0.00499455,9.999e-05,0,-0.00933333,-0.00948333,-0.0125171,-0.00714958,9.999e-05,0,-0.00485826,-0.00483883,-0.00635291,-0.00333939,0.00019998,0,0,0
network,recipe:michon_2019,recipe:yang_2024,0.25,478,20,0,0.487802,0.0103333,0.0100833,0.00803292,0.01205,9.999e-05,0,-0.00941112,-0.00912173,-0.0107594,-0.007583,9.999e-05,0,-0.00933333,-0.00948333,-0.0125171,-0.00714958,9.999e-05,0,-0.008,-0.00905659,-0.0119823,-0.00656586,9.999e-05,0,0,0
network,recipe:michon_2019,recipe:yang_2024,0.5,478,20,0,0.487802,0.0103333,0.0100833,0.00803292,0.01205,9.999e-05,0,-0.01,-0.010176,-0.0119255,-0.00839981,9.999e-05,0,-0.00933333,-0.00948333,-0.0125171,-0.00714958,9.999e-05,0,-0.00933333,-0.00997186,-0.0131168,-0.00754367,9.999e-05,0,0,0
network,recipe:michon_2021,recipe:muessig_2019,0.1,132,20,0,0.209378,-0.0346667,-0.0368333,-0.0440342,-0.0296992,9.999e-05,0,-0.0122474,-0.0109164,-0.0162588,-0.00483111,0.00369963,0,0.0433333,0.0491833,0.0405325,0.0581671,9.999e-05,0,-0.0130941,-0.0168185,-0.0239623,-0.0104749,9.999e-05,0,0,0
network,recipe:michon_2021,recipe:muessig_2019,0.25,132,20,0,0.209378,-0.0346667,-0.0368333,-0.0440342,-0.0296992,9.999e-05,0,0.006,0.00381382,-0.00236955,0.0103926,0.277872,0,0.0433333,0.0491833,0.0405325,0.0581671,9.999e-05,0,0.0106667,0.00295313,-0.00625515,0.0106357,0.488251,0,0,0
network,recipe:michon_2021,recipe:muessig_2019,0.5,132,20,0,0.209378,-0.0346667,-0.0368333,-0.0440342,-0.0296992,9.999e-05,0,0.013206,0.0150008,0.00918162,0.0218712,0.00019998,0,0.0433333,0.0491833,0.0405325,0.0581671,9.999e-05,0,0.024,0.0243305,0.0164731,0.0315362,9.999e-05,0,0,0
network,recipe:michon_2021,recipe:tirole_2022,0.1,520,20,0,0.461833,0.008,0.0077,0.00709958,0.00828333,9.999e-05,0,-0.00563352,-0.00522759,-0.00611906,-0.00430223,9.999e-05,0,-0.008,-0.00876667,-0.00965,-0.00794958,9.999e-05,0,-0.006,-0.00539526,-0.00664589,-0.00407224,9.999e-05,0,0,0
network,recipe:michon_2021,recipe:tirole_2022,0.25,520,20,0,0.461833,0.008,0.0077,0.00709958,0.00828333,9.999e-05,0,-0.00733333,-0.00713223,-0.007817,-0.0064,9.999e-05,0,-0.008,-0.00876667,-0.00965,-0.00794958,9.999e-05,0,-0.008,-0.00768671,-0.00866797,-0.00675315,9.999e-05,0,0,0
network,recipe:michon_2021,recipe:tirole_2022,0.5,520,20,0,0.461833,0.008,0.0077,0.00709958,0.00828333,9.999e-05,0,-0.00791229,-0.00746667,-0.00808333,-0.00681667,9.999e-05,0,-0.008,-0.00876667,-0.00965,-0.00794958,9.999e-05,0,-0.008,-0.00851667,-0.0093,-0.00773333,9.999e-05,0,0,0
network,recipe:michon_2021,recipe:yamamoto_2017,0.1,534,20,0,0.433035,-0.0346667,-0.0362833,-0.0392667,-0.03345,9.999e-05,0,-0.02,-0.018242,-0.0207175,-0.0157375,9.999e-05,0,0.05,0.0501833,0.0454992,0.0548,9.999e-05,0,-0.0253333,-0.0259412,-0.0298005,-0.0225268,9.999e-05,0,0,0
network,recipe:michon_2021,recipe:yamamoto_2017,0.25,534,20,0,0.433035,-0.0346667,-0.0362833,-0.0392667,-0.03345,9.999e-05,0,-0.00674798,-0.00642732,-0.00888845,-0.00380964,9.999e-05,0,0.05,0.0501833,0.0454992,0.0548,9.999e-05,0,-0.00620872,-0.00671058,-0.010273,-0.00373914,0.00049995,0,0,0
network,recipe:michon_2021,recipe:yamamoto_2017,0.5,534,20,0,0.433035,-0.0346667,-0.0362833,-0.0392667,-0.03345,9.999e-05,0,0.01,0.00932959,0.00691777,0.0116968,9.999e-05,0,0.05,0.0501833,0.0454992,0.0548,9.999e-05,0,0.0153333,0.0137171,0.00997205,0.0168286,9.999e-05,0,0,0
network,recipe:michon_2021,recipe:yang_2024,0.1,478,20,0,0.487802,0.0103333,0.0100833,0.00803292,0.01205,9.999e-05,0,-0.00666667,-0.00678048,-0.00871683,-0.00499455,9.999e-05,0,-0.00933333,-0.00948333,-0.0125171,-0.00714958,9.999e-05,0,-0.00485826,-0.00483883,-0.00635291,-0.00333939,0.00019998,0,0,0
network,recipe:michon_2021,recipe:yang_2024,0.25,478,20,0,0.487802,0.0103333,0.0100833,0.00803292,0.01205,9.999e-05,0,-0.00941112,-0.00912173,-0.0107594,-0.007583,9.999e-05,0,-0.00933333,-0.00948333,-0.0125171,-0.00714958,9.999e-05,0,-0.008,-0.00905659,-0.0119823,-0.00656586,9.999e-05,0,0,0
network,recipe:michon_2021,recipe:yang_2024,0.5,478,20,0,0.487802,0.0103333,0.0100833,0.00803292,0.01205,9.999e-05,0,-0.01,-0.010176,-0.0119255,-0.00839981,9.999e-05,0,-0.00933333,-0.00948333,-0.0125171,-0.00714958,9.999e-05,0,-0.00933333,-0.00997186,-0.0131168,-0.00754367,9.999e-05,0,0,0
network,recipe:muessig_2019,recipe:tirole_2022,0.1,214,20,0,0.194163,0.048,0.0527167,0.0466162,0.0591667,9.999e-05,0,0.0040214,0.00125873,-0.00410373,0.0063909,0.652935,0,-0.054,-0.0549833,-0.0627517,-0.0470333,9.999e-05,0,0.00916108,0.00949507,0.00526594,0.013284,0.00069993,0,0,0
network,recipe:muessig_2019,recipe:tirole_2022,0.25,214,20,0,0.194163,0.048,0.0527167,0.0466162,0.0591667,9.999e-05,0,-0.0175196,-0.0171394,-0.0223699,-0.0121051,9.999e-05,0,-0.054,-0.0549833,-0.0627517,-0.0470333,9.999e-05,0,-0.0198833,-0.0179949,-0.0231795,-0.0130241,9.999e-05,0,0,0
network,recipe:muessig_2019,recipe:tirole_2022,0.5,214,20,0,0.194163,0.048,0.0527167,0.0466162,0.0591667,9.999e-05,0,-0.0248504,-0.0263443,-0.031568,-0.0212362,9.999e-05,0,-0.054,-0.0549833,-0.0627517,-0.0470333,9.999e-05,0,-0.0366667,-0.0376612,-0.0445644,-0.0314827,9.999e-05,0,0,0
network,recipe:muessig_2019,recipe:yamamoto_2017,0.1,202,20,0,0.163649,-0.0106667,-0.01335,-0.01655,-0.0102167,9.999e-05,0,-0.0106667,-0.0128899,-0.0160546,-0.009833,9.999e-05,0,0.00933333,0.0108167,0.00751667,0.0145004,9.999e-05,0,-0.00899259,-0.0104496,-0.0141163,-0.00716629,9.999e-05,0,0,0
network,recipe:muessig_2019,recipe:yamamoto_2017,0.25,202,20,0,0.163649,-0.0106667,-0.01335,-0.01655,-0.0102167,9.999e-05,0,-0.00734556,-0.00985962,-0.012438,-0.00727863,9.999e-05,0,0.00933333,0.0108167,0.00751667,0.0145004,9.999e-05,0,-0.00639817,-0.00859966,-0.0108788,-0.00650797,9.999e-05,0,0,0
network,recipe:muessig_2019,recipe:yamamoto_2017,0.5,202,20,0,0.163649,-0.0106667,-0.01335,-0.01655,-0.0102167,9.999e-05,0,-0.002,-0.00237277,-0.00498941,0.000412949,0.113389,0,0.00933333,0.0108167,0.00751667,0.0145004,9.999e-05,0,0,-0.000770533,-0.00283013,0.00130356,0.482152,0,0,0
network,recipe:muessig_2019,recipe:yang_2024,0.1,179,20,0,0.19105,0.044,0.0459,0.03995,0.0517833,9.999e-05,0,0.00676352,0.004347,-0.00150632,0.00972579,0.159584,0,-0.052,-0.0542667,-0.0615008,-0.0475496,9.999e-05,0,0.00462995,0.00388666,-0.0037163,0.0108091,0.326767,0,0,0
network,recipe:muessig_2019,recipe:yang_2024,0.25,179,20,0,0.19105,0.044,0.0459,0.03995,0.0517833,9.999e-05,0,-0.0192987,-0.0159935,-0.020372,-0.0116277,9.999e-05,0,-0.052,-0.0542667,-0.0615008,-0.0475496,9.999e-05,0,-0.0262341,-0.0275185,-0.0358402,-0.018604,0.00019998,0,0,0
network,recipe:muessig_2019,recipe:yang_2024,0.5,179,20,0,0.19105,0.044,0.0459,0.03995,0.0517833,9.999e-05,0,-0.024,-0.0263181,-0.0309531,-0.0219281,9.999e-05,0,-0.052,-0.0542667,-0.0615008,-0.0475496,9.999e-05,0,-0.0386667,-0.0422255,-0.0496495,-0.0356586,9.999e-05,0,0,0
network,recipe:tirole_2022,recipe:yamamoto_2017,0.1,972,20,0,0.723718,-0.052,-0.0514167,-0.0543671,-0.0485996,9.999e-05,0,-0.012,-0.0115369,-0.0133459,-0.00978862,9.999e-05,0,0.062,0.0613167,0.0575496,0.0650504,9.999e-05,0,-0.0153333,-0.0165743,-0.0186249,-0.0144617,9.999e-05,0,0,0
network,recipe:tirole_2022,recipe:yamamoto_2017,0.25,972,20,0,0.723718,-0.052,-0.0514167,-0.0543671,-0.0485996,9.999e-05,0,0.00673063,0.00584295,0.00353053,0.0081652,0.00049995,0,0.062,0.0613167,0.0575496,0.0650504,9.999e-05,0,0.00702008,0.00774077,0.00531675,0.0102635,9.999e-05,0,0,0
network,recipe:tirole_2022,recipe:yamamoto_2017,0.5,972,20,0,0.723718,-0.052,-0.0514167,-0.0543671,-0.0485996,9.999e-05,0,0.0217945,0.0219857,0.020062,0.0241068,9.999e-05,0,0.062,0.0613167,0.0575496,0.0650504,9.999e-05,0,0.0308502,0.0306859,0.0278025,0.0337722,9.999e-05,0,0,0
network,recipe:tirole_2022,recipe:yang_2024,0.1,776,20,0,0.632865,0.000333333,0.000616667,-0.000850417,0.00211708,0.473753,0,-0.000666667,-0.000690749,-0.00192117,0.00038713,0.269673,0,0,0.000416667,-0.00165042,0.00245042,0.708929,0,0.000666667,-4.24328e-05,-0.00164182,0.00131365,0.957304,0,0,0
network,recipe:tirole_2022,recipe:yang_2024,0.25,776,20,0,0.632865,0.000333333,0.000616667,-0.000850417,0.00211708,0.473753,0,-0.00133333,-0.00199123,-0.00314945,-0.000902942,0.00329967,0,0,0.000416667,-0.00165042,0.00245042,0.708929,0,-3.64098e-06,-0.000518155,-0.00198687,0.000891438,0.493151,0,0,0
network,recipe:tirole_2022,recipe:yang_2024,0.5,776,20,0,0.632865,0.000333333,0.000616667,-0.000850417,0.00211708,0.473753,0,-0.00133333,-0.00142571,-0.00254238,-0.000375744,0.0225977,0,0,0.000416667,-0.00165042,0.00245042,0.708929,0,-0.000666667,-0.000328063,-0.00206808,0.00147532,0.727227,0,0,0
network,recipe:yamamoto_2017,recipe:yang_2024,0.1,858,20,0,0.678214,0.0506667,0.05095,0.0484496,0.0534171,9.999e-05,0,0.00885346,0.00854408,0.00582925,0.0110058,0.00019998,0,-0.0573333,-0.0573667,-0.0602004,-0.0547333,9.999e-05,0,0.0153333,0.0155697,0.013121,0.0182011,9.999e-05,0,0,0
network,recipe:yamamoto_2017,recipe:yang_2024,0.25,858,20,0,0.678214,0.0506667,0.05095,0.0484496,0.0534171,9.999e-05,0,-0.00801386,-0.00812685,-0.0114948,-0.00509376,9.999e-05,0,-0.0573333,-0.0573667,-0.0602004,-0.0547333,9.999e-05,0,-0.0093361,-0.00839228,-0.0107609,-0.00584448,9.999e-05,0,0,0
network,recipe:yamamoto_2017,recipe:yang_2024,0.5,858,20,0,0.678214,0.0506667,0.05095,0.0484496,0.0534171,9.999e-05,0,-0.0221719,-0.0233188,-0.0267094,-0.0200675,9.999e-05,0,-0.0573333,-0.0573667,-0.0602004,-0.0547333,9.999e-05,0,-0.0293333,-0.0294913,-0.0324584,-0.0263582,9.999e-05,0,0,0
