method,setting,n_matched_events,n_events,mean_matched,mean_all,ratio_of_means,ratio_of_means_low,ratio_of_means_high,ks_statistic,primary_expression,n_sessions,n_failures
Carey_candidate_detector,default,1782,1962,15.9804,15.3012,1.04438,1.03482,1.05505,0.0382623,network,20,0
Karlsson_ripple_detector,default,1377,1962,17.4524,15.3012,1.14059,1.12118,1.16109,0.1339,ripple,20,0
Kay_ripple_detector,default,1522,1962,16.6938,15.3012,1.09101,1.07685,1.10513,0.0879101,ripple,20,0
Long_sharp_wave_ripple_detector,default,1222,1962,17.4738,15.3012,1.14199,1.12145,1.16314,0.13181,ripple,20,0
Roumis_ripple_detector,default,1525,1962,16.6702,15.3012,1.08947,1.07549,1.1035,0.0867977,ripple,20,0
Shvartsman_ripple_detector,default,1267,1962,17.7056,15.3012,1.15714,1.13697,1.17941,0.148051,ripple,20,0
Yu_ripple_detector,default,1559,1962,16.4041,15.3012,1.07208,1.05992,1.08398,0.0678612,ripple,20,0
Zugaro_ripple_detector,default,1185,1962,17.7443,15.3012,1.15967,1.13666,1.18338,0.150274,ripple,20,0
multiunit_HSE_detector,default,1833,1962,15.7261,15.3012,1.02777,1.02039,1.03514,0.0256218,burst,20,0
recipe:ambrose_2016,literature,1435,1962,17.2557,15.3012,1.12774,1.11177,1.14384,0.1208,ripple,20,0
recipe:bendor_2012,literature,1306,1962,17.4747,15.3012,1.14205,1.12701,1.15636,0.116047,burst,20,0
recipe:berners_lee_2021,literature,1566,1962,16.364,15.3012,1.06946,1.05719,1.08155,0.0658488,ripple,20,0
recipe:berners_lee_2022,literature,1305,1962,16.7287,15.3012,1.09329,1.0773,1.10823,0.0759921,burst,20,0
recipe:bhattarai_2020,literature,795,1962,19.0528,15.3012,1.24518,1.22027,1.27293,0.207995,network,20,0
recipe:bhattarai_2020_ripples,literature,908,1962,18.9328,15.3012,1.23734,1.21622,1.26146,0.199544,ripple,20,0
recipe:bush_2022,literature,1230,1962,19.1659,15.3012,1.25257,1.22795,1.27687,0.222829,burst,20,0
recipe:carey_2019,literature,1797,1962,15.9215,15.3012,1.04054,1.03007,1.05137,0.0356158,network,20,0
recipe:carr_2012,literature,1377,1962,17.4524,15.3012,1.14059,1.12118,1.16109,0.1339,ripple,20,0
recipe:chenani_2019,literature,1323,1962,18.7354,15.3012,1.22444,1.2041,1.24398,0.192102,burst,20,0
recipe:davidson_2009,literature,1554,1962,16.4472,15.3012,1.0749,1.06442,1.08606,0.0636515,burst,20,0
recipe:denovellis_2021,literature,1519,1962,16.707,15.3012,1.09188,1.07892,1.1055,0.0883686,ripple,20,0
recipe:denovellis_2021_mua,literature,1832,1962,15.7336,15.3012,1.02826,1.02094,1.03529,0.02597,burst,20,0
recipe:diba_2007,literature,494,1962,21.6134,15.3012,1.41252,1.37603,1.45112,0.382298,burst,20,0
recipe:drieu_2018,literature,1516,1962,17.9294,15.3012,1.17176,1.1545,1.18991,0.148551,burst,20,0
recipe:farooq_2019_neuron,literature,553,1962,20.3906,15.3012,1.33261,1.2931,1.37399,0.296798,burst,20,0
recipe:farooq_2019_science,literature,549,1962,20.4627,15.3012,1.33732,1.29772,1.3776,0.302385,burst,20,0
recipe:farooq_2019_science_awake,literature,549,1962,20.4627,15.3012,1.33732,1.29772,1.3776,0.302385,burst,20,0
recipe:foster_2006,literature,298,1962,22.8154,15.3012,1.49109,1.45157,1.53432,0.452076,burst,20,0
recipe:foster_2006_ripples,literature,162,1962,17.8025,15.3012,1.16347,1.10069,1.2257,0.154434,ripple,20,0
recipe:gillespie_2021,literature,1522,1962,16.6938,15.3012,1.09101,1.07685,1.10513,0.0879101,ripple,20,0
recipe:gillespie_2021_mua,literature,1609,1962,16.4916,15.3012,1.0778,1.06678,1.08893,0.0659979,burst,20,0
recipe:gridchyn_2020,literature,1759,1962,15.8448,15.3012,1.03552,1.02862,1.04252,0.0354739,burst,20,0
recipe:grosmark_2016,literature,906,1962,18.8333,15.3012,1.23084,1.20759,1.25413,0.196711,network,20,0
recipe:gupta_2010,literature,1490,1962,15.8248,15.3012,1.03422,1.01963,1.04871,0.0313746,ripple,20,0
recipe:harvey_2023_code,literature,1079,1962,18.2271,15.3012,1.19122,1.16794,1.21513,0.16017,ripple,20,0
recipe:harvey_2023_no_radiatum,literature,1205,1962,17.8946,15.3012,1.16949,1.15395,1.18563,0.147442,ripple,20,0
recipe:harvey_2023_text,literature,1081,1962,17.7114,15.3012,1.15751,1.13222,1.18345,0.147465,ripple,20,0
recipe:huelin_gorriz_2023,literature,1096,1962,18.3558,15.3012,1.19963,1.18229,1.21868,0.167149,network,20,0
recipe:igata_2021,literature,1840,1962,15.7043,15.3012,1.02635,1.01889,1.034,0.0242826,burst,20,0
recipe:igata_2021_ripples,literature,1513,1962,16.4547,15.3012,1.07539,1.06207,1.08941,0.0707848,ripple,20,0
recipe:jadhav_2016,literature,1195,1962,17.5297,15.3012,1.14564,1.12489,1.16778,0.13721,ripple,20,0
recipe:ji_2007,literature,1411,1962,16.9426,15.3012,1.10727,1.0904,1.12682,0.0898626,burst,20,0
recipe:ji_2007_ripples,literature,10,1962,18.9,15.3012,1.2352,0.952919,1.42974,0.365749,ripple,20,0
recipe:kaefer_2020,literature,21,1962,18.5714,15.3012,1.21372,1.07294,1.33894,0.280035,ripple,20,0
recipe:karlsson_2009,literature,1377,1962,17.4524,15.3012,1.14059,1.12118,1.16109,0.1339,ripple,20,0
recipe:krause_2022,literature,1349,1962,17.6894,15.3012,1.15608,1.13993,1.17366,0.14165,network,20,0
recipe:krause_2022_hse,literature,1605,1962,16.4953,15.3012,1.07804,1.06763,1.0887,0.0656854,burst,20,0
recipe:kudrimoti_1999,literature,49,1962,18.8163,15.3012,1.22973,1.12383,1.32684,0.16417,ripple,20,0
recipe:lee_2002,literature,1854,1962,15.7907,15.3012,1.03199,1.02513,1.03972,0.0278198,burst,20,0
recipe:lee_2002_ripples,literature,162,1962,17.8025,15.3012,1.16347,1.10069,1.2257,0.154434,ripple,20,0
recipe:liu_2019,literature,1666,1962,15.5156,15.3012,1.01401,1.00289,1.02566,0.0126644,burst,20,0
recipe:liu_2019_awake,literature,1666,1962,15.5156,15.3012,1.01401,1.00289,1.02566,0.0126644,burst,20,0
recipe:liu_2023,literature,905,1962,18.695,15.3012,1.2218,1.19403,1.25029,0.181116,network,20,0
recipe:maboudi_2018,literature,1556,1962,16.8715,15.3012,1.10262,1.09156,1.11373,0.0834172,burst,20,0
recipe:maboudi_2018_open_field,literature,1448,1962,18.2383,15.3012,1.19195,1.17551,1.2071,0.161917,burst,20,0
recipe:mallory_2025,literature,1495,1962,18.0769,15.3012,1.1814,1.16584,1.19614,0.155214,burst,20,0
recipe:mallory_2025_ripples,literature,1354,1962,17.3767,15.3012,1.13564,1.11661,1.15673,0.127793,ripple,20,0
recipe:michon_2019,literature,554,1962,18.4513,15.3012,1.20587,1.1757,1.23583,0.158642,network,20,0
recipe:michon_2021,literature,554,1962,18.4513,15.3012,1.20587,1.1757,1.23583,0.158642,network,20,0
recipe:mou_2022,literature,1681,1962,16.1327,15.3012,1.05434,1.04187,1.06771,0.0469783,burst,20,0
recipe:muessig_2019,literature,220,1962,22.3818,15.3012,1.46275,1.41512,1.51433,0.416435,network,20,0
recipe:muessig_2019_ripples,literature,1527,1962,16.3582,15.3012,1.06908,1.05467,1.08374,0.0646658,ripple,20,0
recipe:nadasdy_1999,literature,867,1962,17.8674,15.3012,1.16771,1.14046,1.19429,0.15103,ripple,20,0
recipe:olafsdottir_2015,literature,1307,1962,18.5409,15.3012,1.21173,1.19247,1.23086,0.18129,burst,20,0
recipe:olafsdottir_2015.bayesian_candidates,literature,1176,1962,18.9983,15.3012,1.24162,1.21749,1.26491,0.207597,burst,20,0
recipe:olafsdottir_2016,literature,1098,1962,19.6685,15.3012,1.28542,1.25821,1.31262,0.244882,burst,20,0
recipe:olafsdottir_2017,literature,1457,1962,17.9828,15.3012,1.17526,1.15638,1.1951,0.147807,burst,20,0
recipe:olafsdottir_2017.trajectory,literature,1098,1962,19.6685,15.3012,1.28542,1.25821,1.31262,0.244882,burst,20,0
recipe:pfeiffer_2013,literature,1448,1962,18.2383,15.3012,1.19195,1.17551,1.2071,0.161917,burst,20,0
recipe:pfeiffer_2013_ripples,literature,1435,1962,17.2557,15.3012,1.12774,1.11177,1.14384,0.1208,ripple,20,0
recipe:pfeiffer_2015,literature,1435,1962,17.2557,15.3012,1.12774,1.11177,1.14384,0.1208,ripple,20,0
recipe:shin_2019,literature,1377,1962,17.4524,15.3012,1.14059,1.12118,1.16109,0.1339,ripple,20,0
recipe:silva_2015,literature,1186,1962,18.5135,15.3012,1.20994,1.18593,1.23308,0.175391,burst,20,0
recipe:stella_2019,literature,1182,1962,17.725,15.3012,1.15841,1.13536,1.18452,0.145946,ripple,20,0
recipe:tang_2017,literature,1377,1962,17.4524,15.3012,1.14059,1.12118,1.16109,0.1339,ripple,20,0
recipe:tirole_2022,literature,1096,1962,18.3558,15.3012,1.19963,1.18229,1.21868,0.167149,network,20,0
recipe:widloski_2025,literature,1033,1962,17.7967,15.3012,1.16309,1.14193,1.18432,0.148434,ripple,20,0
recipe:widloski_2025_bursts,literature,1015,1962,17.9606,15.3012,1.1738,1.14679,1.19923,0.143535,burst,20,0
recipe:wikenheiser_2013,literature,1692,1962,15.1838,15.3012,0.992326,0.982934,1.00069,0.0115384,ripple,20,0
recipe:wu_2014,literature,1672,1962,17.0251,15.3012,1.11266,1.09897,1.12614,0.0992872,burst,20,0
recipe:wu_2017,literature,1052,1962,17.9316,15.3012,1.1719,1.15276,1.18872,0.143858,burst,20,0
recipe:xu_2019,literature,1479,1962,18.1082,15.3012,1.18345,1.16672,1.19871,0.157102,burst,20,0
recipe:yamamoto_2017,literature,1220,1962,17.7541,15.3012,1.16031,1.14322,1.17888,0.129673,network,20,0
recipe:yang_2024,literature,906,1962,18.8333,15.3012,1.23084,1.20759,1.25413,0.196711,network,20,0
