method,setting,state,scoring,n_events,minutes,rate,rate_low,rate_high,true_events,true_rate,primary_expression,n_sessions,n_failures
Carey_candidate_detector,default,rest,interval,2633,135.808,19.3876,18.646,20.1115,2189,16.1183,network,20,0
Carey_candidate_detector,default,running,interval,97,64.1919,1.5111,1.12079,1.93669,355,5.5303,network,20,0
Karlsson_ripple_detector,default,rest,interval,1728,135.808,12.7238,12.1959,13.2293,2189,16.1183,ripple,20,0
Karlsson_ripple_detector,default,running,interval,22,64.1919,0.342723,0.168663,0.531822,355,5.5303,ripple,20,0
Kay_ripple_detector,default,rest,interval,2109,135.808,15.5293,14.9095,16.1845,2189,16.1183,ripple,20,0
Kay_ripple_detector,default,running,interval,49,64.1919,0.763337,0.562899,0.980907,355,5.5303,ripple,20,0
Long_sharp_wave_ripple_detector,default,rest,interval,1429,135.808,10.5222,9.92027,11.1018,2189,16.1183,ripple,20,0
Long_sharp_wave_ripple_detector,default,running,interval,0,64.1919,0,0,0,355,5.5303,ripple,20,0
Roumis_ripple_detector,default,rest,interval,2100,135.808,15.463,14.8593,16.0954,2189,16.1183,ripple,20,0
Roumis_ripple_detector,default,running,interval,52,64.1919,0.810072,0.615027,1.0059,355,5.5303,ripple,20,0
Shvartsman_ripple_detector,default,rest,interval,1451,135.808,10.6842,10.165,11.1626,2189,16.1183,ripple,20,0
Shvartsman_ripple_detector,default,running,interval,20,64.1919,0.311566,0.168032,0.473159,355,5.5303,ripple,20,0
Yu_ripple_detector,default,rest,interval,3107,135.808,22.8779,21.6391,24.1163,2189,16.1183,ripple,20,0
Yu_ripple_detector,default,running,interval,149,64.1919,2.32117,1.95889,2.67717,355,5.5303,ripple,20,0
Zugaro_ripple_detector,default,rest,interval,1533,135.808,11.288,10.7346,11.837,2189,16.1183,ripple,20,0
Zugaro_ripple_detector,default,running,interval,28,64.1919,0.436192,0.225601,0.673234,355,5.5303,ripple,20,0
multiunit_HSE_detector,default,rest,interval,5039,135.808,37.1038,36.0165,38.1281,2189,16.1183,burst,20,0
multiunit_HSE_detector,default,running,interval,367,64.1919,5.71724,5.12214,6.3405,355,5.5303,burst,20,0
recipe:ambrose_2016,literature,rest,interval,1604,135.808,11.8108,11.2779,12.3184,2189,16.1183,ripple,20,0
recipe:ambrose_2016,literature,running,interval,25,64.1919,0.389458,0.202316,0.593529,355,5.5303,ripple,20,0
recipe:bendor_2012,literature,rest,interval,1390,135.808,10.235,9.85826,10.5972,2189,16.1183,burst,20,0
recipe:bendor_2012,literature,running,interval,3,64.1919,0.0467349,0,0.107181,355,5.5303,burst,20,0
recipe:berners_lee_2021,literature,rest,interval,2520,135.808,18.5556,17.3463,19.749,2189,16.1183,ripple,20,0
recipe:berners_lee_2021,literature,running,interval,127,64.1919,1.97844,1.59578,2.36027,355,5.5303,ripple,20,0
recipe:berners_lee_2022,literature,rest,interval,1553,135.808,11.4352,11.0357,11.8105,2189,16.1183,burst,20,0
recipe:berners_lee_2022,literature,running,interval,24,64.1919,0.373879,0.232986,0.518294,355,5.5303,burst,20,0
recipe:bhattarai_2020,literature,rest,interval,811,135.808,5.97166,5.6404,6.28427,2189,16.1183,network,20,0
recipe:bhattarai_2020,literature,running,interval,3,64.1919,0.0467349,0,0.0941936,355,5.5303,network,20,0
recipe:bhattarai_2020_ripples,literature,rest,interval,920,135.808,6.77426,6.44505,7.0841,2189,16.1183,ripple,20,0
recipe:bhattarai_2020_ripples,literature,running,interval,2,64.1919,0.0311566,0,0.077338,355,5.5303,ripple,20,0
recipe:bush_2022,literature,rest,interval,1367,135.808,10.0657,9.54862,10.5526,2189,16.1183,burst,20,0
recipe:bush_2022,literature,running,interval,29,64.1919,0.451771,0.329797,0.577359,355,5.5303,burst,20,0
recipe:carey_2019,literature,rest,interval,3995,135.808,29.4165,27.1612,31.5941,2189,16.1183,network,20,0
recipe:carey_2019,literature,running,interval,243,64.1919,3.78553,3.13435,4.47882,355,5.5303,network,20,0
recipe:carr_2012,literature,rest,interval,1728,135.808,12.7238,12.1959,13.2293,2189,16.1183,ripple,20,0
recipe:carr_2012,literature,running,interval,22,64.1919,0.342723,0.168663,0.531822,355,5.5303,ripple,20,0
recipe:chenani_2019,literature,rest,interval,1468,135.808,10.8094,10.3021,11.2805,2189,16.1183,burst,20,0
recipe:chenani_2019,literature,running,interval,0,64.1919,0,0,0,355,5.5303,burst,20,0
recipe:davidson_2009,literature,rest,interval,1986,135.808,14.6236,14.1346,15.091,2189,16.1183,burst,20,0
recipe:davidson_2009,literature,running,interval,47,64.1919,0.73218,0.472517,1.02903,355,5.5303,burst,20,0
recipe:davidson_2009_ripples,literature,rest,peak_containment,2147,135.808,15.8091,15.0988,16.4961,2189,16.1183,ripple,20,0
recipe:davidson_2009_ripples,literature,running,peak_containment,188,64.1919,2.92872,2.20288,3.62701,355,5.5303,ripple,20,0
recipe:denovellis_2021,literature,rest,interval,2085,135.808,15.3525,14.7028,15.9664,2189,16.1183,ripple,20,0
recipe:denovellis_2021,literature,running,interval,44,64.1919,0.685445,0.49945,0.887524,355,5.5303,ripple,20,0
recipe:denovellis_2021_mua,literature,rest,interval,5041,135.808,37.1185,36.0437,38.1399,2189,16.1183,burst,20,0
recipe:denovellis_2021_mua,literature,running,interval,368,64.1919,5.73281,5.10161,6.44001,355,5.5303,burst,20,0
recipe:diba_2007,literature,rest,interval,499,135.808,3.6743,3.39687,3.98743,2189,16.1183,burst,20,0
recipe:diba_2007,literature,running,interval,0,64.1919,0,0,0,355,5.5303,burst,20,0
recipe:drieu_2018,literature,rest,interval,3137,135.808,23.0988,22.3404,23.909,2189,16.1183,burst,20,0
recipe:drieu_2018,literature,running,interval,0,64.1919,0,0,0,355,5.5303,burst,20,0
recipe:farooq_2019_neuron,literature,rest,interval,554,135.808,4.07928,3.75651,4.39637,2189,16.1183,burst,20,0
recipe:farooq_2019_neuron,literature,running,interval,0,64.1919,0,0,0,355,5.5303,burst,20,0
recipe:farooq_2019_science,literature,rest,interval,549,135.808,4.04247,3.73427,4.3444,2189,16.1183,burst,20,0
recipe:farooq_2019_science,literature,running,interval,0,64.1919,0,0,0,355,5.5303,burst,20,0
recipe:farooq_2019_science_awake,literature,rest,interval,549,135.808,4.04247,3.73427,4.3444,2189,16.1183,burst,20,0
recipe:farooq_2019_science_awake,literature,running,interval,0,64.1919,0,0,0,355,5.5303,burst,20,0
recipe:foster_2006,literature,rest,interval,298,135.808,2.19427,1.9045,2.46759,2189,16.1183,burst,20,0
recipe:foster_2006,literature,running,interval,0,64.1919,0,0,0,355,5.5303,burst,20,0
recipe:foster_2006_ripples,literature,rest,interval,290,135.808,2.13537,1.9328,2.36043,2189,16.1183,ripple,20,0
recipe:foster_2006_ripples,literature,running,interval,75,64.1919,1.16837,0.912552,1.39699,355,5.5303,ripple,20,0
recipe:gillespie_2021,literature,rest,interval,2109,135.808,15.5293,14.9095,16.1845,2189,16.1183,ripple,20,0
recipe:gillespie_2021,literature,running,interval,49,64.1919,0.763337,0.562899,0.980907,355,5.5303,ripple,20,0
recipe:gillespie_2021_mua,literature,rest,interval,2048,135.808,15.0801,14.6528,15.4677,2189,16.1183,burst,20,0
recipe:gillespie_2021_mua,literature,running,interval,42,64.1919,0.654289,0.427758,0.904714,355,5.5303,burst,20,0
recipe:gridchyn_2020,literature,rest,interval,7516,135.808,55.3428,54.7014,56.0473,2189,16.1183,burst,20,0
recipe:gridchyn_2020,literature,running,interval,2775,64.1919,43.2298,41.8262,44.5538,355,5.5303,burst,20,0
recipe:grosmark_2016,literature,rest,interval,913,135.808,6.72272,6.34042,7.07025,2189,16.1183,network,20,0
recipe:grosmark_2016,literature,running,interval,0,64.1919,0,0,0,355,5.5303,network,20,0
recipe:gupta_2010,literature,rest,interval,11938,135.808,87.9034,86.0403,89.9617,2189,16.1183,ripple,20,0
recipe:gupta_2010,literature,running,interval,5058,64.1919,78.795,75.654,81.7152,355,5.5303,ripple,20,0
recipe:harvey_2023_code,literature,rest,interval,1142,135.808,8.40892,7.92032,8.89256,2189,16.1183,ripple,20,0
recipe:harvey_2023_code,literature,running,interval,0,64.1919,0,0,0,355,5.5303,ripple,20,0
recipe:harvey_2023_no_radiatum,literature,rest,interval,1927,135.808,14.1891,13.3113,15.0614,2189,16.1183,ripple,20,0
recipe:harvey_2023_no_radiatum,literature,running,interval,308,64.1919,4.79812,4.11145,5.4995,355,5.5303,ripple,20,0
recipe:harvey_2023_text,literature,rest,interval,1216,135.808,8.95381,8.46751,9.42154,2189,16.1183,ripple,20,0
recipe:harvey_2023_text,literature,running,interval,136,64.1919,2.11865,1.70433,2.51507,355,5.5303,ripple,20,0
recipe:huelin_gorriz_2023,literature,rest,interval,1111,135.808,8.18066,7.81938,8.53417,2189,16.1183,network,20,0
recipe:huelin_gorriz_2023,literature,running,interval,0,64.1919,0,0,0,355,5.5303,network,20,0
recipe:igata_2021,literature,rest,interval,5578,135.808,41.0726,39.7997,42.2648,2189,16.1183,burst,20,0
recipe:igata_2021,literature,running,interval,1854,64.1919,28.8822,27.1781,30.7653,355,5.5303,burst,20,0
recipe:igata_2021_ripples,literature,rest,interval,8220,135.808,60.5266,58.4941,62.3258,2189,16.1183,ripple,20,0
recipe:igata_2021_ripples,literature,running,interval,1359,64.1919,21.1709,19.2102,23.0184,355,5.5303,ripple,20,0
recipe:jadhav_2016,literature,rest,interval,1421,135.808,10.4633,10.0651,10.8864,2189,16.1183,ripple,20,0
recipe:jadhav_2016,literature,running,interval,22,64.1919,0.342723,0.168663,0.531822,355,5.5303,ripple,20,0
recipe:ji_2007,literature,rest,interval,1552,135.808,11.4279,10.426,12.3402,2189,16.1183,burst,20,0
recipe:ji_2007,literature,running,interval,0,64.1919,0,0,0,355,5.5303,burst,20,0
recipe:ji_2007_ripples,literature,rest,interval,90,135.808,0.6627,0.532183,0.802928,2189,16.1183,ripple,20,0
recipe:ji_2007_ripples,literature,running,interval,53,64.1919,0.82565,0.622797,1.0185,355,5.5303,ripple,20,0
recipe:kaefer_2020,literature,rest,interval,75,135.808,0.55225,0.430959,0.677997,2189,16.1183,ripple,20,0
recipe:kaefer_2020,literature,running,interval,24,64.1919,0.373879,0.215827,0.533284,355,5.5303,ripple,20,0
recipe:karlsson_2009,literature,rest,interval,1728,135.808,12.7238,12.1959,13.2293,2189,16.1183,ripple,20,0
recipe:karlsson_2009,literature,running,interval,15,64.1919,0.233675,0.107478,0.3758,355,5.5303,ripple,20,0
recipe:krause_2022,literature,rest,interval,1461,135.808,10.7578,10.2992,11.2242,2189,16.1183,network,20,0
recipe:krause_2022,literature,running,interval,13,64.1919,0.202518,0.0773652,0.346897,355,5.5303,network,20,0
recipe:krause_2022_hse,literature,rest,interval,1948,135.808,14.3438,13.9456,14.728,2189,16.1183,burst,20,0
recipe:krause_2022_hse,literature,running,interval,38,64.1919,0.591975,0.333815,0.886787,355,5.5303,burst,20,0
recipe:kudrimoti_1999,literature,rest,interval,58,135.808,0.427073,0.341012,0.509543,2189,16.1183,ripple,20,0
recipe:kudrimoti_1999,literature,running,interval,0,64.1919,0,0,0,355,5.5303,ripple,20,0
recipe:lee_2002,literature,rest,interval,28788,135.808,211.976,210.341,213.473,2189,16.1183,burst,20,0
recipe:lee_2002,literature,running,interval,0,64.1919,0,0,0,355,5.5303,burst,20,0
recipe:lee_2002_ripples,literature,rest,interval,290,135.808,2.13537,1.9328,2.36043,2189,16.1183,ripple,20,0
recipe:lee_2002_ripples,literature,running,interval,75,64.1919,1.16837,0.912552,1.39699,355,5.5303,ripple,20,0
recipe:liu_2019,literature,rest,interval,12503,135.808,92.0637,90.5002,93.7099,2189,16.1183,burst,20,0
recipe:liu_2019,literature,running,interval,0,64.1919,0,0,0,355,5.5303,burst,20,0
recipe:liu_2019_awake,literature,rest,interval,12503,135.808,92.0637,90.5002,93.7099,2189,16.1183,burst,20,0
recipe:liu_2019_awake,literature,running,interval,0,64.1919,0,0,0,355,5.5303,burst,20,0
recipe:liu_2023,literature,rest,interval,908,135.808,6.6859,6.28481,7.06598,2189,16.1183,network,20,0
recipe:liu_2023,literature,running,interval,0,64.1919,0,0,0,355,5.5303,network,20,0
recipe:maboudi_2018,literature,rest,interval,1828,135.808,13.4602,13.051,13.8458,2189,16.1183,burst,20,0
recipe:maboudi_2018,literature,running,interval,24,64.1919,0.373879,0.170914,0.611114,355,5.5303,burst,20,0
recipe:maboudi_2018_open_field,literature,rest,interval,1932,135.808,14.226,13.7145,14.7181,2189,16.1183,burst,20,0
recipe:maboudi_2018_open_field,literature,running,interval,59,64.1919,0.91912,0.670076,1.21093,355,5.5303,burst,20,0
recipe:mallory_2025,literature,rest,interval,2228,135.808,16.4055,15.7825,17.0117,2189,16.1183,burst,20,0
recipe:mallory_2025,literature,running,interval,72,64.1919,1.12164,0.777627,1.48093,355,5.5303,burst,20,0
recipe:mallory_2025_ripples,literature,rest,interval,1648,135.808,12.1348,11.6068,12.6257,2189,16.1183,ripple,20,0
recipe:mallory_2025_ripples,literature,running,interval,37,64.1919,0.576397,0.325387,0.834362,355,5.5303,ripple,20,0
recipe:michon_2019,literature,rest,interval,554,135.808,4.07928,3.81634,4.35095,2189,16.1183,network,20,0
recipe:michon_2019,literature,running,interval,0,64.1919,0,0,0,355,5.5303,network,20,0
recipe:michon_2021,literature,rest,interval,554,135.808,4.07928,3.81634,4.35095,2189,16.1183,network,20,0
recipe:michon_2021,literature,running,interval,0,64.1919,0,0,0,355,5.5303,network,20,0
recipe:mou_2022,literature,rest,interval,2709,135.808,19.9473,16.8764,23.1519,2189,16.1183,burst,20,0
recipe:mou_2022,literature,running,interval,469,64.1919,7.30622,4.65771,10.1471,355,5.5303,burst,20,0
recipe:muessig_2019,literature,rest,interval,220,135.808,1.61993,1.45968,1.78677,2189,16.1183,network,20,0
recipe:muessig_2019,literature,running,interval,0,64.1919,0,0,0,355,5.5303,network,20,0
recipe:muessig_2019_ripples,literature,rest,interval,36202,135.808,266.567,261.877,270.995,2189,16.1183,ripple,20,0
recipe:muessig_2019_ripples,literature,running,interval,10676,64.1919,166.314,155.134,177.281,355,5.5303,ripple,20,0
recipe:nadasdy_1999,literature,rest,interval,1086,135.808,7.99657,7.6594,8.29326,2189,16.1183,ripple,20,0
recipe:nadasdy_1999,literature,running,interval,0,64.1919,0,0,0,355,5.5303,ripple,20,0
recipe:olafsdottir_2015,literature,rest,interval,2063,135.808,15.1905,14.3927,16.0251,2189,16.1183,burst,20,0
recipe:olafsdottir_2015,literature,running,interval,0,64.1919,0,0,0,355,5.5303,burst,20,0
recipe:olafsdottir_2015.bayesian_candidates,literature,rest,interval,1490,135.808,10.9714,10.3885,11.5545,2189,16.1183,burst,20,0
recipe:olafsdottir_2015.bayesian_candidates,literature,running,interval,0,64.1919,0,0,0,355,5.5303,burst,20,0
recipe:olafsdottir_2016,literature,rest,interval,1167,135.808,8.593,8.11461,9.07031,2189,16.1183,burst,20,0
recipe:olafsdottir_2016,literature,running,interval,27,64.1919,0.420614,0.278322,0.576573,355,5.5303,burst,20,0
recipe:olafsdottir_2017,literature,rest,interval,3088,135.808,22.738,22.1052,23.3836,2189,16.1183,burst,20,0
recipe:olafsdottir_2017,literature,running,interval,0,64.1919,0,0,0,355,5.5303,burst,20,0
recipe:olafsdottir_2017.trajectory,literature,rest,interval,1167,135.808,8.593,8.11461,9.07031,2189,16.1183,burst,20,0
recipe:olafsdottir_2017.trajectory,literature,running,interval,0,64.1919,0,0,0,355,5.5303,burst,20,0
recipe:pfeiffer_2013,literature,rest,interval,1932,135.808,14.226,13.7145,14.7181,2189,16.1183,burst,20,0
recipe:pfeiffer_2013,literature,running,interval,59,64.1919,0.91912,0.670076,1.21093,355,5.5303,burst,20,0
recipe:pfeiffer_2013_ripples,literature,rest,interval,1604,135.808,11.8108,11.2779,12.3184,2189,16.1183,ripple,20,0
recipe:pfeiffer_2013_ripples,literature,running,interval,25,64.1919,0.389458,0.202316,0.593529,355,5.5303,ripple,20,0
recipe:pfeiffer_2015,literature,rest,interval,1604,135.808,11.8108,11.2779,12.3184,2189,16.1183,ripple,20,0
recipe:pfeiffer_2015,literature,running,interval,22,64.1919,0.342723,0.186595,0.512287,355,5.5303,ripple,20,0
recipe:shin_2019,literature,rest,interval,1728,135.808,12.7238,12.1959,13.2293,2189,16.1183,ripple,20,0
recipe:shin_2019,literature,running,interval,22,64.1919,0.342723,0.168663,0.531822,355,5.5303,ripple,20,0
recipe:silva_2015,literature,rest,interval,1399,135.808,10.3013,9.83377,10.7583,2189,16.1183,burst,20,0
recipe:silva_2015,literature,running,interval,29,64.1919,0.451771,0.311521,0.595918,355,5.5303,burst,20,0
recipe:stella_2019,literature,rest,interval,1923,135.808,14.1597,13.6341,14.6346,2189,16.1183,ripple,20,0
recipe:stella_2019,literature,running,interval,0,64.1919,0,0,0,355,5.5303,ripple,20,0
recipe:tang_2017,literature,rest,interval,1728,135.808,12.7238,12.1959,13.2293,2189,16.1183,ripple,20,0
recipe:tang_2017,literature,running,interval,22,64.1919,0.342723,0.168663,0.531822,355,5.5303,ripple,20,0
recipe:tirole_2022,literature,rest,interval,1111,135.808,8.18066,7.81938,8.53417,2189,16.1183,network,20,0
recipe:tirole_2022,literature,running,interval,0,64.1919,0,0,0,355,5.5303,network,20,0
recipe:widloski_2025,literature,rest,interval,1133,135.808,8.34265,7.99329,8.67907,2189,16.1183,ripple,20,0
recipe:widloski_2025,literature,running,interval,82,64.1919,1.27742,0.99636,1.53846,355,5.5303,ripple,20,0
recipe:widloski_2025_bursts,literature,rest,interval,1041,135.808,7.66523,7.3698,7.97826,2189,16.1183,burst,20,0
recipe:widloski_2025_bursts,literature,running,interval,0,64.1919,0,0,0,355,5.5303,burst,20,0
recipe:wikenheiser_2013,literature,rest,interval,18098,135.808,133.262,131.12,135.329,2189,16.1183,ripple,20,0
recipe:wikenheiser_2013,literature,running,interval,0,64.1919,0,0,0,355,5.5303,ripple,20,0
recipe:wu_2014,literature,rest,interval,5929,135.808,43.6572,41.7255,45.5928,2189,16.1183,burst,20,0
recipe:wu_2014,literature,running,interval,575,64.1919,8.95752,8.11952,9.84814,355,5.5303,burst,20,0
recipe:wu_2014_ripples,literature,rest,peak_containment,3029,135.808,22.3035,21.4903,23.1343,2189,16.1183,ripple,20,0
recipe:wu_2014_ripples,literature,running,peak_containment,518,64.1919,8.06956,6.68837,9.47059,355,5.5303,ripple,20,0
recipe:wu_2017,literature,rest,interval,1179,135.808,8.68136,8.28171,9.05934,2189,16.1183,burst,20,0
recipe:wu_2017,literature,running,interval,18,64.1919,0.280409,0.14284,0.427684,355,5.5303,burst,20,0
recipe:xu_2019,literature,rest,interval,1975,135.808,14.5426,14.0636,15.0541,2189,16.1183,burst,20,0
recipe:xu_2019,literature,running,interval,194,64.1919,3.02219,2.54903,3.57205,355,5.5303,burst,20,0
recipe:yamamoto_2017,literature,rest,interval,1544,135.808,11.369,10.6094,12.147,2189,16.1183,network,20,0
recipe:yamamoto_2017,literature,running,interval,14,64.1919,0.218096,0.078048,0.399423,355,5.5303,network,20,0
recipe:yang_2024,literature,rest,interval,913,135.808,6.72272,6.34042,7.07025,2189,16.1183,network,20,0
recipe:yang_2024,literature,running,interval,0,64.1919,0,0,0,355,5.5303,network,20,0
