method,setting,subset,n_truth,n_split,split_rate,split_rate_low,split_rate_high,n_detected,n_merged,merge_rate,merge_rate_low,merge_rate_high,primary_expression,n_sessions,n_failures
Carey_candidate_detector,default,all,2189,12,0.00548196,0.00278145,0.00817348,2730,0,0,0,0,network,20,0
Carey_candidate_detector,default,ripple_doublet,202,11,0.0544554,0.0257732,0.0853081,213,0,0,0,0,network,20,0
Karlsson_ripple_detector,default,all,2028,30,0.0147929,0.00821635,0.0221136,1750,156,0.0891429,0.0760923,0.100809,ripple,20,0
Karlsson_ripple_detector,default,ripple_doublet,472,29,0.0614407,0.0347218,0.0929758,292,156,0.534247,0.479993,0.59329,ripple,20,0
Kay_ripple_detector,default,all,2028,48,0.0236686,0.0162766,0.0312966,2158,135,0.0625579,0.0528558,0.0715565,ripple,20,0
Kay_ripple_detector,default,ripple_doublet,472,47,0.0995763,0.0706843,0.132041,360,135,0.375,0.329946,0.42286,ripple,20,0
Long_sharp_wave_ripple_detector,default,all,2028,53,0.0261341,0.0193984,0.0328442,1429,83,0.0580826,0.0475857,0.0694282,ripple,20,0
Long_sharp_wave_ripple_detector,default,ripple_doublet,472,53,0.112288,0.0844418,0.141513,342,83,0.24269,0.19637,0.295388,ripple,20,0
Roumis_ripple_detector,default,all,2028,48,0.0236686,0.0157031,0.0323853,2152,138,0.0641264,0.0542303,0.0733794,ripple,20,0
Roumis_ripple_detector,default,ripple_doublet,472,47,0.0995763,0.0665198,0.137864,356,138,0.38764,0.335106,0.442426,ripple,20,0
Shvartsman_ripple_detector,default,all,2028,23,0.0113412,0.00494786,0.0189937,1471,151,0.102651,0.0875406,0.116495,ripple,20,0
Shvartsman_ripple_detector,default,ripple_doublet,472,22,0.0466102,0.0210244,0.0799219,272,151,0.555147,0.501741,0.614466,ripple,20,0
Yu_ripple_detector,default,all,2028,71,0.0350099,0.0272993,0.0431082,3256,137,0.0420762,0.0356257,0.0487197,ripple,20,0
Yu_ripple_detector,default,ripple_doublet,472,63,0.133475,0.101763,0.170389,375,137,0.365333,0.328238,0.406404,ripple,20,0
Zugaro_ripple_detector,default,all,2028,76,0.0374753,0.0294842,0.04595,1561,100,0.0640615,0.0483961,0.0800515,ripple,20,0
Zugaro_ripple_detector,default,ripple_doublet,472,74,0.15678,0.128772,0.18872,361,100,0.277008,0.221181,0.337856,ripple,20,0
multiunit_HSE_detector,default,all,1962,9,0.00458716,0.00200798,0.00793394,5406,5,0.000924898,0.00035791,0.00170005,burst,20,0
multiunit_HSE_detector,default,ripple_doublet,202,3,0.0148515,0,0.0330267,205,1,0.00487805,0,0.0147059,burst,20,0
recipe:ambrose_2016,literature,all,2028,2,0.000986193,0,0.00243668,1629,179,0.109883,0.0971495,0.123005,ripple,20,0
recipe:ambrose_2016,literature,ripple_doublet,472,2,0.00423729,0,0.0101015,243,179,0.736626,0.684873,0.79149,ripple,20,0
recipe:bendor_2012,literature,all,1962,2,0.00101937,0,0.00253424,1393,0,0,0,0,burst,20,0
recipe:bendor_2012,literature,ripple_doublet,202,2,0.00990099,0,0.0243932,182,0,0,0,0,burst,20,0
recipe:berners_lee_2021,literature,all,2028,4,0.00197239,0.000488514,0.00383551,2647,180,0.0680015,0.0587175,0.0788654,ripple,20,0
recipe:berners_lee_2021,literature,ripple_doublet,472,3,0.00635593,0,0.0133946,247,180,0.728745,0.67099,0.787042,ripple,20,0
recipe:berners_lee_2022,literature,all,1962,1,0.000509684,0,0.00155521,1577,1,0.000634115,0,0.00191693,burst,20,0
recipe:berners_lee_2022,literature,ripple_doublet,202,1,0.0049505,0,0.0164835,195,0,0,0,0,burst,20,0
recipe:bhattarai_2020,literature,all,2189,4,0.00182732,0,0.00416281,814,12,0.014742,0.00722892,0.0237254,network,20,0
recipe:bhattarai_2020,literature,ripple_doublet,202,4,0.019802,0,0.046875,164,3,0.0182927,0,0.0405405,network,20,0
recipe:bhattarai_2020_ripples,literature,all,2028,0,0,0,0,922,149,0.161605,0.140728,0.188244,ripple,20,0
recipe:bhattarai_2020_ripples,literature,ripple_doublet,472,0,0,0,0,168,148,0.880952,0.821175,0.93855,ripple,20,0
recipe:bush_2022,literature,all,1962,1,0.000509684,0,0.00157398,1396,0,0,0,0,burst,20,0
recipe:bush_2022,literature,ripple_doublet,202,1,0.0049505,0,0.0159596,178,0,0,0,0,burst,20,0
recipe:carey_2019,literature,all,2189,41,0.01873,0.0120759,0.0256648,4238,0,0,0,0,network,20,0
recipe:carey_2019,literature,ripple_doublet,202,24,0.118812,0.0769231,0.165001,227,0,0,0,0,network,20,0
recipe:carr_2012,literature,all,2028,30,0.0147929,0.00821635,0.0221136,1750,156,0.0891429,0.0760923,0.100809,ripple,20,0
recipe:carr_2012,literature,ripple_doublet,472,29,0.0614407,0.0347218,0.0929758,292,156,0.534247,0.479993,0.59329,ripple,20,0
recipe:chenani_2019,literature,all,1962,0,0,0,0,1468,1,0.000681199,0,0.00208485,burst,20,0
recipe:chenani_2019,literature,ripple_doublet,202,0,0,0,0,184,0,0,0,0,burst,20,0
recipe:davidson_2009,literature,all,1962,3,0.00152905,0,0.00320342,2033,5,0.00245942,0.000960592,0.00442701,burst,20,0
recipe:davidson_2009,literature,ripple_doublet,202,3,0.0148515,0,0.0330267,194,1,0.00515464,0,0.015625,burst,20,0
recipe:denovellis_2021,literature,all,2028,54,0.0266272,0.0184614,0.035908,2129,140,0.0657586,0.0547237,0.0763552,ripple,20,0
recipe:denovellis_2021,literature,ripple_doublet,472,53,0.112288,0.0804082,0.15385,363,140,0.385675,0.33497,0.442061,ripple,20,0
recipe:denovellis_2021_mua,literature,all,1962,9,0.00458716,0.00200798,0.00793394,5409,5,0.000924385,0.000357833,0.00169468,burst,20,0
recipe:denovellis_2021_mua,literature,ripple_doublet,202,3,0.0148515,0,0.0330267,205,1,0.00487805,0,0.0147059,burst,20,0
recipe:diba_2007,literature,all,1962,0,0,0,0,499,10,0.0200401,0.0114063,0.0283979,burst,20,0
recipe:diba_2007,literature,ripple_doublet,202,0,0,0,0,101,0,0,0,0,burst,20,0
recipe:drieu_2018,literature,all,1962,24,0.0122324,0.00794804,0.016932,3137,0,0,0,0,burst,20,0
recipe:drieu_2018,literature,ripple_doublet,202,9,0.0445545,0.0146341,0.0829016,201,0,0,0,0,burst,20,0
recipe:farooq_2019_neuron,literature,all,1962,0,0,0,0,554,0,0,0,0,burst,20,0
recipe:farooq_2019_neuron,literature,ripple_doublet,202,0,0,0,0,134,0,0,0,0,burst,20,0
recipe:farooq_2019_science,literature,all,1962,0,0,0,0,549,0,0,0,0,burst,20,0
recipe:farooq_2019_science,literature,ripple_doublet,202,0,0,0,0,134,0,0,0,0,burst,20,0
recipe:farooq_2019_science_awake,literature,all,1962,0,0,0,0,549,0,0,0,0,burst,20,0
recipe:farooq_2019_science_awake,literature,ripple_doublet,202,0,0,0,0,134,0,0,0,0,burst,20,0
recipe:foster_2006,literature,all,1962,0,0,0,0,298,2,0.00671141,0,0.0169506,burst,20,0
recipe:foster_2006,literature,ripple_doublet,202,0,0,0,0,71,0,0,0,0,burst,20,0
recipe:foster_2006_ripples,literature,all,2028,0,0,0,0,365,7,0.0191781,0.00588149,0.0330579,ripple,20,0
recipe:foster_2006_ripples,literature,ripple_doublet,472,0,0,0,0,37,7,0.189189,0.0740515,0.323549,ripple,20,0
recipe:gillespie_2021,literature,all,2028,48,0.0236686,0.0162766,0.0312966,2158,135,0.0625579,0.0528558,0.0715565,ripple,20,0
recipe:gillespie_2021,literature,ripple_doublet,472,47,0.0995763,0.0706843,0.132041,360,135,0.375,0.329946,0.42286,ripple,20,0
recipe:gillespie_2021_mua,literature,all,1962,3,0.00152905,0,0.00320342,2090,5,0.00239234,0.000938042,0.00428571,burst,20,0
recipe:gillespie_2021_mua,literature,ripple_doublet,202,3,0.0148515,0,0.0330267,199,1,0.00502513,0,0.0151515,burst,20,0
recipe:gridchyn_2020,literature,all,1962,85,0.0433231,0.0328199,0.053664,10291,0,0,0,0,burst,20,0
recipe:gridchyn_2020,literature,ripple_doublet,202,67,0.331683,0.251365,0.407088,266,0,0,0,0,burst,20,0
recipe:grosmark_2016,literature,all,2189,0,0,0,0,913,1,0.00109529,0,0.00332603,network,20,0
recipe:grosmark_2016,literature,ripple_doublet,202,0,0,0,0,168,0,0,0,0,network,20,0
recipe:gupta_2010,literature,all,2028,156,0.0769231,0.0629522,0.090448,16996,147,0.00864909,0.00723359,0.010038,ripple,20,0
recipe:gupta_2010,literature,ripple_doublet,472,82,0.173729,0.134852,0.215862,361,147,0.407202,0.361757,0.458828,ripple,20,0
recipe:harvey_2023_code,literature,all,2028,22,0.0108481,0.00701008,0.0149777,1142,63,0.0551664,0.0459269,0.0648472,ripple,20,0
recipe:harvey_2023_code,literature,ripple_doublet,472,22,0.0466102,0.0312468,0.0634597,217,63,0.290323,0.233181,0.35295,ripple,20,0
recipe:harvey_2023_no_radiatum,literature,all,2028,9,0.00443787,0.00187899,0.00737624,2235,133,0.0595078,0.0487908,0.07124,ripple,20,0
recipe:harvey_2023_no_radiatum,literature,ripple_doublet,472,9,0.0190678,0.007666,0.0312519,171,133,0.777778,0.714286,0.837508,ripple,20,0
recipe:harvey_2023_text,literature,all,2028,52,0.025641,0.0209534,0.0311124,1352,78,0.0576923,0.0442722,0.0725275,ripple,20,0
recipe:harvey_2023_text,literature,ripple_doublet,472,47,0.0995763,0.072517,0.125241,320,78,0.24375,0.193978,0.296924,ripple,20,0
recipe:huelin_gorriz_2023,literature,all,2189,0,0,0,0,1111,7,0.00630063,0.00267857,0.0102519,network,20,0
recipe:huelin_gorriz_2023,literature,ripple_doublet,202,0,0,0,0,195,1,0.00512821,0,0.0172439,network,20,0
recipe:igata_2021,literature,all,1962,12,0.00611621,0.00298656,0.0100001,7432,5,0.000672766,0.000257989,0.00124157,burst,20,0
recipe:igata_2021,literature,ripple_doublet,202,3,0.0148515,0,0.0330267,205,1,0.00487805,0,0.0147059,burst,20,0
recipe:igata_2021_ripples,literature,all,2028,1568,0.773176,0.756809,0.78976,9579,518,0.0540766,0.0451254,0.0626891,ripple,20,0
recipe:igata_2021_ripples,literature,ripple_doublet,472,419,0.887712,0.866141,0.909664,1232,518,0.420455,0.373971,0.472822,ripple,20,0
recipe:jadhav_2016,literature,all,2028,0,0,0,0,1443,115,0.0796951,0.0677469,0.0922769,ripple,20,0
recipe:jadhav_2016,literature,ripple_doublet,472,0,0,0,0,171,115,0.672515,0.609461,0.733789,ripple,20,0
recipe:ji_2007,literature,all,1962,0,0,0,0,1552,0,0,0,0,burst,20,0
recipe:ji_2007,literature,ripple_doublet,202,0,0,0,0,189,0,0,0,0,burst,20,0
recipe:ji_2007_ripples,literature,all,2028,0,0,0,0,143,0,0,0,0,ripple,20,0
recipe:ji_2007_ripples,literature,ripple_doublet,472,0,0,0,0,2,0,0,0,0,ripple,20,0
recipe:kaefer_2020,literature,all,2028,0,0,0,0,99,12,0.121212,0.0642104,0.182796,ripple,20,0
recipe:kaefer_2020,literature,ripple_doublet,472,0,0,0,0,12,12,1,1,1,ripple,20,0
recipe:karlsson_2009,literature,all,2028,30,0.0147929,0.00821635,0.0221136,1743,156,0.0895009,0.0764643,0.101195,ripple,20,0
recipe:karlsson_2009,literature,ripple_doublet,472,29,0.0614407,0.0347218,0.0929758,292,156,0.534247,0.479993,0.59329,ripple,20,0
recipe:krause_2022,literature,all,2189,27,0.0123344,0.00810008,0.016675,1474,1,0.000678426,0,0.0021097,network,20,0
recipe:krause_2022,literature,ripple_doublet,202,27,0.133663,0.0932522,0.17561,228,0,0,0,0,network,20,0
recipe:krause_2022_hse,literature,all,1962,1,0.000509684,0,0.00155527,1986,12,0.0060423,0.00307834,0.00906413,burst,20,0
recipe:krause_2022_hse,literature,ripple_doublet,202,1,0.0049505,0,0.015625,199,2,0.0100503,0,0.0235905,burst,20,0
recipe:kudrimoti_1999,literature,all,2028,0,0,0,0,58,1,0.0172414,0,0.0625,ripple,20,0
recipe:kudrimoti_1999,literature,ripple_doublet,472,0,0,0,0,11,1,0.0909091,0,0.3,ripple,20,0
recipe:lee_2002,literature,all,1962,2,0.00101937,0,0.00254842,28788,34,0.00118105,0.000805345,0.0015876,burst,20,0
recipe:lee_2002,literature,ripple_doublet,202,1,0.0049505,0,0.015625,203,2,0.00985222,0,0.0230441,burst,20,0
recipe:lee_2002_ripples,literature,all,2028,0,0,0,0,365,7,0.0191781,0.00588149,0.0330579,ripple,20,0
recipe:lee_2002_ripples,literature,ripple_doublet,472,0,0,0,0,37,7,0.189189,0.0740515,0.323549,ripple,20,0
recipe:liu_2019,literature,all,1962,2,0.00101937,0,0.00311054,12503,67,0.00535871,0.00406266,0.00670664,burst,20,0
recipe:liu_2019,literature,ripple_doublet,202,1,0.0049505,0,0.015625,176,11,0.0625,0.0304878,0.0988402,burst,20,0
recipe:liu_2019_awake,literature,all,1962,2,0.00101937,0,0.00311054,12503,67,0.00535871,0.00406266,0.00670664,burst,20,0
recipe:liu_2019_awake,literature,ripple_doublet,202,1,0.0049505,0,0.015625,176,11,0.0625,0.0304878,0.0988402,burst,20,0
recipe:liu_2023,literature,all,2189,2,0.000913659,0,0.00229253,908,0,0,0,0,network,20,0
recipe:liu_2023,literature,ripple_doublet,202,2,0.00990099,0,0.0255168,182,0,0,0,0,network,20,0
recipe:maboudi_2018,literature,all,1962,0,0,0,0,1852,12,0.00647948,0.00329652,0.00977265,burst,20,0
recipe:maboudi_2018,literature,ripple_doublet,202,0,0,0,0,198,2,0.010101,0,0.0238124,burst,20,0
recipe:maboudi_2018_open_field,literature,all,1962,7,0.00356779,0.00146169,0.00628297,1991,0,0,0,0,burst,20,0
recipe:maboudi_2018_open_field,literature,ripple_doublet,202,2,0.00990099,0,0.0235877,189,0,0,0,0,burst,20,0
recipe:mallory_2025,literature,all,1962,1,0.000509684,0,0.00154484,2300,0,0,0,0,burst,20,0
recipe:mallory_2025,literature,ripple_doublet,202,1,0.0049505,0,0.0143541,188,0,0,0,0,burst,20,0
recipe:mallory_2025_ripples,literature,all,2028,4,0.00197239,0.000490647,0.00379764,1685,162,0.0961424,0.0826008,0.111179,ripple,20,0
recipe:mallory_2025_ripples,literature,ripple_doublet,472,3,0.00635593,0,0.0133936,254,162,0.637795,0.566294,0.710904,ripple,20,0
recipe:michon_2019,literature,all,2189,0,0,0,0,554,0,0,0,0,network,20,0
recipe:michon_2019,literature,ripple_doublet,202,0,0,0,0,124,0,0,0,0,network,20,0
recipe:michon_2021,literature,all,2189,0,0,0,0,554,0,0,0,0,network,20,0
recipe:michon_2021,literature,ripple_doublet,202,0,0,0,0,124,0,0,0,0,network,20,0
recipe:mou_2022,literature,all,1962,0,0,0,0,3178,28,0.00881057,0.00499318,0.0121085,burst,20,0
recipe:mou_2022,literature,ripple_doublet,202,0,0,0,0,198,6,0.030303,0.00518068,0.0604651,burst,20,0
recipe:muessig_2019,literature,all,2189,0,0,0,0,220,0,0,0,0,network,20,0
recipe:muessig_2019,literature,ripple_doublet,202,0,0,0,0,68,0,0,0,0,network,20,0
recipe:muessig_2019_ripples,literature,all,2028,1715,0.845661,0.82713,0.86445,46878,2330,0.0497035,0.0398913,0.0599338,ripple,20,0
recipe:muessig_2019_ripples,literature,ripple_doublet,472,463,0.980932,0.96861,0.991473,3959,2330,0.588532,0.538015,0.63545,ripple,20,0
recipe:nadasdy_1999,literature,all,2028,40,0.0197239,0.0134123,0.0264342,1086,99,0.0911602,0.072266,0.111528,ripple,20,0
recipe:nadasdy_1999,literature,ripple_doublet,472,39,0.0826271,0.0576892,0.108697,259,99,0.382239,0.328123,0.439304,ripple,20,0
recipe:olafsdottir_2015,literature,all,1962,1,0.000509684,0,0.00157398,2063,0,0,0,0,burst,20,0
recipe:olafsdottir_2015,literature,ripple_doublet,202,0,0,0,0,178,0,0,0,0,burst,20,0
recipe:olafsdottir_2015.bayesian_candidates,literature,all,1962,1,0.000509684,0,0.00157398,1490,0,0,0,0,burst,20,0
recipe:olafsdottir_2015.bayesian_candidates,literature,ripple_doublet,202,0,0,0,0,173,0,0,0,0,burst,20,0
recipe:olafsdottir_2016,literature,all,1962,33,0.0168196,0.0120474,0.0215761,1194,0,0,0,0,burst,20,0
recipe:olafsdottir_2016,literature,ripple_doublet,202,11,0.0544554,0.0268763,0.0854305,182,0,0,0,0,burst,20,0
recipe:olafsdottir_2017,literature,all,1962,160,0.0815494,0.0674183,0.0953924,3088,0,0,0,0,burst,20,0
recipe:olafsdottir_2017,literature,ripple_doublet,202,38,0.188119,0.117018,0.266332,233,0,0,0,0,burst,20,0
recipe:olafsdottir_2017.trajectory,literature,all,1962,33,0.0168196,0.0120474,0.0215761,1167,0,0,0,0,burst,20,0
recipe:olafsdottir_2017.trajectory,literature,ripple_doublet,202,11,0.0544554,0.0268763,0.0854305,182,0,0,0,0,burst,20,0
recipe:pfeiffer_2013,literature,all,1962,7,0.00356779,0.00146169,0.00628297,1991,0,0,0,0,burst,20,0
recipe:pfeiffer_2013,literature,ripple_doublet,202,2,0.00990099,0,0.0235877,189,0,0,0,0,burst,20,0
recipe:pfeiffer_2013_ripples,literature,all,2028,2,0.000986193,0,0.00243668,1629,179,0.109883,0.0971495,0.123005,ripple,20,0
recipe:pfeiffer_2013_ripples,literature,ripple_doublet,472,2,0.00423729,0,0.0101015,243,179,0.736626,0.684873,0.79149,ripple,20,0
recipe:pfeiffer_2015,literature,all,2028,2,0.000986193,0,0.00243668,1626,179,0.110086,0.0972756,0.123331,ripple,20,0
recipe:pfeiffer_2015,literature,ripple_doublet,472,2,0.00423729,0,0.0101015,243,179,0.736626,0.684873,0.79149,ripple,20,0
recipe:shin_2019,literature,all,2028,30,0.0147929,0.00821635,0.0221136,1750,156,0.0891429,0.0760923,0.100809,ripple,20,0
recipe:shin_2019,literature,ripple_doublet,472,29,0.0614407,0.0347218,0.0929758,292,156,0.534247,0.479993,0.59329,ripple,20,0
recipe:silva_2015,literature,all,1962,2,0.00101937,0,0.00253165,1428,0,0,0,0,burst,20,0
recipe:silva_2015,literature,ripple_doublet,202,1,0.0049505,0,0.0157895,185,0,0,0,0,burst,20,0
recipe:stella_2019,literature,all,2028,61,0.0300789,0.0230813,0.0378302,1923,98,0.050962,0.0402285,0.0623719,ripple,20,0
recipe:stella_2019,literature,ripple_doublet,472,58,0.122881,0.0947575,0.151023,360,98,0.272222,0.226628,0.321337,ripple,20,0
recipe:tang_2017,literature,all,2028,30,0.0147929,0.00821635,0.0221136,1750,156,0.0891429,0.0760923,0.100809,ripple,20,0
recipe:tang_2017,literature,ripple_doublet,472,29,0.0614407,0.0347218,0.0929758,292,156,0.534247,0.479993,0.59329,ripple,20,0
recipe:tirole_2022,literature,all,2189,0,0,0,0,1111,7,0.00630063,0.00267857,0.0102519,network,20,0
recipe:tirole_2022,literature,ripple_doublet,202,0,0,0,0,195,1,0.00512821,0,0.0172439,network,20,0
recipe:widloski_2025,literature,all,2028,0,0,0,0,1215,251,0.206584,0.18735,0.227349,ripple,20,0
recipe:widloski_2025,literature,ripple_doublet,472,0,0,0,0,199,199,1,1,1,ripple,20,0
recipe:widloski_2025_bursts,literature,all,1962,0,0,0,0,1041,93,0.0893372,0.071563,0.107074,burst,20,0
recipe:widloski_2025_bursts,literature,ripple_doublet,202,0,0,0,0,189,23,0.121693,0.0736174,0.171432,burst,20,0
recipe:wikenheiser_2013,literature,all,2028,1,0.000493097,0,0.00151061,18098,235,0.0129849,0.0115424,0.0144582,ripple,20,0
recipe:wikenheiser_2013,literature,ripple_doublet,472,0,0,0,0,198,198,1,1,1,ripple,20,0
recipe:wu_2014,literature,all,1962,14,0.00713558,0.00308471,0.0120365,6504,4,0.000615006,0.000149632,0.00123184,burst,20,0
recipe:wu_2014,literature,ripple_doublet,202,2,0.00990099,0,0.0248756,203,0,0,0,0,burst,20,0
recipe:wu_2017,literature,all,1962,31,0.0158002,0.0125185,0.0191517,1197,0,0,0,0,burst,20,0
recipe:wu_2017,literature,ripple_doublet,202,25,0.123762,0.0931344,0.160428,182,0,0,0,0,burst,20,0
recipe:xu_2019,literature,all,1962,0,0,0,0,2169,2,0.000922084,0,0.00232894,burst,20,0
recipe:xu_2019,literature,ripple_doublet,202,0,0,0,0,189,0,0,0,0,burst,20,0
recipe:yamamoto_2017,literature,all,2189,218,0.0995889,0.0853599,0.114194,1558,0,0,0,0,network,20,0
recipe:yamamoto_2017,literature,ripple_doublet,202,105,0.519802,0.443945,0.588517,327,0,0,0,0,network,20,0
recipe:yang_2024,literature,all,2189,0,0,0,0,913,1,0.00109529,0,0.00332603,network,20,0
recipe:yang_2024,literature,ripple_doublet,202,0,0,0,0,168,0,0,0,0,network,20,0
