kind,implementation,family,public,source_repository,pinned_commit,source_files,other_sources,public_basis,language,license,octave_feasibility,entry_point,intermediates,package_departures,reference_sessions,notes
detector,Kay_ripple_detector,Frank-lab filter framework,partial,https://github.com/droumis/FFPhy,fce2048379d942c07f79d9192265ddf44f279d88,DFFunctions/extractevents.cpp; DFFunctions/kk_getconstimes.m; DFFunctions/AG_extractRipplesJY.m,"Eden-Kramer-Lab/ripple_detection@c2c1cc99e0b320cda595592d898bd436388bcdcb: ripple_detection/detectors.py (first public Python Kay_ripple_detector, 2017-10-25, 'Add code from other repo'); Eden-Kramer-Lab/ripple_detection@71298f0e935a4b67b66db98c6f3003c16cf0deb8: tag 0.1.8.dev0, the version Denovellis 2021 pinned","Kay's consensus extraction (kk_extractconsensus/kk_extractconsensus2) is not public: GitHub code search (default branches) for 'kk_extractcons' and 'kk_extractconsensus2' finds only a comment in FFPhy AG_extractRipplesJY.m ('based on jai's version of kk_extractconsensus2'); droumis's other repositories hold no extractor (detect_sharpWaveRipples is an empty template, filterframework_shared a README). Public: FFPhy's consumer kk_getconstimes.m (reads pre-extracted eventcons), the extractevents MEX the lab's extractors call, and this package's own first Python version","MATLAB, C (MEX); Python (package history)","no project license: FFPhy's root license.txt is a bundled third-party BSD-2 notice (Anders Brun 2009), which GitHub reports as the repository license; package history MIT","untested; extractevents.cpp is a self-contained MEX (mex.h only) for mkoctfile --mex; gaussian.m, smoothvect.m, list2vec.m, isExcluded.m are plain MATLAB in FFPhy; the extractors read filter-framework files (loaddatastruct, loadeegstruct, evaluatefilter), so a comparison feeds traces to the core steps through a driver","No public trace extractor. Shared segmentation: extractevents(trace, threshold, baseline, min_separation_samples, min_duration_samples, 0); package history: Kay_ripple_detector(time, LFPs, speed, sampling_frequency, ...) at c2c1cc9 or 0.1.8.dev0","extractevents returns per event start/end index, peak value and index, area, energy and max_thresh; the extractors store baseline, std and threshold; 0.1.8.dev0 exposes filter_ripple_band, gaussian_smooth and threshold_by_zscore",Docstring lists no departure from a source; Notes give the block-wise missing-sample policy and the endpoint speed rule. Denovellis 2021 paper note: 0.1.8.dev0 squared the filtered signal; the package squares the Hilbert envelope since 2020-10-14 (commit 34958cf),none planned,"Only the segmentation and the package's own history can be compared. kk_getconstimes applies 'maxvelocity' to the event start only (velocity looked up at ectimes(:,1)); the package tests both ends"
detector,Karlsson_ripple_detector,Frank-lab filter framework,partial,https://github.com/droumis/FFPhy,fce2048379d942c07f79d9192265ddf44f279d88,DFFunctions/extractripples.m; DFFunctions/extractevents.cpp; Functions/getripples.m; DFFunctions/rippledayprocess.m; DFFunctions/filtereeg2.m,Eden-Kramer-Lab/ripple_detection@c2c1cc99e0b320cda595592d898bd436388bcdcb: ripple_detection/detectors.py (first public Python version),"Frank-lab code snapshot (FFPhy, added 2019) implementing per-tetrode extraction and the any-tetrode union; it cannot be dated to 2009 and no code by Karlsson was found (paper note docs/literature/papers/49_Karlsson_2009.md 'Code'; CRCNS hc-6 lists no ripple files)","MATLAB, C (MEX)","no project license: FFPhy's root license.txt is a bundled third-party BSD-2 notice (Anders Brun 2009), which GitHub reports as the repository license","untested; extractevents.cpp is a self-contained MEX (mex.h only) for mkoctfile --mex; gaussian.m, smoothvect.m, list2vec.m, isExcluded.m are plain MATLAB in FFPhy; the extractors read filter-framework files (loaddatastruct, loadeegstruct, evaluatefilter), so a comparison feeds traces to the core steps through a driver","extractripples(directoryname, fileprefix, day, tetrode, 0.015, nstd) per tetrode on the envelope column of the ripple EEG (filtereeg2 column 3), 4 ms Gaussian (gaussian + smoothvect), threshold mean + nstd*std over the epoch, extractevents; then getripples([day epoch], ripples, cellinfo, 'cellfilter', ..., 'minstd', 3) for the union across tetrodes on a 1 ms grid","per tetrode rip.baseline, rip.std, rip.threshold, rip.maxthresh, rip.energy; getripples' nrip count vector",Docstring lists no departure from a source; Notes give the block-wise missing-sample policy and the endpoint speed rule,none planned,"In FFPhy the 15 ms minimum applies at the extraction threshold nstd (caller-set, default 2) and minstd 3 is a filter on each event's maxthresh in getripples; getripples drops joined events of 50 ms or less; speed exclusion enters getripples as excludeperiods tested at each event's midtime"
detector,Roumis_ripple_detector,Frank-lab filter framework,partial,https://bitbucket.org/franklab/trodes2ff_shared,e90fd3d518e0b7bdce9899f469b703601f56e766,"extractEventConsensus.m (begun as droumis's DR_extractkonsensus, commit 2561dcb355a1f3217104c248c078782cac3ba7f0, 2016-08-10); DR_filtereeg2.m; DR_extractripples.m","Eden-Kramer-Lab/ripple_detection@4444f124ad9b8595c30ecf8d1786c995d19c1184: ripple_detection/detectors.py ('Add ripple detector to match @droumis'', 2017-12-24); droumis/FFPhy@fce2048379d942c07f79d9192265ddf44f279d88: DFFunctions/extractevents.cpp, gaussian.m, smoothvect.m","Roumis's consensus extractor is public in the Frank lab's Bitbucket trodes2ff_shared (file history starts with droumis's DR_extractkonsensus); the package commit that added the detector does not say which version it matched, and the extractor squares the filtered signal where the package squares the envelope",MATLAB; Python (package history),no license file in the trodes2ff_shared root at e90fd3d; package history MIT,"untested; extractevents.cpp is a self-contained MEX (mex.h only) for mkoctfile --mex; gaussian.m, smoothvect.m, list2vec.m, isExcluded.m are plain MATLAB in FFPhy; the extractors read filter-framework files (loaddatastruct, loadeegstruct, evaluatefilter), so a comparison feeds traces to the core steps through a driver; trodes2ff_shared needs FFPhy's helpers on the path","extractEventConsensus(animaldir, animalprefix, eventname, eventeegname, days, tetfilters, min_suprathresh_duration, nstd, ...): per tetrode filtered.^2 (column 1 of DR_filtereeg2 output), 4 ms Gaussian, realsqrt, mean across tetrodes; threshold mean + nstd*std over the epoch's non-excluded samples; extractevents([trace; trace], thresh, baseline, 0.015, mindur, 0)","ev.powertrace (save_powertrace = 1), ev.baseline, ev.stdev, ev.maxthresh, ev.absolute_maxthresh, ev.excludedtimes",Docstring (References): unpublished Frank-lab variant contributed by Demetris Roumis (2017); no departure listed,none planned,"min_separation = 0.015 is passed where extractevents expects samples and rounds it (round(0.015) = 0), so nothing merges; no speed rule inside the extractor; normalization over the whole epoch"
detector,Shvartsman_ripple_detector,ripple_detection history,yes,https://github.com/Eden-Kramer-Lab/ripple_detection,b0f39f1599b7fa8cb1e2814defae54e60047993c,"ripple_detection/detectors.py; ripple_detection/core.py (PR #11, 'adding custom Shvartsman ripple detector')",,The contributor's original is this package's merge of PR #11 by Gabrielle Shvartsman (2026-08-24); the docstring says the variant has no paper,Python,MIT (package),"not applicable: Python, runs in a Python environment (old dependency versions may be needed)","Shvartsman_ripple_detector(time, filtered_lfps, speed, sampling_frequency, ...) at b0f39f1 (flat ripple_detection/ layout), in a git worktree",per-channel events and the participation count; normalize_signal_manually statistics,"Docstring (References): unpublished variant, no paper; no departure listed",none planned,"A regression check of later refactors (detectors package split 1e1847b, missing-sample policy) rather than of a published source"
detector,Yu_ripple_detector,Frank-lab filter framework,partial,https://github.com/droumis/FFPhy,fce2048379d942c07f79d9192265ddf44f279d88,DFFunctions/AG_extractRipplesJY.m; DFFunctions/extractevents.cpp,https://bitbucket.org/franklab/trodes2ff_shared@e90fd3d518e0b7bdce9899f469b703601f56e766: Trodes_dayprocess.m line 316 (calls AG_extractRipplesJY with empty nstd); Eden-Kramer-Lab/ripple_detection@49719e521d0050b87c1d70b39d48e58e4b3c3993 (package commit adding the detector),"The pipeline (per-tetrode z-score, median, immobility noise sample) is public in FFPhy; its threshold function jy_variableripthreshold_corecalculation.m is not: GitHub code search finds the name only in FFPhy's caller and this package, and core.py records it as unpublished (the package transliterated a private copy)","MATLAB, C (MEX)","no project license: FFPhy's root license.txt is a bundled third-party BSD-2 notice (Anders Brun 2009), which GitHub reports as the repository license","untested; extractevents.cpp is a self-contained MEX (mex.h only) for mkoctfile --mex; gaussian.m, smoothvect.m, list2vec.m, isExcluded.m are plain MATLAB in FFPhy; the extractors read filter-framework files (loaddatastruct, loadeegstruct, evaluatefilter), so a comparison feeds traces to the core steps through a driver; nanmean/nanstd/nanmedian need the statistics package (or omitnan forms); cannot run end to end without the missing threshold function, whose threshold can be supplied instead","AG_extractRipplesJY(animaldir, animalprefix, eventname, eventeegname, days, tetfilters, 0.015, nstd): per tetrode envelope (column 3), 4 ms Gaussian, z-score over the epoch (nanmean/nanstd), nanmedian across tetrodes; baseline/stdev over immobility (kk_get2dstate, immobility_velocity 4); extractevents(trace+10, thresh+10, baseline+10, 0, mindur, 0); events kept when start and end are immobile","baseline_TF, stdev_TF, thresh_TF, riphistpdf (from the missing threshold function), ev.maxthresh, ev.maxthresh_abovenoise",core.estimate_noise_threshold docstring: reflects bins as 2m - b where the original computes abs(b) + 2m (differs only for a positive mode; warns); Yu docstring Notes: max_sustained_zscore uses the event sample-count convention,none planned,"The missing estimator limits a comparison to the trace, the immobility statistics and segmentation at a given threshold"
detector,Zugaro_ripple_detector,FMAToolbox FindRipples,yes,https://github.com/michael-zugaro/FMAToolbox,6bbb3662f7ed1ccf09c5ff4b4d233e27e17c71a6,"Analyses/FindRipples.m (local Filter0, unity); Helpers isdmatrix.m, isdvector.m","buzsakilab/buzcode@0969ddf7f55ccaca8c71969bee4b21f310840047: analysis/SharpWaveRipples/bz_FindRipples.m; petersenpeter/buzcode@bc3fc91fab1ab1a626022d8efbf0c101e7b8d1b7: analysis/lfp/bz_FindRipples.m (the MS10 source); ayalab1/neurocode@d166a67ffb73096d8d11b14be6693d96ad63e4ed: SharpWaveRipples/FindRipples.m; zugarolab/FMAToolbox@978749c8cf0e96497ce89b1c197ff2193ff508b8: current FMAToolbox, GPL-3.0 LICENSE",The docstring's reference [1] pins this file; opened at 6bbb366 (2018-03-27),MATLAB,"GPL-3.0-or-later in the file header (Zugaro 2004-2011, Todorova 2016), no LICENSE file at 6bbb366; buzcode GPL-3.0; neurocode has no license file","untested; FindRipples calls no toolbox function (filter, local Filter0/unity) and takes an already filtered [t x] matrix; needs FMAToolbox's Helpers on the path. bz_FindRipples needs the signal package (bz_Filter: butter or cheby2 with filtfilt) and, unless 'EMGThresh',0, session files for its EMG step (basepath defaults to pwd)","FindRipples([t filtered], 'thresholds', [low high], 'durations', [interval min max] ms, 'frequency', fs, 'baseline', [start stop]); bz_FindRipples(lfp, timestamps, 'thresholds', ..., 'durations', [interval max], 'minDuration', ms, 'passband', ..., 'EMGThresh', 0, 'saveMat', false)","sd (std of the normalized squared signal; returned, reusable through 'stdev'), per-event peak normalized power, bad (noise-channel events); bz_FindRipples stores ripples.stdev, peakNormedPower, noise","Docstring lists five: endpoint speed rule; peak = maximum normalized power, not a filtered-channel trough; runs touching a gap or edge are kept and flagged (the original drops them); moving average given in seconds (11 samples at 1250 Hz); inclusive round-half-up duration counts. The merge follows FMAToolbox's cap; buzcode and neurocode merge uncapped","MS10 done (results/MS10: Python transcription of petersenpeter/buzcode bc3fc91, 429/429 released events; the 120 package-only fragments come from FMAToolbox's merge cap, which buzcode lacks); hc-14 Rat08-20130713 (next task) runs only if rip.evt proves to come from FMAToolbox FindRipples","The FMAToolbox original, whose capped merge the package follows, has not been run; MS10 ran buzcode's uncapped copy through a transcription. harvey_2023_no_radiatum calls this detector with a ceiling, i.e. the capped merge, although Harvey's callers use buzcode bz_FindRipples and neurocode FindRipples, both uncapped (see that row)"
detector,Long_sharp_wave_ripple_detector,Buzsaki-lab DetectSWR,yes,https://github.com/ayalab1/neurocode,d166a67ffb73096d8d11b14be6693d96ad63e4ed,"SharpWaveRipples/DetectSWR.m (local makegausslpfir, firfilt)","buzsakilab/buzcode@0969ddf7f55ccaca8c71969bee4b21f310840047: analysis/SharpWaveRipples/bz_DetectSWR.m; ayalab1/neurocode@4b33b2a14f80167ee3617f8f12888072cdcaea2c: SharpWaveRipples/DetectSWR.m (v1.0.0, Zenodo 7819979); buzsakilab/buzcoderough@f3486d9d1e96672e980ab37530d4410e607b48b4: LFP/EventDetection/detect_swr/detect_swr.m (2015, J. Long)",The docstring's references [1] and [2] pin bz_DetectSWR and DetectSWR; both opened,MATLAB,neurocode: no license file; buzcode GPL-3.0; detect_swr/private/license.txt covers bundled helpers,"untested; needs the signal (sgolayfilt; neurocode also hilbert, medfilt1) and statistics (kmeans) packages; reads .lfp/.xml from basepath (LoadBinary, LoadXml) and session metadata (neurocode getSession, buzcode bz_getSessionInfo), so a comparison writes NeuroScope files; datetime/today only stamp the detection date and are absent from Octave 11 core; parfor runs serially","DetectSWR([rippleChannel sharpWaveChannel] (1-based), 'basepath', path, 'saveMat', false, 'EVENTFILE', false) with defaults swBP [2 50], ripBP [80 250], per_thresswD 10, per_thresRip 50, WinSize 40 ms, Ns_chk 5 s, thresSDswD/thresSDrip [0.5 2.5], minIsi 0.05 s, minDurSW 0.02, maxDurSW 0.5, minDurRP 0.025","SWR.SwMax, SWR.RipMax (feature maxima per event), peakNormedPower, stdev, amplitude, frequency; 'TRAINING'/'DEBUG' options expose candidate features",Docstring lists five: seeded k-means (MATLAB unseeded); a candidate without a sub-threshold sample in its local window is rejected (the original errors); endpoint speed rule; block-wise missing samples (candidates within local_window of a block edge not evaluated); round-half-up duration counts where the original floors,none planned,"buzcode 0969ddf bz_DetectSWR defaults differ (WinSize 200 ms, minIsi 0.10 s) from neurocode's (40 ms, 0.05 s), which the package's defaults follow; k-means starts differ between MATLAB and Octave, so compare per stage or from fixed starts"
detector,Carey_candidate_detector,vandermeerlab candidates,yes,https://github.com/vandermeerlab/vandermeerlab,82ba3fe29cc3912575b32a0fcdaaa1c4fe097231,code-matlab/tasks/Alyssa_Tmaze/GenCandidateEvents.m; beta/OldWizard.m; beta/amMUA.m; beta/TSDtoIV2.m,"vandermeerlab/vandermeerlab@ad0bbd4d01726a436b36671c0a8b2db81476e946: the same files at the paper-pinned commit (GenCandidateEvents.m identical, 10242 bytes)",The docstring's reference [2] pins GenCandidateEvents at 82ba3fe; opened,MATLAB,"MIT-style 'Vandermeerlab codebase license' (LICENSE.md, 2012-2016 contributors); GitHub reports NOASSERTION","untested; OldWizard uses hilbert and FilterLFP (signal package: cheby1/butter with filtfilt); amMUA, TSDtoIV2 and the tsd/iv structs are plain MATLAB; nearest_idx3 is a C MEX (compile with mkoctfile --mex; its .m file is help text only); GenCandidateEvents loads Neuralynx files (LoadCSC, LoadSpikes, LoadPos via MATLAB-only MEX binaries), so a comparison calls the scoring functions on in-memory tsd structs; MClust's @tsd classes must stay off the path","OldWizard(cfg, CSC) and amMUA(cfg, S, tvec) on in-memory tsd/ts structs, the geometric mean, then TSDtoIV2 with DetectorThreshold 1 (edges) and DetectorThreshold2 3 on the z-scored score; or GenCandidateEvents(cfg) on a session folder","SWR score tsd (OldWizard), MUA score with raw and noise components (amMUA returns [MUA, raw, noise]), the joint score, intervals before the speed/theta/cell restrictions",Docstring: the z-scored joint score omits the original's rescale to mean 0.5 (a positive factor the z-score removes); kernels given in seconds (original 40 and 250 samples at 2 kHz); speed limit default 4 cm/s where the original is 10 pixels/s; block-wise missing samples; theta filtered per run of finite samples; minimum duration as an inclusive round-half-up count where RemoveIV compares elapsed time strictly,"Carey R050-2014-03-29 (later task) compares carey_2019, the configuration behind the released candidates, not this one",GenCandidateEvents is a January 2016 wrapper; the released candidates were made by precand on amSWR (carey_2019 row)
detector,multiunit_HSE_detector,ripple_detection history,yes,https://github.com/Eden-Kramer-Lab/ripple_detection,2a58ad718125be0925d9bd7dd7020284a0cc23d8,"ripple_detection/detectors.py; ripple_detection/core.py ('Add a detector that finds high syncrhony events instead of ripples', 2018-07-16)",Eden-Kramer-Lab/ripple_detection@71298f0e935a4b67b66db98c6f3003c16cf0deb8: tag 0.1.8.dev0 (the version Denovellis 2021 called),"The selection rule is the package's own convention (docstring); its original is the 2018 commit. Davidson et al. 2009, whose 15 ms kernel it uses, released no code (paper note docs/literature/papers/50_Davidson_2009.md 'Code'; sources.md 'Code-availability search scope' (searches through 2026-09-25 of GitHub repositories, code and author/lab accounts, Zenodo, Figshare, Bitbucket, CRCNS and DANDI, with the paper's availability statement) names this paper and found no detector code)",Python,MIT (package),"not applicable: Python, runs in a Python environment (old dependency versions may be needed)","multiunit_HSE_detector(time, multiunit, speed, sampling_frequency, ...) at 2a58ad7 or 0.1.8.dev0, in a git worktree","get_multiunit_population_firing_rate output (core.py), the z-scored rate","Docstring: 15 ms smoothing follows Davidson 2009; 2 SD for 15 ms, statistics over all samples and 4 cm/s are the package's convention; Davidson's peak-above-3-SD rule is approximated with zscore_threshold=3, minimum_duration=0, normalization_mask=speed < 5",none planned,A regression check against the package's own history; no published original exists
building_block,carey_spectral_ripple_score,vandermeerlab candidates,yes,https://github.com/vandermeerlab/vandermeerlab,ad0bbd4d01726a436b36671c0a8b2db81476e946,code-matlab/tasks/Alyssa_Tmaze/beta/SWRfreak.m; beta/amSWR.m; beta/windowedFFT.m,vandermeerlab/papers@3aebc8e454c3b863b68c20c57421e6c16a6e809b: Carey_etal_submitted (readme pins ad0bbd4; SWRcandidates ZIPs),The docstring's reference [1] pins these files at ad0bbd4; opened,MATLAB,MIT-style 'Vandermeerlab codebase license' (LICENSE.md); GitHub reports NOASSERTION,"untested; SWRfreak, amSWR, windowedFFT use conv, fft, interp1 (Octave core) and lab helpers (ProcessConfig, tsd, nearest_idx3, a C MEX whose .m file is help text only); no toolbox function","ncfs = SWRfreak(cfg, SWRtimes, csc); [SWR, swr1, swr2] = amSWR(cfg, ncfs, CSC) with win1 0.06 s, hiPassCutoff 100 Hz, weightby 'amplitude'","ncfs (template spectrum: SWR minus noise spectra, frequencies), the windowed spectra, the score before rescaling (swr1, swr2)",Docstring: a reimplementation of SWRfreak and amSWR; with step=1 it equals the original's score to rounding; unscorable samples are 0 as in the original,Carey R050-2014-03-29 (later task): stage check of the template against the released metadata.mat SWRfreqs,The template stage can be checked against released data before any threshold
building_block,detect_silence_bounded_events,silence-bounded population events,no,,,,DaoyunJiLab/DataManager@f64fcdd4c03b374561d8b23cdbb5947a6b656693: EEG/DataManager_FindCluster0Prop.m (later Ji-lab gap grouping),"The rules it reimplements (Foster & Wilson 2006, Liu et al. 2019, Diba & Buzsaki 2007, Lee & Wilson 2002; docstring) have no public code: sources.md 'Code-availability search scope' (searches through 2026-09-25 of GitHub repositories, code and author/lab accounts, Zenodo, Figshare, Bitbucket, CRCNS and DANDI, with the paper's availability statement) names this paper and found no detector code (Foster, Liu 2019, Diba, Lee)",,,not applicable: no public source,,,Docstring: speed is not an input; restrict events afterwards with exclude_movement or require_overlap,none planned,Only a check against each paper's stated rule is possible
building_block,theta_delta_ratio,brain-state rules,no,,,,michael-zugaro/FMAToolbox@6bbb3662f7ed1ccf09c5ff4b4d233e27e17c71a6: Analyses/BrainStates.m (spectrogram theta/delta ratio with k-means),"The docstring presents a generic Hilbert-envelope construction ('published definitions differ ... this computes the Hilbert version'), not a transcription of one source; FMAToolbox BrainStates computes a related spectrogram ratio",,,not applicable: no public source,,,"Docstring: compares the rule's shape across papers, not their exact numbers",none planned,
building_block,state_intervals,brain-state rules,partial,https://github.com/michael-zugaro/FMAToolbox,6bbb3662f7ed1ccf09c5ff4b4d233e27e17c71a6,Analyses/QuietPeriods.m,"vandermeerlab/vandermeerlab@ad0bbd4d01726a436b36671c0a8b2db81476e946: code-matlab/shared/datatypes/iv/TSDtoIV.m (threshold, merge_thr, minlen; Carey speed and theta intervals)","A generic interval rule; two published instances are public: FMAToolbox QuietPeriods (velocity below a maximum, brief movements bridged, minimum duration; Drieu 2018's quiet periods) and vandermeerlab TSDtoIV (Carey 2019's restrictions)",MATLAB,QuietPeriods: GPL-3.0-or-later file header; vandermeerlab MIT-style,untested; QuietPeriods and TSDtoIV call no toolbox function (TSDtoIV's zscore is in Octave core),"QuietPeriods([t v], velocity, duration, brief); TSDtoIV(cfg, tsd) with method, threshold, dcn, merge_thr, minlen",quiescence vector (QuietPeriods' second output),Docstring lists none,none planned,
method,mallory_2025,Foster-lab Mallory release,yes,https://github.com/caitlinmallory/TimeCourseOrganizationOfHippocampalReplay,128513a656bdacfc11a0e0dfbcaf20e2c4515520,find_candidate_events_2.m; load_candidateEventTimes.m; load_spikeDensity_pyramidal_only.m,Zenodo 14237298 (v1.0.0 archive),"The paper's release (v1.0.0 = 128513a, sources.md mallory-code); opened",MATLAB,no license file in the repository at 128513a,untested; find_candidate_events_2 uses findpeaks (signal package); load_candidateEventTimes uses nanmean/nanstd (statistics package) and reads session MAT files,"[events, event_amplitude_zscore] = find_candidate_events_2(amplitude_zscore, timestamps) on the spike density z-scored over stopped (<= 5 cm/s) samples per segment (load_candidateEventTimes)","zscored_sd and zscored_ripple_power (saved MAT files), event_amplitude_zscore","Docstring: excitatory spikes, 12.5 ms Gaussian, stopped statistics, peak >= 3 SD, inclusive mean-crossing samples, 70 ms retained-peak merge (ties keep the later peak); one recording per normalization segment",none planned,The published text says all cells; the release selects excitatory cells (paper note 00)
method,widloski_2025,Foster-lab Widloski release,partial,https://zenodo.org/records/15199609,,load_replayEvents_cellIDshuffle.m; plot_replayEvents_rippleStats_allSessions.m; plot_replayEvents_rippleField_allSessions.m,Zenodo 16916108 (data),"Zenodo record 15199609 (CC-BY-4.0, no git commit; file list and MD5s read from the Zenodo API) holds analysis and plot scripts; the helpers they call are not deposited (paper note 01; sources.md widloski-archives)",MATLAB,CC-BY-4.0 (Zenodo record),"untested; depends on undeposited helpers, so it cannot run as released",,,"Docstring: ripple label only (replay defined by decoding, not reproduced); 100-220 Hz, 80 ms Gaussian, stopped z-score, peak > 2 SD for >= 15 ms, mean bounds, merge < 50 ms from the text (the code merges none)",none planned,No git commit to pin; the Zenodo record and file MD5s identify the copy
method,yang_2024,Buzsaki-lab neurocode find_HSE,partial,https://github.com/ayalab1/neurocode,0231645e8af24a0367a00ffc8413da6f98faf9b5,SharpWaveRipples/find_HSE.m (2021-10-01 version),ayalab1/neurocode@4b33b2a14f80167ee3617f8f12888072cdcaea2c: SharpWaveRipples/find_rippleHSE.m (InIntervals on the ripple start); winnieyangwannan/Selection-of-experience-for-memory-by-hippocampal-sharp-wave-ripples@f1bc2fb34de4a5b68ff0aad6849c2ea22e9c5cf3: Data/e13_26m1_210913.rippleHSE.events.mat; winnieyangwannan/Selection-of-experience-for-memory-by-hippocampal-sharp-wave-ripples@2fa546845defbdd750c9059e7d54489782fed57c (tagged release 2); winnieyangwannan/buzcode@e960920bcccc4fa47140471d8bcdd1fe2c99e8a2: bz_FindRipples.m and detect_swr (fork; which ran is unknown),"The HSE detector is inferred: the stored events record detectorname find_HSE with empty detectionparms, matching the 2021 version, plus a winSize field implying a local edit (paper note 02); the ripple detector behind the external ripples is unresolved",MATLAB; Python (analysis repository),neurocode: no license file; Yang analysis repository MIT; buzcode fork GPL-3.0,"untested; find_HSE uses fspecial (image package), hist, conv, zscore and inputParser (core); 'save_evts' defaults to true and writes files","HSE = find_HSE(spikes, 'nSigma', 3, 'tSmooth', 0.015, 'binsz', 0.001, 'mindur', 0.05, 'maxdur', 0.5, 'save_evts', false) with spikes.times{} and spikes.UID","HSE.amplitudes, HSE.peaks, HSE.duration; the smoothed z-scored histogram is internal",Docstring: 15 ms Gaussian width read as SD; normalization over supplied NREM; ripple peak inside the event; simulation-only proxies,Yang 2024 on Huszar e15_13f1_220118 (later task),"find_HSE 2021 z-scores over all bins and compares the z-scored trace with spkmean, the raw mean count per bin (paper note 02); find_rippleHSE tests the ripple start, not the peak"
method,huelin_gorriz_2023,Bendor-lab replay pipeline,partial,https://github.com/dbendor/Nat_Com_Huelin_Gorriz_et_al,b0676a5f8f682faf1dee74ed63223dbeb165affa,"Added code/list_of_parameters.m; Extract spikes, waveforms and dropped samples/process_clusters.m; Extract CSC/extract_CSC.m",bendor-lab/Elife_Tirole_Huelin_Gorriz_2022@44ecf4275c2a7ca33dda6b67f11b4e854c3123e9: Pipeline/Extract replay and Bayesian Decoding/extract_replay_events.m (related extractor),"The paper's release (Zenodo 10085294 = b0676a5) calls extract_replay_events, which it does not contain; the related Tirole extractor stands in (paper note 03)",MATLAB,CC0-1.0 (LICENSE),untested; as tirole_2022,replay_search in the Tirole extract_replay_events.m (local function),"MUA.zscored, CSC ripple_zscore","Docstring: both interpretations use Tirole's finite-kernel reconstruction; 'published_cap' applies the reported 750 ms cap, 'related_code' keeps uncapped durations",none planned,"The release's MUA nominal SD is 10 ms per pass and ripple moving average 15 ms, where the text says 5 ms and 100 ms (paper note 03)"
method,harvey_2023_code,Buzsaki-lab DetectSWR,partial,https://github.com/ryanharvey1/ripple_heterogeneity,7b368a9e47505ba9e751acd2cd6591f19f922fc9,ripple_heterogeneity/matlab/update_session_data.m (DetectSWR([ripple sharpwave]) then eventSpikingTreshold 0.5),"ayalab1/neurocode@4b33b2a14f80167ee3617f8f12888072cdcaea2c: SharpWaveRipples/DetectSWR.m, eventSpikingTreshold.m; ryanharvey1/ripple_heterogeneity@8461a941b3edd58f1c14f106b2229db28ba76b56: ripple_heterogeneity/replay/replay_run.py (replay gates)","The paper's own repository calls neurocode DetectSWR at its defaults, but pins no neurocode version and does not record which pipeline produced which sessions (paper note 04)",MATLAB; Python (replay stage),ripple_heterogeneity and neurocode: no license file,"untested; as Long_sharp_wave_ripple_detector (signal, statistics packages; NeuroScope files and session metadata on disk)","DetectSWR([rippleChannel sharpWaveChannel], 'saveMat', true, 'basepath', basepath) then eventSpikingTreshold(ripples, 'spikes', spikes, ..., 'spikingThreshold', 0.5)",as Long_sharp_wave_ripple_detector; eventSpikingTreshold's z-scored population count,"Docstring: neurocode defaults (2-50 Hz, 80-250 Hz, 0.5/2.5 local SD, sharp waves 20-500 ms, ripples >= 25 ms); manual curation and EMG vetoes external; replay gates under stage='decoding_candidates'",none planned,
method,harvey_2023_text,Buzsaki-lab DetectSWR,no,,,,ryanharvey1/ripple_heterogeneity@8461a941b3edd58f1c14f106b2229db28ba76b56: repository inspected; ryanharvey1/ripple_heterogeneity@7b368a9e47505ba9e751acd2cd6591f19f922fc9: repository inspected,"The paper's repository (opened at 8461a94 and 7b368a9) runs DetectSWR and FindRipples, not the difference-of-Gaussians path the text describes (paper note 04)",,,not applicable: no public source,,,"Docstring: the published path (clipped 4 SD power, 1 SD bounds, >= 15 ms, radiatum 2.5 SD 20-400 ms); polarity and normalization epoch unstated",none planned,
method,liu_2023,Buzsaki-lab DetectSWR,partial,https://github.com/ayalab1/neurocode,4b33b2a14f80167ee3617f8f12888072cdcaea2c,SharpWaveRipples/DetectSWR.m,"Zenodo 7819979 (the paper's citation; matches 4b33b2a, sources.md neurocode)","The paper cites neurocode v1.0.0 for its custom scripts, but no Liu-specific caller or options are released, and the pyramidal-burst step has no code (paper note 05)",MATLAB,neurocode: no license file,untested; as Long_sharp_wave_ripple_detector,"DetectSWR([rippleChannel sharpWaveChannel], 'basepath', path, 'saveMat', false) at v1.0.0 defaults",as Long_sharp_wave_ripple_detector,"Docstring: DetectSWR at neurocode defaults (the text's 1 SD bounds and 15-400 ms not applied; manual curation not reproduced); candidates are pyramidal bursts (10 ms Gaussian read as SD, > 2 SD, mean bounds, 100-500 ms) overlapping an SWR",none planned,
method,tirole_2022,Bendor-lab replay pipeline,yes,https://github.com/bendor-lab/Elife_Tirole_Huelin_Gorriz_2022,44ecf4275c2a7ca33dda6b67f11b4e854c3123e9,"Pipeline/Extract replay and Bayesian Decoding/extract_replay_events.m; Pipeline/Extract spikes, waveforms and dropped samples/process_clusters.m; Pipeline/Extract CSC/extract_CSC.m; Pipeline/list_of_parameters.m; Pipeline/Replay scoring and shuffling/number_of_significant_replays.m",Software Heritage swh:1:rev:44ecf42 (same revision),"The paper's release, cloned at the archived revision (paper note 06); opened",MATLAB,CC0-1.0 (LICENSE.md),"untested; process_clusters uses gausswin and filtfilt (signal) and histcounts (absent from Octave 11 core); extract_CSC uses fir1, filtfilt, hilbert, resample (signal) and smooth (MATLAB Curve Fitting Toolbox, not in Octave core); extract_replay_events reads MUA_clusters.mat, extracted_CSC.mat and best_CSC.mat","replay_search(time, mua_zscore, ripple_zscore, theta_zscore, 0, 3), a local function of extract_replay_events.m (call through the file with the three MAT files, or copy it out)","MUA.zscored (process_clusters), CSC ripple_zscore and theta_zscore (extract_CSC), replay and reactivations structs; parameters from list_of_parameters","Docstring: 41-point gausswin(alpha 2) forward/backward, sample-SD z, threshold anchors 10 ms apart with 0.25/0.5 fallbacks within 300 ms, >= 100 ms before < 50 ms merging, 10 ms speed medians <= 5, >= 5 place cells, ripple z >= 3 inside; bounds at outer-bin samples; LFP resampling with scipy's polyphase filter, whose edges can differ",none planned,
method,bush_2022,Barry lab (no public detector),no,,,,Barry-lab/Publication_Shipley-et-al.-Disrupted-hippocampal-replay-in-an-Alzheimer-s-mouse-model@d75b85b2efdd44b287b13732419078e54e158433: Decode Replay/detectMUA.m (later; based on detectEvents_mua by Dan Bush),"paper note docs/literature/papers/07_Bush_2022.md 'Code': 'This paper does not report original code'; the Barry-lab Shipley repository (opened) holds a later detectMUA with edited parameters (peak speed 3 cm/s, 10% of cells), so it is not the paper's code; Zenodo 5566548 holds raw Axona data only; GitHub repository search 'danbush replay' (2026-10-03) found nothing",,,not applicable: no public source,,,"Docstring: pyramidal cells, 5 ms Gaussian, peak z >= 3, bounds z >= 0, merge <= 40 ms, drop <= 40 ms, >= 5 or 15% of cells, median speed <= 10, <= 0.5 s",none planned,"detectMUA (gausswin, signal package) is a related comparison of the rule's shape, not of the paper's settings"
method,berners_lee_2022,Berners-Lee release,yes,https://github.com/ABernersLee/ReplayExperienceProject_NeuronPaper,2218f37c8135f2335c0c81076b71997b46c1221f,5_helper_functions/decode_spikedensity_events.m,Zenodo 6330850 (tag Publication),The paper's release (paper note 08; sources.md berners-lee-code); opened,MATLAB,no license file in the repository at 2218f37,"untested; fspecial (image package) and filter2 (core); input is a MAT file with params, hp_cells, hpinterneurons, pos, vel, dirdat, spikedata, cm_conv, linposcat; results are appended to it","decode_spikedensity_events(iident, downsample), iident the session MAT file","CandSeq, replayparams and the decoding outputs appended to the MAT file","Docstring: 1 ms bins, 100-point Gaussian (SD 10 samples), zero-padded filter2-style convolution, sample-SD statistics over |speed| < 5, mean crossings clipped at movement, peak >= 3 SD, strictly > 100 and < 500 native bins; cell inclusion is a caller selection",none planned,
method,krause_2022,Drugowitsch-lab release,yes,https://github.com/DrugowitschLab/HippocampalSWRDynamics,cda23b7fcc8a97222238a26c15d011d3593be39b,"replay_structure/ripple_preprocessing.py (Ripple_Preprocessing.get_spikemats, select_population_burst); replay_structure/config.py; replay_structure/utils.py; replay_structure/ratday_preprocessing.py",Zenodo 5651913 (v1.0),The paper's release (paper note 10; sources.md krause-code); opened,Python,BSD-3-Clause (LICENSE),"not applicable: Python, runs in a Python environment (old dependency versions may be needed); needs a RatDay_Preprocessing-like object (Pfeiffer data layout)","Ripple_Preprocessing(ratday, params) with Ripple_Preprocessing_Parameters; get_spikemats then select_population_burst on precomputed SWR times","spikemats per SWR, the population-burst firing-rate array, trimmed bounds","Docstring: zero-padded four-bin convolution divided by cell count, > 2 spikes/s, first-to-last crossing >= 10 bins; get_spikemat bin-edge convention preserved, floating-point bin-edge drift not; missing spike support rejects the SWR",none planned,SWRs are read precomputed from Pfeiffer & Foster's files; the release does not detect them
method,mou_2022,Ji-lab DataManager,partial,https://github.com/DaoyunJiLab/DM2021,c7327f8dd2d3e78c6f4c67b71c58242d52cc0b11,,Zenodo 5758889,"The paper's release has the DataManager GUI, place-field and decoding code; the PBE detector callback DataManager_V1CA1_FindMUAlevel_Callback is referenced but absent (paper note 11; grep of the tree for MUA/PBE/0.35/0.15)",MATLAB,GPL-3.0 (LICENSE.md),not applicable: the detector is absent from the release,,,"Docstring: 10 ms bins, 20 ms Gaussian; 'minmax' (reconstruction) or 'maximum' normalization; peaks > 0.35, bounds 0.15, gaps < 30 ms",none planned,
method,berners_lee_2021,Pfeiffer/Foster lab (no public detector),no,,,,,"paper note docs/literature/papers/12_Berners-Lee_2021.md 'Code': no code link; sources.md 'Code-availability search scope' (searches through 2026-09-25 of GitHub repositories, code and author/lab accounts, Zenodo, Figshare, Bitbucket, CRCNS and DANDI, with the paper's availability statement) names this paper and found no detector code; data/code offered on request",,,not applicable: no public source,,,Docstring: Pfeiffer & Foster 2015's rule at 2 SD on three selected tetrodes,none planned,
method,denovellis_2021,ripple_detection history,yes,https://github.com/Eden-Kramer-Lab/replay_trajectory_paper,f2d2b3cc55968fe7d94d3109621b2772cdbb2c0a,src/load_data.py (get_ripple_times); environment.yml (pins ripple_detection 0.1.8.dev0),"Eden-Kramer-Lab/ripple_detection@71298f0e935a4b67b66db98c6f3003c16cf0deb8: ripple_detection/detectors.py, core.py (tag 0.1.8.dev0)",The paper's analysis repository and the package version it pins are public (paper note 13; sources.md denovellis-code); opened,Python,MIT (both repositories),"not applicable: Python, runs in a Python environment (old dependency versions may be needed); 0.1.8.dev0 uses pandas Series segmentation and numpy timedelta durations","Kay_ripple_detector(time, ripple_lfps, speed, 1500, zscore_threshold=2.0, close_ripple_threshold=np.timedelta64(0, 'ms'), minimum_duration=np.timedelta64(15, 'ms')) at 0.1.8.dev0 on raw LFP (filtered inside)","filter_ripple_band output, the smoothed summed-square trace, threshold_by_zscore","Docstring: squares the filtered LFP (101-tap equiripple at 1500 Hz), sums, 4 ms Gaussian, then root (the paper/0.1.8.dev0 definition); session z, >= 2 SD for >= 15 ms, mean bounds, endpoint speed <= 4; the modern missing-data policy and duration rounding stay in force",none planned (the Dryad tables are excluded by the plan),0.1.8.dev0 dropped and concatenated NaN samples; the package splits blocks instead
method,gillespie_2021,Frank-lab filter framework,partial,https://bitbucket.org/franklab/trodes2ff_shared,e90fd3d518e0b7bdce9899f469b703601f56e766,"AG_extractEventConsensus.m; Trodes_dayprocess.m (lines 77-78 ripmindur 0.015, ripnstd 2; lines 303-305 the call)","LorenFrankLab/Gillespie_Neuron_2021@1be6a6a7dbd806154a544d6f509452617e52d8c3: dfs_makeFFripdecodes.m, dfa_makeFFripdecodes.m (loads precomputed ca1rippleskons; keeps events whose start and end are immobile at 4); droumis/FFPhy@fce2048379d942c07f79d9192265ddf44f279d88: extractevents.cpp, gaussian.m, smoothvect.m","The paper's archive (Zenodo 5140706 = 1be6a6a) loads precomputed ca1rippleskons and names trodes2ff_shared in its README; trodes2ff_shared at e90fd3d (the commit the paper note pins) holds AG_extractEventConsensus, which saves <area>rippleskons and is called by Trodes_dayprocess; that this commit made the published events is not established",MATLAB,trodes2ff_shared: no license file; Gillespie archive MIT,"untested; extractevents.cpp is a self-contained MEX (mex.h only) for mkoctfile --mex; gaussian.m, smoothvect.m, list2vec.m, isExcluded.m are plain MATLAB in FFPhy; the extractors read filter-framework files (loaddatastruct, loadeegstruct, evaluatefilter), so a comparison feeds traces to the core steps through a driver; trodes2ff_shared needs FFPhy's helpers on the path","AG_extractEventConsensus(animaldir, animal, '<area>ripples', 'ripple', day, kontetfilters, 0.015, 2, 'excludeEvents', ..., 'excludenoise', 0, 'maxpeakval', ...)","ev.powertrace, ev.baseline, ev.stdev, ev.maxthresh, ev.absolute_maxthresh","Docstring: Kay consensus over every selected channel (square root of summed squared 150-250 Hz envelopes, 4 ms Gaussian), 2 SD for >= 15 ms, mean bounds, speed < 4 cm/s at both ends",none planned,"Possible undocumented departure for the comparison task: AG_extractEventConsensus averages across tetrodes the square root of each tetrode's 4 ms-smoothed squared filtered signal (column 1 of the filtered EEG), not the Kay sum of squared envelopes; statistics over the epoch's non-excluded samples; its min_separation 0.015 rounds to 0 samples in extractevents"
method,michon_2021,Kloosterman-lab fklab,partial,https://bitbucket.org/kloostermannerflab/fklab-python-core,f4176cd36bc73a0266fdae0df6dca60b14fee0e2,"fklab/signals/core/basic_algorithms.py (detect_mountains, compute_threshold); fklab/signals/filter/filter.py (compute_envelope)","KatharinaBracher/fklab-python-core@24cd9e23deee0cf2c46299824c3616c5e94d1748: fork: filter.py apply_median_filter, compute_envelope (median filter before smoothing)","The lab toolbox is public (original v1.2 on Bitbucket, opened through its API; a GitHub fork); the paper's caller and version are not: paper note docs/literature/papers/15_Michon_2021.md 'Code' (OSF smzby code folder empty, imported modules absent)",Python,GPL-3 (setup.py license='GPL3'; fork LICENSE.txt GPL-3.0),"not applicable: Python, runs in a Python environment (old dependency versions may be needed)","compute_envelope(signals, freq_band, fs=fs, smooth_options=...) then detect_mountains(y, x, low, high, allowable_gap, minimum_duration)",envelope; thresholds from compute_threshold,"Docstring: 5 ms MUA bins, 15 ms smoothing, 3 s detrending; text or code preprocessing order selectable (order='text' default)",none planned,v1.2's compute_envelope has no median detrending; the fork detrends before smoothing; the paper text smooths then detrends
method,igata_2021,Igata/Ikegaya lab (no public detector),no,,,,,paper note docs/literature/papers/16_Igata_2021.md 'Code': no code link; data on Mendeley (10.17632/4xk5w69yr5); GitHub repository searches for 'Igata' and 'Ikegaya replay' (2026-10-03) found nothing related,,,not applicable: no public source,,,"Docstring: candidate stage only (15 ms Gaussian rate, stopped z, > 2 SD, mean bounds, > 4 neurons, 50 ms-2 s); the GMM split is under-specified",none planned,
method,gridchyn_2020,lfp_online,yes,https://github.com/igridchyn/lfp_online,a2d9cde41b389d7fee47ab5ae4188788c617f81e,lfp_online/LFPBuffer.cpp (IsHighSynchrony); lfp_online/Utils.cpp (NewtonSolver::Update); lfp_online/LPTTriggerProcessor.cpp; EXPERIMENTAL_assembly_inhibition.conf,,Listed in the paper's Key Resources table (paper note 17); opened,C++,no license file in the repository at a2d9cde,"not applicable: C++ real-time software; building it needs its own dependencies, so a reviewed transcription of IsHighSynchrony and the update rule is the practical route","LFPBuffer::IsHighSynchrony() (spikes in the window >= expected count x factor) with NewtonSolver(TARGET_SYNC_RATE, 24000*60, -0.5, factor).Update each minute; example config factor 3.5, 20 ms window, 150 ms cooldown at 24 kHz",high_synchrony_factor_ after each update; estimated firing rates,"Docstring: published feedback rule, not hardware integration; the release's apparent +1 rate-count offset is not reproduced; the feedback clock pauses across missing data; offline bounds extend to baseline crossings",none planned,The repository's example configurations are not proven to be the paper's settings (paper note 17)
method,kaefer_2020,Csicsvari lab (no public detector),no,,,,,"paper note docs/literature/papers/18_Kaefer_2020.md 'Code': no code link; sources.md 'Code-availability search scope' (searches through 2026-09-25 of GitHub repositories, code and author/lab accounts, Zenodo, Figshare, Bitbucket, CRCNS and DANDI, with the paper's availability statement) names this paper and found no detector code; data and software 'upon request'; fdetswdiff unreleased",,,not applicable: no public source,,,"Docstring: secondary SWR label; reference-subtracted 240 ms FFT chunks every 20 ms, 150-250 Hz RMS, peak 5 SD, bounds 1.5 SD",none planned,
method,bhattarai_2020,Bhattarai (no public detector),no,,,,,paper note docs/literature/papers/19_Bhattarai_2020.md 'Code': no code link; Figshare 10.6084/m9.figshare.10032866.v2 holds data and metadata only; public-code searches (paper note) and a GitHub repository search 'Bhattarai replay' (2026-10-03) found no detector repository,,,not applicable: no public source,,,Docstring: post-silence population candidates coinciding with a Bhattarai SWR; power and event-end policy selectable,none planned,
method,stella_2019,Csicsvari lab (no public detector),no,,,,,"paper note docs/literature/papers/20_Stella_2019.md 'Code': no code link; sources.md 'Code-availability search scope' (searches through 2026-09-25 of GitHub repositories, code and author/lab accounts, Zenodo, Figshare, Bitbucket, CRCNS and DANDI, with the paper's availability statement) names this paper and found no detector code; data 'upon request'",,,not applicable: no public source,,,"Docstring: per-electrode Morlet RMS, z over supplied non-REM, maximum, 5/2 SD; wavelet frequencies and cycles must be supplied",none planned,
method,xu_2019,Csicsvari lab (no public detector),no,,,,,"paper note docs/literature/papers/21_Xu_2019.md 'Code': no code link; sources.md 'Code-availability search scope' (searches through 2026-09-25 of GitHub repositories, code and author/lab accounts, Zenodo, Figshare, Bitbucket, CRCNS and DANDI, with the paper's availability statement) names this paper and found no detector code",,,not applicable: no public source,,,"Docstring: pyramidal cells, 15 ms Gaussian, peak > 3 SD, mean bounds, 75-750 ms, >= 4 cells, >= 5 spikes, >= 10% of cells",none planned,
method,farooq_2019_neuron,Dragoi lab (no public detector),no,,,,,"paper note docs/literature/papers/22_Farooq_2019.md 'Code': no code link; sources.md 'Code-availability search scope' (searches through 2026-09-25 of GitHub repositories, code and author/lab accounts, Zenodo, Figshare, Bitbucket, CRCNS and DANDI, with the paper's availability statement) names this paper and found no detector code",,,not applicable: no public source,,,"Docstring: population frames in supplied SWS, 15 ms read as Gaussian SD, >= 5 neurons",none planned,
method,farooq_2019_science,Dragoi lab (no public detector),no,,,,,"paper note docs/literature/papers/23_Farooq_2019.md 'Code': no code link; sources.md 'Code-availability search scope' (searches through 2026-09-25 of GitHub repositories, code and author/lab accounts, Zenodo, Figshare, Bitbucket, CRCNS and DANDI, with the paper's availability statement) names this paper and found no detector code",,,not applicable: no public source,,,Docstring: 15 ms width read as SD; SWS by speed < 2 cm/s and theta/delta below its mean; >= 5 place-responsive cells,none planned,
method,chenani_2019,Leibold-lab ReactivationCode,no,,,,cleibold/ReactivationCode@c008676683bc07f0395ff9df863e3b3b971c6bc2: matlab code/ (rank-order scripts only),"The repository the paper names (opened at c008676; 10 files) holds only rank-order/sequence scripts, no burst or HFE detection (paper note 24)",,,not applicable: no public source,,,"Docstring: place-cell rate, 30 ms Gaussian, peak >= 3 SD, bounds >= 1 SD, >= 5 active cells; reward-zone behavior_intervals supplied",none planned,
method,michon_2019,Kloosterman-lab fklab,partial,https://bitbucket.org/kloostermannerflab/fklab-python-core,f4176cd36bc73a0266fdae0df6dca60b14fee0e2,"fklab/signals/core/basic_algorithms.py (detect_mountains, compute_threshold); fklab/signals/filter/filter.py (compute_envelope)","KatharinaBracher/fklab-python-core@24cd9e23deee0cf2c46299824c3616c5e94d1748: fork: filter.py apply_median_filter, compute_envelope (median filter before smoothing)","The lab toolbox is public (original v1.2 on Bitbucket, opened through its API; a GitHub fork); the paper's caller and version are not: paper note docs/literature/papers/25_Michon_2019.md 'Code' (OSF smzby code folder empty, imported modules absent; analysis routines on request)",Python,GPL-3 (setup.py license='GPL3'; fork LICENSE.txt GPL-3.0),"not applicable: Python, runs in a Python environment (old dependency versions may be needed)","compute_envelope(signals, freq_band, fs=fs, smooth_options=...) then detect_mountains(y, x, low, high, allowable_gap, minimum_duration)",envelope; thresholds from compute_threshold,"Docstring: 5 ms MUA bins, 15 ms smoothing, 3 s detrending; text or code preprocessing order selectable (order='text' default)",none planned,v1.2's compute_envelope has no median detrending; the fork detrends before smoothing; the paper text smooths then detrends
method,liu_2019,Dragoi lab (no public detector),no,,,,,"paper note docs/literature/papers/26_Liu_2019.md 'Code': no code link; sources.md 'Code-availability search scope' (searches through 2026-09-25 of GitHub repositories, code and author/lab accounts, Zenodo, Figshare, Bitbucket, CRCNS and DANDI, with the paper's availability statement) names this paper and found no detector code",,,not applicable: no public source,,,"Docstring: pyramidal spikes inside SWS (speed < 1 cm/s, theta/delta < 2), split at >= 100 ms of silence, >= 4 cells, 80 ms-1.2 s",none planned,
method,shin_2019,Frank-lab filter framework,partial,https://github.com/SynapticSage/data-pipeline,ebf36da1014790ed5355edf2b5ef50ae13e28b35,ry_pipeline/+lfpLib/+create/generateGlobalRipples.m,"JadhavLab/Jadhav-Lab-Codes-JHB@973932a2beb50586821fcb974cd2cd2acaa0f338: BetaOdorProject/figures1-6Functions/OLD/Archive 20200206/Ripples/cs_extractRipples.m (sj_extractripples, 15 ms, 3 SD)","Paper: code on request (paper note 27); Jadhav-lab code of the same era ('Global ripple file from Wenbo', saving the rippletime file Shin's later code loads); DFTFsj_getriptimes is not public (GitHub code search finds only callers)",MATLAB,data-pipeline: no license file; Jadhav-Lab-Codes-JHB Apache-2.0,untested; generateGlobalRipples uses MATLAB table and string (absent from Octave 11 core) and the ndb.load data layer; per-tetrode extraction needs sj_extractripples and the filter framework,"generateGlobalRipples (minstd 3, minrip 1, velfilter 4) over per-tetrode ripples loaded with ndb.load","nrip count vector, per-event amplitude",Docstring: the Karlsson rule at <= 4 cm/s; stage='decoding_candidates' keeps whole events >= 50 ms with >= 5 place cells,none planned,The code drops joined events of 50 ms or less for all SWRs and tests speed at the event midpoint (paper note 27)
method,carey_2019,vandermeerlab candidates,yes,https://github.com/vandermeerlab/vandermeerlab,ad0bbd4d01726a436b36671c0a8b2db81476e946,code-matlab/tasks/Alyssa_Tmaze/precand.m; beta/amSWR.m; beta/amMUA.m; beta/SWRfreak.m; beta/windowedFFT.m; code-matlab/shared/util/restrict.m; code-matlab/shared/datatypes/iv/TSDtoIV.m,vandermeerlab/papers@3aebc8e454c3b863b68c20c57421e6c16a6e809b: Carey_etal_submitted/SWRcandidates (released candidates and their stored configuration),The paper's readme pins the codebase at ad0bbd4 and the released candidate files record precand's processing history (paper note 28); opened,MATLAB,MIT-style 'Vandermeerlab codebase license' (LICENSE.md); GitHub reports NOASSERTION,"untested; precand, amSWR, amMUA, SWRfreak, restrict and TSDtoIV call no toolbox function (zscore, conv, fft, interp1 are Octave core); lab helpers ProcessConfig2, cprintf, AddNActiveCellsIV, nearest_idx3 (C MEX; the .m file is help text only); session loading uses Neuralynx MEX binaries and is bypassed","evt = precand(cfg, tvec, SWR, MUA, S) with threshold 4, mindur 0.02, minCells 5 on amSWR and amMUA scores; then restrict to TSDtoIV speed (raw < 10, merge_thr 0.05, minlen 0.05) and theta (zscore < 2) intervals","the joint score after rescmean(score, 0.5), amSWR's ncfs template and scores, amMUA's raw and noise components, nActiveCells",Docstring: published amSWR score and joint MUA candidates; example ripples supplied for measured data (simulation uses the five largest Kay events); the template uses the first selected raw channel,Carey R050-2014-03-29 (later task): 1654 released candidates and their stored configuration; stage check of the template against SWRfreqs,Speed threshold 10 is in pixel units (paper note 28)
method,muessig_2019,Wills/Cacucci lab (no public detector),no,,,,,"paper note docs/literature/papers/29_Muessig_2019.md 'Code': no code link; sources.md 'Code-availability search scope' (searches through 2026-09-25 of GitHub repositories, code and author/lab accounts, Zenodo, Figshare, Bitbucket, CRCNS and DANDI, with the paper's availability statement) names this paper and found no detector code",,,not applicable: no public source,,,"Docstring: native 1 ms pyramidal bursts overlapping separate RMS ripple windows; 10 ms Gaussian, above 3 SD with 3 SD bounds, 100-750 ms; state intervals supplied",none planned,
method,drieu_2018,Zugaro lab (no Drieu caller),no,,,,"michael-zugaro/FMAToolbox@6bbb3662f7ed1ccf09c5ff4b4d233e27e17c71a6: Analyses/QuietPeriods.m, Analyses/BrainStates.m; zugarolab/FMAToolbox@978749c8cf0e96497ce89b1c197ff2193ff508b8: New/FindBursts.m (no speed option)","paper note docs/literature/papers/30_Drieu_2018.md 'Code': no code link, 'FMAToolbox plus additional custom programs'; FMAToolbox (opened at 6bbb366 and 978749c) supplies state utilities and a later burst finder, not Drieu's caller; GitHub repository search for 'Drieu' (2026-10-03) found nothing related",,,not applicable: no public source,,,"Docstring: place-cell bursts in supplied SWS, 10 ms Gaussian, 3 SD/mean, <= 500 ms; decoding stage adds >= 3 place cells and > 60 ms",none planned,CRCNS hc-18 is the paper's data deposit (dataset catalog)
method,maboudi_2018,Kemere-lab nelpy,partial,https://github.com/kemerelab/UncoveringTemporalStructureHippocampus,f86b7dcc9ebf1105d9738086a91928f8f3f575a2,"data/fig1.nel (stored outputs); Figure1.ipynb (loads stored epochs, cells 3-4)","nelpy/nelpy@4ce5d48426332076d20de279f2496c5a5872eec3: nelpy/utils.py get_mua, get_mua_events, get_PBEs, get_events_boundaries (tag 0.2.0, the version fig1.nel records)","The release ships stored epochs and the 1 kHz multiunit trace in fig1.nel but no detection call (the notebooks load epochs); nelpy 0.2.0, the library version the stored object records, provides the MUA/PBE helpers, whose defaults (10 ms sigma, 50-750 ms) differ from the paper's 20 ms (sources.md maboudi-code, nelpy)",Python,MIT (both repositories),"not applicable: Python, runs in a Python environment (old dependency versions may be needed); fig1.nel is a pickle, read only with an inert parser","nelpy.utils.get_mua(st, ds=0.001, sigma=0.02) then get_mua_events(mua, PrimaryThreshold=mean+3*std, SecondaryThreshold=mean, minLength, maxLength) and get_PBEs(..., min_active) at nelpy 0.2.0",fig1.nel's stored multiunit trace and 457 MUA epochs (a released stage to check against),"Docstring: pooled 1 ms bins, finite 20 ms SD/60 ms half-width Gaussian, session-normalized peak >= 3 SD, mean bounds, mean speed <= 5, >= 80 ms, >= 4 pyramidal cells; continuous PBE bounds, not the 20 ms binned support",Maboudi fig1.nel with CRCNS hc-3 gor01-6-7/2006-6-7_16-40-19 (later task),
method,olafsdottir_2017,Barry lab (no public detector),no,,,,,"paper note docs/literature/papers/32_Olafsdottir_2017.md 'Code': no code link; sources.md 'Code-availability search scope' (searches through 2026-09-25 of GitHub repositories, code and author/lab accounts, Zenodo, Figshare, Bitbucket, CRCNS and DANDI, with the paper's availability statement) names this paper and found no detector code; later Barry-lab code: Barry-lab/Publication_Shipley-et-al.-Disrupted-hippocampal-replay-in-an-Alzheimer-s-mouse-model@d75b85b2efdd44b287b13732419078e54e158433: runReplayAnalysisNew.m, detectMUA.m (2025)",,,not applicable: no public source,,,"Docstring: native place-cell MUA, 5 ms Gaussian, 3 SD/mean, >= 40 ms, all event speeds <= 3; corner intervals supplied",none planned,
method,wu_2017,Ji-lab DataManager,no,,,,DaoyunJiLab/DM2021@c7327f8dd2d3e78c6f4c67b71c58242d52cc0b11: Spike/DataManager_FindParm.m line 101 (loads PBE event files by name),"Paper: data and code on request (paper note 33); the Ji-lab DM2021 release loads population-burst files by name and does not contain the detector; sources.md 'Code-availability search scope' (searches through 2026-09-25 of GitHub repositories, code and author/lab accounts, Zenodo, Figshare, Bitbucket, CRCNS and DANDI, with the paper's availability statement) names this paper and found no detector code",,,not applicable: no public source,,,"Docstring: nonoverlapping 10 ms bins, no smoothing, 4 SD, mean bounds, 50-400 ms",none planned,
method,yamamoto_2017,Tonegawa lab (no public detector),no,,,,,"paper note docs/literature/papers/34_Yamamoto_2017.md 'Code': no code link; sources.md 'Code-availability search scope' (searches through 2026-09-25 of GitHub repositories, code and author/lab accounts, Zenodo, Figshare, Bitbucket, CRCNS and DANDI, with the paper's availability statement) names this paper and found no detector code; code on request",,,not applicable: no public source,,,"Docstring: one reading of an ambiguous rule (10 ms bins, peak > 3 SD, 1 SD bounds, overlapping 140-200 Hz power > 3 SD)",none planned,
method,tang_2017,Frank-lab filter framework,no,,,,,"paper note docs/literature/papers/35_Tang_2017.md 'Code': no code link; sources.md 'Code-availability search scope' (searches through 2026-09-25 of GitHub repositories, code and author/lab accounts, Zenodo, Figshare, Bitbucket, CRCNS and DANDI, with the paper's availability statement) names this paper and found no detector code",,,not applicable: no public source,,,Docstring: the Karlsson rule at < 4 cm/s (smoothing and minimum inherited),none planned,The inherited Karlsson rule's lab code (FFPhy extractripples/getripples; Jadhav-lab cs_extractRipples) serves only as a related comparison
method,grosmark_2016,Buzsaki lab (no public detector),no,,,,buzsakilab/buzcoderough@f3486d9d1e96672e980ab37530d4410e607b48b4: LFP/EventDetection/detect_swr/detect_swr.m (2015; example session from a Grosmark rat),"paper note docs/literature/papers/36_Grosmark_2016.md 'Code': none linked; CRCNS hc-11 and DANDI 000044 hold no event table; buzcoderough's detect_swr (opened) is not tied to the 2016 events; GitHub repository search for 'Grosmark' (2026-10-03) found only losonczylab/Grosmark_NatNeuro_2021, a 2021 imaging paper",,,not applicable: no public source,,,"Docstring: population/ripple conjunction; 15 ms width read as SD; 50-500 ms, >= 5 pyramidal cells; NREM, eligible intervals and external ripple peaks supplied",none planned,
method,ambrose_2016,Pfeiffer/Foster lab (no public detector),no,,,,,"paper note docs/literature/papers/37_Ambrose_2016.md 'Code': none linked; GitHub repository searches 'Ambrose replay reward' and 'Ambrose Pfeiffer Foster' and a code search (2026-10-03) found nothing; later co-author code Brad-E-Pfeiffer/DeepSuperficialSWRs@9f6ab574812d82053e58c0b2bf627ea00eeae6f5: DEEP_VS_SUPERFICIAL_RIPPLE_PARTICIPATION_ANALYSIS.zip, Brad-Pfeiffer/MouseDevelopmentalAnalysisCode@950fc288d69d5469094cba805eca0145f1548d40: ZIP, Brad-E-Pfeiffer/ThetaForwardReverseCode@bc714a2f0bd9d42fdd48e24b57ebbf91c6441a60: ZIP gives conflicting limits and is not the paper's",,,not applicable: no public source,,,"Docstring: Pfeiffer & Foster 2015's mean envelope over every selected channel, > 3 SD, only while stopped (< 5 cm/s), stopped statistics (inferred), no duration limits",none planned,
method,jadhav_2016,Frank-lab filter framework,no,,,,,"paper note docs/literature/papers/38_Jadhav_2016.md 'Code': no code link; sources.md 'Code-availability search scope' (searches through 2026-09-25 of GitHub repositories, code and author/lab accounts, Zenodo, Figshare, Bitbucket, CRCNS and DANDI, with the paper's availability statement) names this paper and found no detector code",,,not applicable: no public source,,,Docstring: the Karlsson rule at < 4 cm/s; SWRs within 1 s after the previous start dropped; decoding stage adds >= 4 active cells,none planned,The inherited Karlsson rule's lab code (FFPhy) serves only as a related comparison
method,olafsdottir_2016,Barry lab (no public detector),no,,,,publisher supplementary software (four decoding helpers; sources.md olafsdottir-software),"The publisher's supplementary software holds decoding helpers only, no detector (paper note 39); sources.md 'Code-availability search scope' (searches through 2026-09-25 of GitHub repositories, code and author/lab accounts, Zenodo, Figshare, Bitbucket, CRCNS and DANDI, with the paper's availability statement) names this paper and found no detector code",,,not applicable: no public source,,,"Docstring: place cells, 5 ms Gaussian, > 3 SD, mean bounds, >= 40 ms, >= 15% of place cells, no speed rule; rest-session recording alone",none planned,
method,silva_2015,Pfeiffer/Foster lab (no public detector),no,,,,,"paper note docs/literature/papers/40_Silva_2015.md 'Code': no code link; sources.md 'Code-availability search scope' (searches through 2026-09-25 of GitHub repositories, code and author/lab accounts, Zenodo, Figshare, Bitbucket, CRCNS and DANDI, with the paper's availability statement) names this paper and found no detector code",,,not applicable: no public source,,,"Docstring: sorted units without interneurons, 10 ms Gaussian, > 3 SD, mean bounds, only while < 5 cm/s, 100-500 ms",none planned,
method,olafsdottir_2015,Barry lab (no public detector),no,,,,,"paper note docs/literature/papers/41_Olafsdottir_2015.md 'Code': no code link; sources.md 'Code-availability search scope' (searches through 2026-09-25 of GitHub repositories, code and author/lab accounts, Zenodo, Figshare, Bitbucket, CRCNS and DANDI, with the paper's availability statement) names this paper and found no detector code",,,not applicable: no public source,,,"Docstring: per-template silence-bounded candidates, >= 15% of a template in <= 300 ms bounded by >= 50 ms of silence; rest epochs supplied",none planned,
method,pfeiffer_2015,Pfeiffer/Foster lab (no public detector),no,,,,,"paper note docs/literature/papers/42_Pfeiffer_2015.md 'Code': no code link; sources.md 'Code-availability search scope' (searches through 2026-09-25 of GitHub repositories, code and author/lab accounts, Zenodo, Figshare, Bitbucket, CRCNS and DANDI, with the paper's availability statement) names this paper and found no detector code; the Dryad line on the paper's first page belongs to the preceding article",,,not applicable: no public source,,,"Docstring: mean 150-250 Hz envelope, 12.5 ms Gaussian, > 3 SD with statistics over speed < 5, endpoint speed <= 5, mean bounds, 50 ms-2 s",none planned,
method,wu_2014,Pfeiffer/Foster lab (no public detector),no,,,,,"paper note docs/literature/papers/43_Wu_2014.md 'Code': no code link; sources.md 'Code-availability search scope' (searches through 2026-09-25 of GitHub repositories, code and author/lab accounts, Zenodo, Figshare, Bitbucket, CRCNS and DANDI, with the paper's availability statement) names this paper and found no detector code",,,not applicable: no public source,,,"Docstring: place-cell density in 10 ms bins, 15 ms Gaussian, > 2 SD over the session, mean bounds, speed < 5 at both ends (assumed)",none planned,
method,wikenheiser_2013,Redish lab (no public detector),no,,,,,"paper note docs/literature/papers/44_Wikenheiser_2013.md 'Code': no code link; sources.md 'Code-availability search scope' (searches through 2026-09-25 of GitHub repositories, code and author/lab accounts, Zenodo, Figshare, Bitbucket, CRCNS and DANDI, with the paper's availability statement) names this paper and found no detector code",,,not applicable: no public source,,,"Docstring: 150 ms windows at z >= 1 anchors (anchor unspecified: caller chooses), >= 3 cells and >= 5 spikes, rest or run-LIA branch; session or supplied-baseline normalization",none planned,
method,pfeiffer_2013,Pfeiffer/Foster lab (no public detector),no,,,,Brad-Pfeiffer/MouseDevelopmentalAnalysisCode@950fc288d69d5469094cba805eca0145f1548d40: KJ_FIND_POPULATION_EVENTS.m inside the ZIP (later; no participation criterion),paper note docs/literature/papers/45_Pfeiffer_2013.md 'Code': no code or data link; GitHub repository search 'Pfeiffer Foster 2013 replay' (2026-10-03) found nothing; the later Pfeiffer-lab mouse code (opened) has no participation criterion and is not the paper's,,,not applicable: no public source,,,"Docstring: clustered pyramidal units only while < 5 cm/s, 10 ms Gaussian, > 3 SD, mean bounds, bounds moved inward to 2-spike 20 ms windows, then >= 10% of units and 50 ms-2 s (order assumed)",none planned,
method,carr_2012,Frank-lab filter framework,partial,https://github.com/droumis/FFPhy,fce2048379d942c07f79d9192265ddf44f279d88,"Functions/riptriggeredspectrogram_MC.m (Carr's; getripples(..., 'minstd', 3) on CA1 cells); Functions/getripples.m; DFFunctions/extractripples.m; DFFunctions/extractevents.cpp",,No code link in the paper; Carr's own function in the Frank-lab snapshot (added 2019) calls getripples with a CA1 filter and minstd 3 (paper note 46); per-session options unproven,"MATLAB, C (MEX)","no project license: FFPhy's root license.txt is a bundled third-party BSD-2 notice (Anders Brun 2009), which GitHub reports as the repository license","untested; extractevents.cpp is a self-contained MEX (mex.h only) for mkoctfile --mex; gaussian.m, smoothvect.m, list2vec.m, isExcluded.m are plain MATLAB in FFPhy; the extractors read filter-framework files (loaddatastruct, loadeegstruct, evaluatefilter), so a comparison feeds traces to the core steps through a driver","extractripples per CA1 tetrode, then getripples(index, ripples, cellinfo, 'cellfilter', CA1, 'minstd', 3)",as Karlsson_ripple_detector,Docstring: the Karlsson rule on CA1 at < 4 cm/s; stage='decoding_candidates' adds >= 5 active place cells,none planned,"getripples drops joined events of 50 ms or less, consistent with the paper's remark that all SWRs exceeded 50 ms (paper note 46)"
method,bendor_2012,Wilson lab (no public detector),no,,,,,"paper note docs/literature/papers/47_Bendor_2012.md 'Code': no code link; sources.md 'Code-availability search scope' (searches through 2026-09-25 of GitHub repositories, code and author/lab accounts, Zenodo, Figshare, Bitbucket, CRCNS and DANDI, with the paper's availability statement) names this paper and found no detector code; the bendor-lab repositories implement the later Tirole pipeline",,,not applicable: no public source,,,"Docstring: Davidson's multiunit signal, peak z >= 4, bounds z >= 2, merged < 50 ms, >= 50 ms; session z assumed",none planned,
method,gupta_2010,Redish lab (no public detector),no,,,,,"paper note docs/literature/papers/48_Gupta_2010.md 'Code': no code link; sources.md 'Code-availability search scope' (searches through 2026-09-25 of GitHub repositories, code and author/lab accounts, Zenodo, Figshare, Bitbucket, CRCNS and DANDI, with the paper's availability statement) names this paper and found no detector code",,,not applicable: no public source,,,"Docstring: SWR gate only; 180-220 Hz Hilbert amplitude averaged over tetrodes, log-transformed (Jackson 2006), > 2 SD; log_amplitude=False selectable",none planned,
method,karlsson_2009,Frank-lab filter framework,partial,https://github.com/droumis/FFPhy,fce2048379d942c07f79d9192265ddf44f279d88,DFFunctions/extractripples.m; Functions/getripples.m; DFFunctions/extractevents.cpp,,"As Karlsson_ripple_detector: Frank-lab snapshot not datable to 2009, no Karlsson code (paper note docs/literature/papers/49_Karlsson_2009.md 'Code')","MATLAB, C (MEX)","no project license: FFPhy's root license.txt is a bundled third-party BSD-2 notice (Anders Brun 2009), which GitHub reports as the repository license","untested; extractevents.cpp is a self-contained MEX (mex.h only) for mkoctfile --mex; gaussian.m, smoothvect.m, list2vec.m, isExcluded.m are plain MATLAB in FFPhy; the extractors read filter-framework files (loaddatastruct, loadeegstruct, evaluatefilter), so a comparison feeds traces to the core steps through a driver","extractripples per tetrode, then getripples(index, ripples, cellinfo, 'minstd', 3) (with no cell filter: every tetrode with cells)",as Karlsson_ripple_detector,"Docstring: each channel's 150-250 Hz envelope, 4 ms Gaussian, 3 SD for >= 15 ms on any channel, mean bounds, overlapping events combined, speed < 2 cm/s at both ends; one channel per tetrode",none planned,As Karlsson_ripple_detector
method,davidson_2009,Wilson lab (no public detector),no,,,,,"paper note docs/literature/papers/50_Davidson_2009.md 'Code': no code link; sources.md 'Code-availability search scope' (searches through 2026-09-25 of GitHub repositories, code and author/lab accounts, Zenodo, Figshare, Bitbucket, CRCNS and DANDI, with the paper's availability statement) names this paper and found no detector code",,,not applicable: no public source,,,"Docstring: all spikes, 15 ms Gaussian, peak >= 3 SD over stopping (< 5 cm/s), mean bounds, speed < 5 at both ends, within 30 s of running",none planned,
method,diba_2007,Buzsaki lab (no public detector),no,,,,,"paper note docs/literature/papers/51_Diba_2007.md 'Code': no code link; sources.md 'Code-availability search scope' (searches through 2026-09-25 of GitHub repositories, code and author/lab accounts, Zenodo, Figshare, Bitbucket, CRCNS and DANDI, with the paper's availability statement) names this paper and found no detector code",,,not applicable: no public source,,,"Docstring: >= 60 ms silence then >= 5 and >= 30% of the template's cells in the next 300 ms, endpoint speed <= 10 (assumed)",none planned,
method,ji_2007,Ji-lab DataManager,partial,https://github.com/DaoyunJiLab/DataManager,f64fcdd4c03b374561d8b23cdbb5947a6b656693,EEG/DataManager_FindCluster0Prop.m; EEG/DataManager_EEGReCompute_Callback.m,,"No code link in the paper; Ji's later lab code (2018) groups threshold crossings into frames by a per-session gap (default 0.06 s), which says nothing about the paper's 70-90 ms (paper note 52)",MATLAB,GPL-3.0 (LICENSE.md),untested; DataManager GUI data structures (eeg/eegdata) must be built by a driver,DataManager_FindCluster0Prop within the DataManager data structures,,"Docstring: 10 ms pooled counts, 30 ms Gaussian, SWS histogram-minimum threshold; histogram settings are reconstruction choices; per-animal merge gaps 70-90 ms",none planned,
method,foster_2006,Wilson lab (no public detector),no,,,,,"paper note docs/literature/papers/53_Foster_2006.md 'Code': no code link; sources.md 'Code-availability search scope' (searches through 2026-09-25 of GitHub repositories, code and author/lab accounts, Zenodo, Figshare, Bitbucket, CRCNS and DANDI, with the paper's availability statement) names this paper and found no detector code",,,not applicable: no public source,,,"Docstring: probe cells' spikes during stopping (< 5 cm/s, assumed) split at gaps > 50 ms, >= 1/3 of the cells, <= 500 ms",none planned,
method,lee_2002,Wilson lab (no public detector),no,,,,,"paper note docs/literature/papers/54_Lee_2002.md 'Code': no code link; sources.md 'Code-availability search scope' (searches through 2026-09-25 of GitHub repositories, code and author/lab accounts, Zenodo, Figshare, Bitbucket, CRCNS and DANDI, with the paper's availability statement) names this paper and found no detector code",,,not applicable: no public source,,,"Docstring: template cells' spikes in supplied SWS, within-cell ISI < 50 ms collapsed, split at gaps > 100 ms",none planned,
method,nadasdy_1999,Buzsaki lab (no public detector),no,,,,,"paper note docs/literature/papers/55_Nadasdy_1999.md 'Code': no code link; sources.md 'Code-availability search scope' (searches through 2026-09-25 of GitHub repositories, code and author/lab accounts, Zenodo, Figshare, Bitbucket, CRCNS and DANDI, with the paper's availability statement) names this paper and found no detector code",,,not applicable: no public source,,,"Docstring: 150-250 Hz per-channel RMS sum, 7 SD in supplied sleep; RMS window, baseline and bounds must be supplied",none planned,
method,kudrimoti_1999,McNaughton lab (no public detector),no,,,,,"paper note docs/literature/papers/56_Kudrimoti_1999.md 'Code': no code link; sources.md 'Code-availability search scope' (searches through 2026-09-25 of GitHub repositories, code and author/lab accounts, Zenodo, Figshare, Bitbucket, CRCNS and DANDI, with the paper's availability statement) names this paper and found no detector code",,,not applicable: no public source,,,Docstring: 100-300 Hz amplitude above a caller-selected threshold for >= 25 ms in SWS,none planned,
method,harvey_2023_no_radiatum,FMAToolbox FindRipples,partial,https://github.com/ryanharvey1/ripple_heterogeneity,7b368a9e47505ba9e751acd2cd6591f19f922fc9,"ripple_heterogeneity/formatting_data/custom_kenji/run_ripple_pipe_kenji.m (line 84, buzcode bz_FindRipples); ripple_heterogeneity/formatting_data/custom_girardeau/run_ripple_pipe_girardeau.m (line 61, neurocode FindRipples)","buzsakilab/buzcode@0969ddf7f55ccaca8c71969bee4b21f310840047: analysis/SharpWaveRipples/bz_FindRipples.m (Kenji caller; the version on Harvey path is not pinned); ayalab1/neurocode@4b33b2a14f80167ee3617f8f12888072cdcaea2c: SharpWaveRipples/FindRipples.m (Girardeau caller; uncapped merge lines 191-240, butter order 3 line 104) and SharpWaveRipples/eventSpikingTreshold.m","Both callers are public: run_ripple_pipe_kenji.m calls buzcode bz_FindRipples and run_ripple_pipe_girardeau.m calls neurocode FindRipples, each with 'durations', [50 300], 'thresholds', [1 3], 'passband', [100 250], 'minDuration', 20 and 'EMGFromLFP', then eventSpikingTreshold; the buzcode and neurocode versions on Harvey's path are not pinned and which sessions reached the analysis is not recorded (paper note 04)",MATLAB,ripple_heterogeneity: no license file; buzcode GPL-3.0,"untested; bz_FindRipples and neurocode FindRipples need the signal package (bz_Filter: butter with filtfilt; FindRipples also hilbert, medfilt1); Harvey's callers pass EMGFromLFP, so a comparison either supplies the EMG or sets EMGThresh 0 to isolate the detector","Kenji sessions: bz_FindRipples(lfp, timestamps, 'durations', [50 300], 'thresholds', [1 3], 'passband', [100 250], 'minDuration', 20, 'EMGFromLFP', EMGFromLFP); Girardeau sessions: FindRipples(lfp, timestamps, same options, 'basepath', basepath, 'EMGFromLFP', EMGFromLFP) (neurocode); then eventSpikingTreshold(ripples, 'spikes', spikes, 'spikingThreshold', 0.5)","ripples.stdev, peakNormedPower; eventSpikingTreshold's z-scored count","Docstring: one high-ripple-power channel, 100-250 Hz, 1/3 SD, 20-300 ms, < 50 ms merging, then the spiking veto; EMG curation external",none planned (the plan reads the Harvey note for hc-14's reuse; run_ripple_pipe_girardeau covers Girardeau sessions),"Likely undocumented departure for the comparison task: the package calls Zugaro_ripple_detector with maximum_duration=0.3, i.e. FMAToolbox's capped merge, while both released callers (buzcode bz_FindRipples, neurocode FindRipples) merge uncapped and then drop events over the ceiling (MS10: 549 vs 429 events); their butter order-3 filter also differs from the package's"
method,mallory_2025_ripples,Foster-lab Mallory release,partial,https://github.com/caitlinmallory/TimeCourseOrganizationOfHippocampalReplay,128513a656bdacfc11a0e0dfbcaf20e2c4515520,load_candidateEventTimes.m; find_candidate_events_2.m,,"Released with the paper, but the artifact rejection it calls, remove_lfp_artifacts_cm, is not provided (paper note 00)",MATLAB,no license file in the repository at 128513a,"untested; findpeaks (signal), nanmean/nanstd (statistics); the missing artifact function must be bypassed","load_candidateEventTimes (ripple branch) then find_candidate_events_2(amplitude_zscore, timestamps)",zscored_ripple_power (saved MAT file),"Docstring: single-channel 150-250 Hz Hilbert amplitude, 12.5 ms smoothing, stopped normalization, 70 ms retained-peak merge; artifact intervals and channels are caller inputs",none planned,
method,bush_2022_ripples,Barry lab (no public detector),no,,,,Barry-lab/PythonSpkAnalysis@d51c15aac4c46847749d550b9bd3fdf7949fa1eb: detect_ripples (later Python port),paper note docs/literature/papers/07_Bush_2022.md 'Code': no original code; the ripple lookup in the later Shipley detectMUA is commented out,,,not applicable: no public source,,,"Docstring: 400th-order 150-250 Hz FIR (Hamming assumed, forward/backward), Hilbert amplitude, 5 ms Gaussian; the 4800 Hz input rate is required",none planned,
method,igata_2021_ripples,Igata/Ikegaya lab (no public detector),no,,,,,paper note docs/literature/papers/16_Igata_2021.md 'Code': no code link; GitHub repository searches for 'Igata' and 'Ikegaya replay' (2026-10-03) found nothing related,,,not applicable: no public source,,,"Docstring: 150-250 Hz envelope, 4 ms Gaussian, stopped baseline, 3 SD/mean, 50-500 ms, one inventory per channel",none planned,
method,gridchyn_2020_ripples,Csicsvari lab (no public detector),no,,,,,paper note docs/literature/papers/17_Gridchyn_2020.md 'Code': no code link; lfp_online (opened) reads SWR times from a file (SwReaderProcessor) and detects none; the lab's fdetswdiff is unreleased (GitHub code search finds only a batch wrapper in acumpelik/csicsvari_tools),,,not applicable: no public source,,,"Docstring: reference-subtracted 150-250 Hz RMS sum, 6 SD over supplied pre-rest; RMS window and boundary threshold must be supplied",none planned,
method,xu_2019_ripples,Csicsvari lab (no public detector),no,,,,,"paper note docs/literature/papers/21_Xu_2019.md 'Code': no code link; sources.md 'Code-availability search scope' (searches through 2026-09-25 of GitHub repositories, code and author/lab accounts, Zenodo, Figshare, Bitbucket, CRCNS and DANDI, with the paper's availability statement) names this paper and found no detector code",,,not applicable: no public source,,,"Docstring: reference-subtracted 150-250 Hz RMS sum, 7 SD over first-sleep baseline; RMS window and boundary threshold supplied",none planned,
method,farooq_2019_neuron_ripples,Dragoi lab (no public detector),no,,,,,"paper note docs/literature/papers/22_Farooq_2019.md 'Code': no code link; sources.md 'Code-availability search scope' (searches through 2026-09-25 of GitHub repositories, code and author/lab accounts, Zenodo, Figshare, Bitbucket, CRCNS and DANDI, with the paper's availability statement) names this paper and found no detector code",,,not applicable: no public source,,,"Docstring: 175-225 Hz Hilbert amplitude, thresholds and smoothing required inputs",none planned,
method,farooq_2019_science_ripples,Dragoi lab (no public detector),no,,,,,"paper note docs/literature/papers/23_Farooq_2019.md 'Code': no code link; sources.md 'Code-availability search scope' (searches through 2026-09-25 of GitHub repositories, code and author/lab accounts, Zenodo, Figshare, Bitbucket, CRCNS and DANDI, with the paper's availability statement) names this paper and found no detector code",,,not applicable: no public source,,,Docstring: 140-250 Hz power > 3 SD during supplied sleep and speed < 2 cm/s; power_measure required,none planned,
method,chenani_2019_hfe,Leibold-lab ReactivationCode,no,,,,cleibold/ReactivationCode@c008676683bc07f0395ff9df863e3b3b971c6bc2: no HFE code,As chenani_2019: the named repository has no HFE detection,,,not applicable: no public source,,,"Docstring: AR(2)-whitened 100-250 Hz Hilbert amplitude, 12 ms Gaussian, 3/1 SD; AR coefficients supplied; clustering external",none planned,
method,liu_2019_ripples,Dragoi lab (no public detector),no,,,,,"paper note docs/literature/papers/26_Liu_2019.md 'Code': no code link; sources.md 'Code-availability search scope' (searches through 2026-09-25 of GitHub repositories, code and author/lab accounts, Zenodo, Figshare, Bitbucket, CRCNS and DANDI, with the paper's availability statement) names this paper and found no detector code",,,not applicable: no public source,,,"Docstring: 150-250 Hz squared Hilbert amplitude peaks > 3 SD; centered 240 ms controls; channel, smoothing and baseline supplied",none planned,
method,drieu_2018_ripples,Zugaro lab (no Drieu caller),no,,,,"michael-zugaro/FMAToolbox@6bbb3662f7ed1ccf09c5ff4b4d233e27e17c71a6: Analyses/QuietPeriods.m, Analyses/BrainStates.m; zugarolab/FMAToolbox@978749c8cf0e96497ce89b1c197ff2193ff508b8: New/FindBursts.m (no speed option)","paper note docs/literature/papers/30_Drieu_2018.md 'Code': no code link, 'FMAToolbox plus additional custom programs'; FMAToolbox (opened at 6bbb366 and 978749c) supplies state utilities and a later burst finder, not Drieu's caller; GitHub repository search for 'Drieu' (2026-10-03) found nothing related",,,not applicable: no public source,,,"Docstring: detrended 100-250 Hz minus 300-500 Hz signal, 3/1 SD, > 20 and < 110 ms; signal_measure chooses amplitude or power",none planned,CRCNS hc-18 is the paper's data deposit (dataset catalog)
method,olafsdottir_2017_ripples,Barry lab (no public detector),no,,,,,"paper note docs/literature/papers/32_Olafsdottir_2017.md 'Code': no code link; sources.md 'Code-availability search scope' (searches through 2026-09-25 of GitHub repositories, code and author/lab accounts, Zenodo, Figshare, Bitbucket, CRCNS and DANDI, with the paper's availability statement) names this paper and found no detector code; Barry-lab/PythonSpkAnalysis@d51c15aac4c46847749d550b9bd3fdf7949fa1eb: detect_ripples ports a different rule (5 SD peak, 0.5 SD bounds, 50 ms boxcar)",,,not applicable: no public source,,,"Docstring: 150-250 Hz squared Hilbert modulus, 2.5 SD/mean, 40-500 ms, then < 40 ms merge; 1200 Hz input; one channel",none planned,
method,wu_2014_ripples,Pfeiffer/Foster lab (no public detector),no,,,,,"paper note docs/literature/papers/43_Wu_2014.md 'Code': no code link; sources.md 'Code-availability search scope' (searches through 2026-09-25 of GitHub repositories, code and author/lab accounts, Zenodo, Figshare, Bitbucket, CRCNS and DANDI, with the paper's availability statement) names this paper and found no detector code",,,not applicable: no public source,,,"Docstring: 150-250 Hz mean envelope, 8 ms Gaussian, local peaks > 2.5 stopped-baseline SD",none planned,
method,pfeiffer_2013_ripples,Pfeiffer/Foster lab (no public detector),no,,,,Brad-Pfeiffer/MouseDevelopmentalAnalysisCode@950fc288d69d5469094cba805eca0145f1548d40: KJ_FIND_POPULATION_EVENTS.m inside the ZIP (later; no participation criterion),paper note docs/literature/papers/45_Pfeiffer_2013.md 'Code': no code or data link; GitHub repository search 'Pfeiffer Foster 2013 replay' (2026-10-03) found nothing; the later Pfeiffer-lab mouse code (opened) has no participation criterion and is not the paper's,,,not applicable: no public source,,,"Docstring: 150-250 Hz mean envelope, 12.5 ms Gaussian, 3 SD/mean over stopping; no duration limits borrowed from 2015",none planned,
method,davidson_2009_ripples,Wilson lab (no public detector),no,,,,,"paper note docs/literature/papers/50_Davidson_2009.md 'Code': no code link; sources.md 'Code-availability search scope' (searches through 2026-09-25 of GitHub repositories, code and author/lab accounts, Zenodo, Figshare, Bitbucket, CRCNS and DANDI, with the paper's availability statement) names this paper and found no detector code",,,not applicable: no public source,,,"Docstring: 150-250 Hz mean envelope, 12.5 ms Gaussian, local peaks > 2.5 stopped-baseline SD",none planned,
method,diba_2007_ripples,Buzsaki lab (no public detector),no,,,,,"paper note docs/literature/papers/51_Diba_2007.md 'Code': no code link; sources.md 'Code-availability search scope' (searches through 2026-09-25 of GitHub repositories, code and author/lab accounts, Zenodo, Figshare, Bitbucket, CRCNS and DANDI, with the paper's availability statement) names this paper and found no detector code",,,not applicable: no public source,,,"Docstring: single CA1 channel, 100-300 Hz RMS, 2 SD peak, 1.5 SD bounds; RMS window and baseline supplied",none planned,
method,ji_2007_ripples,Ji-lab DataManager,partial,https://github.com/DaoyunJiLab/DataManager,f64fcdd4c03b374561d8b23cdbb5947a6b656693,"EEG/DataManager_FindRippleProp.m (findallripples: negative crossings of a primary and secondary threshold in SD units, grouped by gap, duration limits)",,"No code link in the paper (paper note 52); Ji's later lab code (2018, opened) has a ripple finder of the same two-threshold shape, not tied to the 2007 settings",MATLAB,GPL-3.0 (LICENSE.md),untested; DataManager data structures must be built by a driver,"findallripples(timestamp, dat, pth, sth, mingap, groupspan, mindur, maxdur, maxamp), a local function of DataManager_FindRippleProp.m",session std (eeg.ripple.sessstd),"Docstring: rectified 80-250 Hz LFP, low 3*S and high 7*S with S the filtered-LFP SD; low-threshold intervals with gaps < 50 ms merged before the high-peak test; no mean subtracted",none planned,"The 2018 code thresholds negative crossings of the filtered signal, not the rectified signal"
method,lee_2002_ripples,Wilson lab (no public detector),no,,,,,"paper note docs/literature/papers/54_Lee_2002.md 'Code': no code link; sources.md 'Code-availability search scope' (searches through 2026-09-25 of GitHub repositories, code and author/lab accounts, Zenodo, Figshare, Bitbucket, CRCNS and DANDI, with the paper's availability statement) names this paper and found no detector code",,,not applicable: no public source,,,"Docstring: rectified 100-400 Hz, SWS mean + 5 SD, crossings <= 20 ms apart joined, >= 20 ms; first channel, shared equiripple filter",none planned,
method,foster_2006_ripples,Wilson lab (no public detector),no,,,,,"paper note docs/literature/papers/53_Foster_2006.md 'Code': no code link; sources.md 'Code-availability search scope' (searches through 2026-09-25 of GitHub repositories, code and author/lab accounts, Zenodo, Figshare, Bitbucket, CRCNS and DANDI, with the paper's availability statement) names this paper and found no detector code",,,not applicable: no public source,,,Docstring: the inherited Lee ripple rule; event time is the interval midpoint,none planned,
method,widloski_2025_bursts,Foster-lab Widloski release,partial,https://zenodo.org/records/15199609,,load_replayEvents_cellIDshuffle.m; plot_replayEvents_rippleStats_allSessions.m,,As widloski_2025: analysis scripts on Zenodo without the helpers they call,MATLAB,CC-BY-4.0 (Zenodo record),untested; depends on undeposited helpers,,,"Docstring: all good clusters in 1 ms bins, 80 ms Gaussian, stopped baseline, 3 SD/mean, >= 50 ms",none planned,
method,krause_2022_hse,Drugowitsch-lab release,yes,https://github.com/DrugowitschLab/HippocampalSWRDynamics,cda23b7fcc8a97222238a26c15d011d3593be39b,"replay_structure/highsynchronyevents.py (HighSynchronyEvents_Preprocessing.get_highsynchronyevents, get_spike_hist, get_hse_times_s); replay_structure/config.py",,The paper's release; opened,Python,BSD-3-Clause (LICENSE),"not applicable: Python, runs in a Python environment (old dependency versions may be needed)","HighSynchronyEvents_Preprocessing(ratday, params).get_highsynchronyevents(ratday)","spike histogram and its gaussian_filter1d smoothing, session mean and SD, HSE bounds before the run clipping","Docstring: text and code branches; text 20 ms Gaussian, stopped events; code 10 ms Gaussian, whole-epoch statistics, events cut at moving samples, > 50 ms after cutting",none planned,Compare the interpretation='code' branch with the release
method,denovellis_2021_mua,ripple_detection history,yes,https://github.com/Eden-Kramer-Lab/replay_trajectory_paper,f2d2b3cc55968fe7d94d3109621b2772cdbb2c0a,src/load_data.py (multiunit_HSE_detector call on the 500 Hz grid),"Eden-Kramer-Lab/ripple_detection@71298f0e935a4b67b66db98c6f3003c16cf0deb8: ripple_detection/detectors.py, core.py",As denovellis_2021,Python,MIT (both repositories),"not applicable: Python, runs in a Python environment (old dependency versions may be needed)","multiunit_HSE_detector(time, multiunit_spikes, speed, 500, minimum_duration=15 ms, zscore_threshold=2.0, close_event_threshold=0) at 0.1.8.dev0",get_multiunit_population_firing_rate output,"Docstring: historical 2 ms grid, 15 ms Gaussian, 2 SD for >= 15 ms, speed <= 4 cm/s; tetrode identities and the two-tetrode filter are caller inputs",none planned,
method,gillespie_2021_mua,Frank-lab filter framework,partial,https://bitbucket.org/franklab/trodes2ff_shared,e90fd3d518e0b7bdce9899f469b703601f56e766,extractMUAevents.m; Trodes_dayprocess.m (line 76 muanstd 3; line 324 the call with ripmindur 0.015),"LorenFrankLab/Gillespie_Neuron_2021@1be6a6a7dbd806154a544d6f509452617e52d8c3: utilities/getMUAtrace.m (2 ms bins, 5 ms SD; not called in the archive)",Named by the paper's archive and opened at the pinned commit (paper note 14); its link to the published MUA events (muadecodesv3) is not established,MATLAB,trodes2ff_shared: no license file,"untested; extractevents.cpp is a self-contained MEX (mex.h only) for mkoctfile --mex; gaussian.m, smoothvect.m, list2vec.m, isExcluded.m are plain MATLAB in FFPhy; the extractors read filter-framework files (loaddatastruct, loadeegstruct, evaluatefilter), so a comparison feeds traces to the core steps through a driver; histcounts in getMUAtrace is absent from Octave 11 core","extractMUAevents(animaldir, animal, day, tetfilter, min_dur, 3, muasource): 1 ms bins, 15 ms SD Gaussian, mean/SD over immobile bins (ag_get2dstate, immobility_velocity 4), extractevents([trace; trace], thresh, baseline, min_separation, min_dur, 0) with min_separation = min_dur = 0.015 set at lines 42-43 (line 43 overrides the min_dur argument) and passed unconverted (line 138), events kept when start and end are immobile","smoothed MUA trace, baseline, std, extractevents measures","Docstring: published 1 ms bins, 15 ms Gaussian, stopped (< 4) baseline, 3 SD/mean, speed < 4 at both ends; the released helper's 5 ms kernel is not substituted",none planned,"extractevents.cpp lines 77-78 round both minsep and mindur to samples, and extractMUAevents passes both as 0.015 (seconds, unconverted), so both become 0 samples: no merging and no 15 ms minimum. The package's minimum_duration=0.0 (literature_methods.py, gillespie_2021_mua) therefore matches the source in effect. docs/literature/papers/14_Gillespie_2021.md line 57 ('at least 15 ms above threshold' and 'events less than 15 ms apart merged') is contradicted on both counts; the note is to be corrected separately"
method,maboudi_2018_open_field,Pfeiffer/Foster lab (no public detector),no,,,,kemerelab/UncoveringTemporalStructureHippocampus@f86b7dcc9ebf1105d9738086a91928f8f3f575a2: Figure6.ipynb (consumes BradRippleStartEndTimes),The open-field analysis consumes Pfeiffer's stored event times (paper note 31); Pfeiffer 2013 has no public detector (see pfeiffer_2013),,,not applicable: no public source,,,Docstring: open-field Pfeiffer 2013 criteria,none planned,
method,muessig_2019_ripples,Wills/Cacucci lab (no public detector),no,,,,,"paper note docs/literature/papers/29_Muessig_2019.md 'Code': no code link; sources.md 'Code-availability search scope' (searches through 2026-09-25 of GitHub repositories, code and author/lab accounts, Zenodo, Figshare, Bitbucket, CRCNS and DANDI, with the paper's availability statement) names this paper and found no detector code",,,not applicable: no public source,,,"Docstring: 7 ms RMS, 100-250 Hz, most-variable channel, > 99th percentile, +/- 50 ms",none planned,
method,bhattarai_2020_ripples,Bhattarai (no public detector),no,,,,,paper note docs/literature/papers/19_Bhattarai_2020.md 'Code': no code link; as bhattarai_2020,,,not applicable: no public source,,,"Docstring: two-channel 100-250 Hz power, 50 ms boxcar, 3/1 SD, > 20 ms then <= 100 ms merge",none planned,
method,farooq_2019_science_awake,Dragoi lab (no public detector),no,,,,,"paper note docs/literature/papers/23_Farooq_2019.md 'Code': no code link; sources.md 'Code-availability search scope' (searches through 2026-09-25 of GitHub repositories, code and author/lab accounts, Zenodo, Figshare, Bitbucket, CRCNS and DANDI, with the paper's availability statement) names this paper and found no detector code",,,not applicable: no public source,,,Docstring: same frame criteria within supplied awake-rest epochs and speed < 1 cm/s,none planned,
method,liu_2019_awake,Dragoi lab (no public detector),no,,,,,"paper note docs/literature/papers/26_Liu_2019.md 'Code': no code link; sources.md 'Code-availability search scope' (searches through 2026-09-25 of GitHub repositories, code and author/lab accounts, Zenodo, Figshare, Bitbucket, CRCNS and DANDI, with the paper's availability statement) names this paper and found no detector code",,,not applicable: no public source,,,"Docstring: silence-bounded frames at supplied track-end rest, speed < 2 cm/s",none planned,
method,liu_2019_ripple_frames,Dragoi lab (no public detector),no,,,,,"paper note docs/literature/papers/26_Liu_2019.md 'Code': no code link; sources.md 'Code-availability search scope' (searches through 2026-09-25 of GitHub repositories, code and author/lab accounts, Zenodo, Figshare, Bitbucket, CRCNS and DANDI, with the paper's availability statement) names this paper and found no detector code",,,not applicable: no public source,,,Docstring: liu_2019's SWS frames containing a > 3 SD liu_2019_ripples peak,none planned,
