quantity,population,state,conditions,measurement,source_doi,source_location,evidence_status,target_statistic,lower,upper,rationale
ripple_event_rate,rat dorsal CA1 pyramidal layer,awake immobility,reference; coupled; local; varying; nearby; refractory; quartic,"Latent network events with a ripple component per second of rest (outside running bouts and the first and last second), after rejection; a doublet counts once; pooled over replicates",10.1002/hipo.22488; 10.1016/j.neuron.2009.07.027,"Buzsáki 2015 Fig. 3C (read from figure); Davidson et al. 2009 Results, 'Extended replay detected by neural decoding' and 'Relationship between extended replay and ripples'",supported,rate_per_s,0.13,0.40,"Lower: ripples during immobility on a maze, about 0.13/s (figure; 0.22/s in home-cage quiet waking). Upper: multiunit candidate events during stops, 0.32-0.40/s (text). Both depend on detection thresholds, so the latent rate is compared. Sleep rates (0.3-0.5/s, Nguyen et al. 2009) are outside the reference state."
ripple_peak_frequency,rat CA1 pyramidal layer,awake immobility,reference; coupled; local; varying; nearby; refractory; quartic,"Median over ripple components of the FFT peak frequency of each rendered, noise-free, unit-amplitude ripple waveform",10.1002/hipo.22488,Fig. 4C caption,supported,median_hz,172,192,Caption modes of per-event peak frequency: 177 Hz in home-cage quiet waking and 187 Hz during immobility on a maze; 5 Hz each side for comparing a median with a histogram mode. The sleep mode (167 Hz) is outside the reference state.
ripple_frequency_decline,rat and mouse dorsal CA1,slow-wave sleep,none (state differs; reported beside the reference),Median over ripple components of the instantaneous frequency (Hilbert phase derivative of the noise-free rendering) 7.5 ms before the envelope's peak minus 7.5 ms after it,10.3389/neuro.07.011.2009,"Results, 'Dynamic frequency structure of ripple events'; Fig. 2C (read from figure); Discussion, 'Ripple frequency dynamics'",supported,median_hz,10,25,"The median instantaneous-frequency trace falls about 15-20 Hz over about 15 ms around the peak (figure); 5 Hz each side for reading it. About 25% of ripples rise instead (Discussion); the model has no rising ripples, a limitation recorded in the parameter notes rather than a target."
ripple_duration,rat dorsal CA1,awake immobility,reference; coupled; nearby; refractory,"Median over ripple components of the time channel 0's 100-250 Hz RMS (17 ms window) stays above 2 SD of the matched noise-only rendering's RMS, in the run that contains the component's centre, on rendered sessions with noise",10.1126/science.aax0758,"Fig. 1B (medians read from figure; the detection convention is in the supplement, not accessed)",supported,median_ms,40,60,"Medians of about 45-55 ms in familiar and novel environments (figure, log axis); 5 ms each side for reading it. The measurement uses Patel et al. 2013's RMS convention since this source's was not accessed. Local profiles, varying noise and the quartic envelope change this measurement by design and are reported, not gated."
ripple_duration_sleep,"rat CA1, septal and intermediate",slow-wave sleep,none (state differs; reported beside the reference),"Mean over ripple components of Patel et al.'s convention: 100-250 Hz RMS in a 17 ms window above 2 SD for at least 20 ms and reaching 5 SD, bounded where it falls below 2 SD",10.1523/JNEUROSCI.2036-13.2013,"Materials and Methods, 'Ripple event detection'; Fig. 3C (read from figure)",supported,mean_ms,27,41,Session means of about 30-37 ms across amplitude classes (figure); 10% each side for reading it.
sharp_wave_duration,rat CA1 stratum radiatum,not stated,reference; coupled; local; varying; nearby; refractory; quartic,Median over sharp-wave components of the full width at 10% of peak of the noise-free radiatum deflection,10.1002/hipo.22488,Introduction,supported,median_ms,40,100,'SPWs are large amplitude negative polarity deflections (40-100 ms) in CA1 stratum radiatum'. The convention is unstated; the width at 10% of peak stands for the visible extent.
pyramidal_baseline_rate,rat dorsal CA1 pyramidal cells,"non-theta (immobility, consummatory behaviour, sleep)",reference; coupled; local; varying; nearby; refractory; quartic,"Mean over place and other pyramidal units of the realized firing rate over rest, events included",10.1523/JNEUROSCI.19-01-00274.1999; 10.1016/j.celrep.2013.07.039,Csicsvari et al. 1999 p. 278; Mizuseki & Buzsáki 2013 Results and Fig. 1B (read from figure),supported,mean_hz,0.3,1.5,"Upper: non-theta mean 1.4 +/- 0.09 Hz (SE), biased upward by excluding silent cells. Lower: the lognormal rate distribution's mode, about 0.3-0.5 Hz (figure)."
interneuron_baseline_rate,rat CA1 interneurons (pyramidal layer; alveus/oriens),non-theta,reference; coupled; local; varying; nearby; refractory; quartic,"Mean over interneurons of the realized firing rate over rest, events included",10.1523/JNEUROSCI.19-01-00274.1999,p. 278,supported,mean_hz,6.3,16.9,"Non-theta means 8.3 +/- 1.02 Hz (alveus/oriens) and 14.3 +/- 1.32 Hz (pyramidal layer), mean +/- SE; bounds 2 SE beyond each."
interneuron_ripple_gain,rat CA1 interneurons,non-theta,reference; coupled; local; varying; nearby; refractory; quartic,"Interneurons' pooled rate within 5 ms of the centres of the ripples of swr and ripple_doublet events, over their pooled rate at rest outside every event's network window at 10% of peak",10.1523/JNEUROSCI.19-01-00274.1999,p. 279; p. 284; p. 278,supported,ratio,2.5,3.8,"'Interneurons in both groups increased approximately threefold relative to the no-SPW baseline period' (p. 279), 'by only 2.5-3' (p. 284); SPW/no-SPW rate ratios 3.8 and 2.8 (p. 278). Measured on large ripples (7 SD), hence swr and doublet events only."
pyramidal_ripple_gain,rat CA1 pyramidal cells,non-theta,reference; coupled; local; varying; nearby; refractory; quartic,"Place and other pyramidal units' pooled rate within 5 ms of the centres of the ripples of swr and ripple_doublet events, over their pooled rate at rest outside every event's network window at 10% of peak",10.1523/JNEUROSCI.19-01-00274.1999,p. 279; p. 278,supported,ratio,5.0,10.0,"'pyramidal cells increased 6.6-fold at the peak of the SPW compared with that of no-SPW epochs' (p. 279); SPW/no-SPW rate ratio 8.6 +/- 0.44 (SE, p. 278). Measured on large ripples (7 SD), hence swr and doublet events only."
observed_participation,rat CA1 pyramidal cells,awake immobility and drowsiness,reference; coupled; local; varying; nearby; refractory; quartic,Mean over events with a ripple of the fraction of place and other pyramidal units that fire at least one spike within 25 ms of the first ripple's centre,10.1523/JNEUROSCI.15-01-00030.1995,"p. 35; abstract, p. 30",supported,mean_fraction,0.05,0.20,"'On the average, approximately 10% of the recorded neurons fired in the time window of the SPW-associated fast oscillatory event (50 msec)'; a factor of two either side, since the units a probe records differ from the simulated population."
observed_participation_largest,rat CA1 pyramidal cells,"awake immobility, drowsiness and sleep",reference; coupled; local; varying; nearby; refractory; quartic,95th percentile over events with a ripple of the same fraction,10.1523/JNEUROSCI.15-01-00030.1995; 10.1016/S0896-6273(00)00135-5,"Ylinen et al. 1995 p. 35; Csicsvari et al. 2000 p. 588, Fig. 3C (read from figure)",supported,p95_fraction,0.20,0.45,"Per-event participation ranges 0-40% (Ylinen, text); about 28% of CA1 pyramidal cells fire within 50 ms in the largest (7 SD) events (Csicsvari 2000, figure)."
sharp_wave_ripple_power_correlation,rat CA1,waking immobility and sleep,coupled,Pearson correlation over swr and ripple_doublet events between the first sharp wave's amplitude and the square of the first ripple's SNR,10.1523/JNEUROSCI.0294-11.2011,"Results, 'Segregation and definition of ripple and fast gamma oscillations'",supported,pearson_r,0.30,1.00,"The SPW sink correlated with ripple power, r = 0.47 (0.30-0.55 by animal). Directional: the coupled condition's latent correlation, 0.6, is an assumed stress value, so only a positive correlation at least the smallest reported r is required."
sharp_wave_ripple_power_correlation_control,simulator,any,reference; local; varying; nearby; refractory; quartic,As sharp_wave_ripple_power_correlation,,,assumed,pearson_r,-0.10,0.10,"The reference draws strengths independently (strength_correlation 0), an assumed control that does not reproduce the reported coupling; the bounds allow for sampling over the validation replicates."
sharp_wave_frequency_relation,rat CA1,waking immobility and sleep,coupled,Spearman correlation over swr and ripple_doublet events between the first sharp wave's amplitude and the first ripple's onset frequency,10.1523/JNEUROSCI.0294-11.2011,Abstract; Results and Fig. 2E,supported,spearman_r,0.05,1.00,"'both the frequency and magnitude of fast oscillations are positively correlated with the magnitude of SPWs' (abstract). The Results describe an inverted U between them, so only the sign is required."
doublet_spacing,rat CA1,awake stops,reference; coupled; local; varying; nearby; refractory; quartic,Median over ripple doublets and triplets of consecutive ripples' centre-to-centre interval,10.1016/j.neuron.2009.07.027,"Results, 'Relationship between extended replay and ripples'; Fig. 5A",supported,median_ms,85,114,"8.8-11.8 ripples/s within replay events imply mean spacings of 85-114 ms (arithmetic; the source reports rates, not intervals)."
