First Author,Last Author,Year,DOI,Journal,Species,Detection,Detection Notes,MUA Z-score Thresh. (STD),SWR Z-score Thresh. (STD),Animal Speed (cm/s),MUA smooth (ms),SWR smooth (ms),Min. Cells (#),SWR electrodes (#),SWR Low Band (Hz),SWR High Band (Hz),Min. Duration (ms),Max Duration (ms),Combine Events Thresh. (ms),Decoding,Time bin (ms),Position bin (cm),Place field smooth (cm),Trajectory,Decoding notes,Reconst. Error (cm),% Decoded,Spike sorting,Time bin step (ms),Shuffle Method,Shuffles (#),Sig. Thresh.,% Decoded denom.,Reconst. Error bin (ms)
Mallory,Foster,2025,https://doi.org/10.1126/science.ads4760,Science,Rats,"MUA, Decoding","Published supplement pp. 5-8 distinguishes linear-track spike-density candidates from open-field decoding. SDE and secondary SWR peaks exceed 3 SD after Gaussian SD 12.5 ms smoothing; speed <5 cm/s, boundaries at the mean. Track replay requires >66% posterior in one directional map, weighted correlation >0.6, jump <40% of track, coverage >20% and >=10 cells. Fig. S2 controls use SWR candidates, correlation >0.7, or Spearman p<0.05. Arena subsequences merge across gaps <20 cm and <50 ms; final duration >50 ms. Released code merges candidate peaks within 70 ms without candidate duration limits. Its replay extraction and arena combination use 50 ms, overriding the generic 100 ms default; combination accepts duration >=50 ms. Code arena spatial merging uses 0.2*maze_size cm rather than fixed 20 cm. No SDE/SWR overlap is required for primary arena replay. Published spike density includes all cells; released code selects excitatory cells.",3,3,5,12.5,12.5,10,1,150,250,50,#N/A,50,Bayes; rank-order correlation (track control),20 (track); 80 (arena),2,2 (track text; per pass in code); 8 (arena text); 4 (arena code),Weighted correlation (track); posterior center of mass (arena),"Published supplement pp. 5-8: track windows 20 ms, arena 80 ms; code establishes 5 ms steps (text says overlapping by 5 ms). Spatial bins are 2 cm; Gaussian SD is 2 cm for track and 8 cm for arena in text. Track code applies a nominal 2 cm Gaussian per filtfilt pass. Arena code passes 8/2=4 as mvnpdf covariance, giving nominal SD sqrt(4)*2=4 cm. Published main text reports mean positional errors 2.9 cm (track) and 3.4 cm (arena), evaluated with nonoverlapping 400 ms windows; Methods exclude sessions with error >10 cm. Arena text defines Euclidean COM jumps; released compute_filtering_binDecoding_cm instead thresholds the absolute change of the first COM coordinate. Text/code differences and caller limits are recorded in the paper note.","2.9 (track), 3.4 (arena)",#N/A,Sorted,5,none for primary criteria-based replay; Spearman test for track rank-order control,#N/A,Criteria-based (primary); Spearman p<0.05 (track control),#N/A,400
Widloski,Foster,2025,https://doi.org/10.1038/s41467-025-65181-5,Nature Communications,Rats,Decoding,"Decoded replay with no ripple or burst requirement / candidate = continuous epoch >=100 ms of smoothly changing decoded position / merged if gap <20 cm and <50 ms; kept if duration >100 ms and dispersion >12 cm / ripples (2 SD, >=15 ms) and bursts (3 SD, >=50 ms) label events after detection / Replay is defined by decoding (80 ms windows, 5 ms steps, >100 ms duration); secondary ripple detector: 2 SD, >=15 ms, merge gaps <50 ms; secondary burst detector: 3 SD, >=50 ms. Both traces use Gaussian SD 80 ms. Replay significance requires p<0.05 for both posterior-spread and jump-size measures against 100 place-cell identity shuffles. Separate 100-snippet tests assess ripple/burst absence. Publisher correction of 17 April 2026 changes references only.",3,2,5,80,80,#N/A,64,100,220,100,#N/A,50,Bayes,80,2,8,Posterior center of mass,Memory-less Bayesian decoding with a uniform prior,#N/A,#N/A,Sorted,5,Place cell-ID shuffle,100,p<0.05,#N/A,#N/A
Yang,Buzsáki,2024,https://doi.org/10.1126/science.adk8261,Science,"Rats, Mice","SWR, MUA",MUA and SWR / MUA with at least one LFP w/ SWR / NREM and quiet waking (automatic state scoring with manual curation) / The 20 ms decoding entry describes UMAP population vectors; the supplementary Bayesian reconstruction uses 100 ms windows. The MUA threshold does not specify the independent LFP detector.,3,Not reported,#N/A,15,Not reported,5,Not reported,Not reported,Not reported,50,500,#N/A,"UMAP
Bayes",20,5,10,KNN,"20 ms refers to UMAP candidate-event bins; Bayesian equations describe 100 ms bins. Trial-label shuffling (1000 repetitions) tests behavioral decoding accuracy and does not establish the number of replay-event shuffles. The archived Python main.py is a template, not the replay analysis.",Not reported,Not reported,Sorted,20,Cell-ID circular shuffle; time-bin shuffle,Not reported,Both distance-to-manifold and trajectory-length tests; cutoff not reported,#N/A,#N/A
Huelin Gorriz,Bendor,2023,https://doi.org/10.1038/s41467-023-43939-z,Nature Communications,Rats,"SWR, MUA","MUA and SWR / Released implementation: 41-point gausswin(alpha=2) on 1 ms MUA bins gives nominal SD 10 ms per pass (filtfilt effective finite-kernel SD about 12.58 ms); paper says 5 ms. Ripple envelope uses smooth(...,15) at 1 kHz (15 ms moving average); paper says 100 ms. The batch script calls extract_replay_events, but that function is absent from the complete release, so the paper's 750 ms maximum is retained.",3,3,5,10,15,5,1,125,300,100,750,50,Bayes,20,10,0,Weighted correlation,Whole-event replay must pass all three shuffle tests at p<0.05; a split half must pass all three at p<0.025. Shuffles are 1000 per method.,Not reported,Not reported,Sorted,20,Spike-train circular shift; place-field shift; per-bin circular shift of position,1000,Whole event p<0.05; split half p<0.025 (all three),#N/A,#N/A
Harvey,Fernandez-Ruiz,2023,https://doi.org/10.1016/j.neuron.2023.04.015,Neuron,Rats,SWR,"SWR / ripple with a simultaneous radiatum sharp wave, detected by neurocode DetectSWR on one pyramidal and one radiatum channel (code; the text describes difference-of-Gaussians ripple power at 4 SD extended to 1 SD, >= 15 ms, and a 2.5 SD, 20-400 ms sharp wave) / sessions without a radiatum channel: FindRipples (code) / replay candidates: ripples >= 80 ms with >= 5 active place cells; events with >50% empty time bins removed / Secondary sessions without radiatum use FindRipples at 100-250 Hz, peak 3 SD, bounds 1 SD, maximum 300 ms. Main numeric fields describe the DetectSWR path; its SD is a local feature scale.",#N/A,2.5,#N/A,#N/A,#N/A,5,1,80,250,80,#N/A,#N/A,Bayes,20,3,3,Weighted correlation,,Not reported,Not reported,Sorted,20,Per-bin circular shift of the posterior,1000,p<0.05,#N/A,#N/A
Liu,Fernandez-Ruiz,2023,https://doi.org/10.1126/science.adi8237,Science,Rats,"SWR, MUA","MUA and SWR
k-means clustering of ripple power
sharp wave detected from radiatum",2,Adaptive,#N/A,10,#N/A,#N/A,1,80,250,100,500,#N/A,Bayes,20,3,3,Radon transform,,Not reported,Not reported,Sorted,20,Per-bin random spatial shift of the reconstruction matrix; cell-ID shuffle,500,95th percentile,#N/A,#N/A
Tirole,Bendor,2022,https://doi.org/10.7554/eLife.79031,eLife,Rats,"SWR, MUA","MUA and SWR / MUA burst with ripple-band z >= 3 inside it / Code values: MUA Gaussian SD 10 ms per pass via filtfilt (effective SD about 12.6 ms for the finite kernel); ripple 15 ms moving average; no maximum-duration exclusion. Text instead states 5 ms, 100 ms and 750 ms, respectively. Minimum 100 ms precedes 50 ms merging.",3,3,5,10,15,5,1,125,300,100,#N/A,50,Bayes,20,10,0,Weighted correlation,Whole-event replay must pass all three shuffle tests at p<0.05; a split half must pass all three at p<0.025. Shuffles are 1000 per method.,Not reported,Not reported,Sorted,20,Spike-train circular shift; place-field shift; per-bin circular shift of position,1000,Whole event p<0.05; split half p<0.025 (all three),#N/A,#N/A
Bush,Burgess,2022,https://doi.org/10.1016/j.cub.2021.10.033,Current Biology,Rats,MUA,"MUA / median speed used for immobility / >= 5 or 15% of pyramidal cells active, whichever is larger / ripple-band detector (150-250 Hz, 5 ms smoothing, 3 SD, one channel) as a separate control",3,3,10,5,5,5,1,150,250,40,500,40,Bayes,10,2,10,Radon transform,,"outbound (13.7cm)
inbound (12.8cm)",13.9%,Sorted,10,Cell-ID shuffle,100,95th percentile,candidate events,500
Berners-Lee,Foster,2022,https://doi.org/10.1016/j.neuron.2022.03.010,Neuron,Rats,MUA,MUA / 20 ms decoding windows are used both with 5 ms steps and without overlap (20 ms steps); the step column records the latter variant.,3,#N/A,5,10,#N/A,#N/A,#N/A,#N/A,#N/A,100,500,#N/A,Bayes,20,2.5,5,"Weighted correlation, Radon transform","Primary event criteria are abs(weighted correlation)>0.6 and maximum jump<0.4 of track length. Paper describes 20 ms windows both in 5 ms steps and without overlap; the released spike-density helper uses nonoverlapping 20 ms windows. The 5000 time shuffles test counts of qualifying events, not a p<0.05 test for each replay.",Not reported,Not reported,Sorted,5 or 20,Time-bin shuffle (test of event counts),5000,Criteria-based events; p<0.05 on counts,#N/A,#N/A
Widloski,Foster,2022,https://doi.org/10.1016/j.neuron.2022.02.002,Neuron,Rats,Decoding,Decoded all immobility,#N/A,#N/A,5,#N/A,#N/A,#N/A,#N/A,#N/A,#N/A,100,#N/A,50,Bayes,80,2,8,Posterior center of mass,"demarcate events based on
posterior spread < 10 cm
posterior jump size < 20 cm",Not reported,Not reported,Sorted,5,none (posterior spread and jump thresholds),#N/A,#N/A,#N/A,250
Krause,Drugowitsch,2022,https://doi.org/10.1016/j.neuron.2021.11.014,Neuron,Rats,"SWR, MUA",MUA and SWR / >2 sp./s / Published MUA control uses Gaussian SD 20 ms; subsequent SWR trimming uses >2 spikes/s/cell in 3 ms bins and retains trimmed events >=30 ms. The 50 ms minimum in the column is the original SWR criterion. / MUA smoothing column follows the released implementation: 10 ms SD; the text reports 20 ms.,3,3,5,10,12.5,#N/A,>1,150,250,50,2000,#N/A,State Space,3,4,4,Viterbi,,Not reported,89.7%,Sorted,3,none (Bayesian model comparison),#N/A,#N/A,SWRs,#N/A
Mou,Ji,2022,https://doi.org/10.1016/j.neuron.2021.12.005,Neuron,Rats,MUA,"Normalized MUA to 1 and used 0.35 as a threshold, extend to 0.15",#N/A,#N/A,#N/A,20,#N/A,4,#N/A,#N/A,#N/A,#N/A,#N/A,30,Bayes,20,2,4,Linear regression,Only used non-empty time bins,#N/A,#N/A,Sorted,10,Time-bin shuffle; cell-ID shuffle (for counts),1000,p<0.05,#N/A,#N/A
Berners-Lee,Foster,2021,https://doi.org/10.1523/JNEUROSCI.1158-20.2021,Journal of Neuroscience,Rats,SWR,SWR,#N/A,2,5,#N/A,12.5,#N/A,3,150,250,50,2000,#N/A,Bayes,20,2,6,MAP,"demarcate events based on:
length of subregion in time (>50 ms)
arm coverage (>50% of the arm)
 weighted correlation (abs. value > .3)",Not reported,Not reported,Sorted,5,"none (MAP, duration, coverage and weighted-correlation criteria)",#N/A,#N/A,#N/A,#N/A
Denovellis,Frank,2021,https://doi.org/10.7554/eLife.64505,eLife,Rats,SWR,"SWR / only SWRs with spikes on >= 2 tetrodes analyzed / MUA done as control (2 SD, >= 15 ms) / The original caller bins MUA at 500 Hz and calls multiunit_HSE_detector with z=2 and minimum duration 15 ms, without overriding the pinned package's Gaussian SD 15 ms.",2,2,4,15,4,#N/A,>1,150,250,15,#N/A,#N/A,State Space,2,3,6,MAP,,7,Not reported,Clusterless,2,none per event (posterior threshold),#N/A,posterior probability >0.80,#N/A,2
Gillespie,Frank,2021,https://doi.org/10.1016/j.neuron.2021.07.029,Neuron,Rats,SWR,"SWR / MUA done as control (3 SD, 15 ms Gaussian smoothing)",3,2,4,15,4,#N/A,>1,150,250,15,#N/A,#N/A,State Space,2,5,Not reported,MAP,"5 cm is the position-bin width; the Methods give a 20 microvolt waveform KDE bandwidth but do not establish a 5 cm spatial kernel SD. A spatially continuous event crosses posterior 0.8; if both states cross, continuous must occupy more time bins. A maze segment must contain at least 30% mean posterior. Median error is <5 cm; quality is evaluated at video frames (30 Hz), using the 2 ms decoder.",<5 (median),Not reported,Clusterless,2,none,#N/A,Continuous-state posterior >0.8; segment posterior >=0.30,#N/A,2
Michon,Kloosterman,2021,https://doi.org/10.1016/j.cub.2021.07.058,Current Biology,Rats,"SWR, MUA","MUA/SWR detrended with median filter
extended to 0.5",4,8,5,15,15,#N/A,1-3,140,225,80,#N/A,20,Bayes,10,4,5,Weighted isotonic regression,"The <30 cm error entry is the 75th-percentile criterion used to select sessions, not a reported mean or median reconstruction error. Evaluated in 100 ms behavioral windows. Replay uses 500 pooled cross-event surrogates; a separate 500-surrogate direction-bias test also appears.",<30,Not reported,Clusterless,10,Pooled cross-event shuffle,500,p<0.05,#N/A,100
Igata,Sasaki,2021,https://doi.org/10.1073/pnas.2011266118,PNAS,Rats,"SWR, MUA","MUA and SWR / Mahalanobis distance used for overall ripple power / GMM used for ripple power / Supplement verified: MUA peak >2 SD, >4 cells, Gaussian SD 15 ms, 50-2000 ms; ripple envelopes use 150-250 Hz and Gaussian SD 4 ms, then Mahalanobis power and GMM selection. A separate SWR detector uses peak 3 SD and 50-500 ms.",2,Adaptive,5,15,4,>4,>1,150,250,50,2000,#N/A,Bayes,20,2,5,MAP,"demarcate events based on:
MAP distance (<40 cm)
Trajectory length (>20 cm)",Not reported,Not reported,Sorted,10,Place-field shift,1000,Trajectory p<0.05; sequential events abs(weighted correlation)>=0.5,#N/A,#N/A
Gridchyn,Csicsvari,2020,https://doi.org/10.1016/j.neuron.2020.01.021,Neuron,Rats,MUA,"MUA
threshold is 3.5x the baseline mean spike count, not a SD multiple
adaptively adjusted to ~1 event/s; 150 ms detection refractory",#N/A,#N/A,#N/A,#N/A,#N/A,#N/A,#N/A,#N/A,#N/A,#N/A,#N/A,#N/A,Bayes,20,6,10,MAP,Real-time,Not reported,Not reported,Clusterless,20,none (adaptive decoding-confidence threshold),#N/A,#N/A,#N/A,#N/A
Kaefer,Csicsvari,2020,https://doi.org/10.1016/j.neuron.2020.01.015,Neuron,Rats,Decoding,"Decoded all immobility / non-local positions detected in 256 ms windows / trajectory replay detected in windows with a fixed number of spikes, excluding decoded speeds under 20 cm/s / Replay windows contain a session-specific fixed number of spikes; 25.6 ms is the underlying sampling bin and is also used in a comparison analysis. Nonlocal position detection uses 256 ms windows. Secondary SWR analysis: 240 ms Fourier/RMS windows every 20 ms, peak 5 SD, bounds 1.5 SD.",#N/A,5,5,#N/A,#N/A,#N/A,>1,150,250,#N/A,#N/A,#N/A,Bayes,Adaptive (25.6 ms base bins),10,10,"MAP, Radon transform","Adaptive bin sizes
No jumps (> 60 cm)
Absolute speed (>20 cm/s) / 25.6 ms is the sampling grid, not the trajectory decoder window. Consecutive base bins are accumulated to a session-specific spike count; nonoverlapping spike windows are scored in overlapping groups of four. The separate non-local-position analysis uses 256 ms windows. Figure 4D plots the percentage of trajectory replays coinciding with an SWR (roughly 45-50% for hippocampus). It does not give the fraction of candidate events decoded as replay.",Not reported,Not reported,Sorted,Adaptive; nonoverlapping,Place-field rotation; cell-ID shuffle,200,95th percentile,#N/A,#N/A
Bhattarai,Jung,2020,https://doi.org/10.1073/pnas.1912533117,PNAS,Rats,"SWR, MUA","SWR and MUA: replay candidates require >=5 place cells from a given block within a 300 ms window after >60 ms silence and at least one coincident SWR. SWRs use power from one channel each on two tetrodes, 100-250 Hz, a 50 ms boxcar, peak >3 SD and bounds at 1 SD; exclude durations <=20 ms, merge inter-ripple intervals <=100 ms, then require spikes from >=5 place cells from any block of the session. No detection-speed threshold is stated; 4 cm/s is a tuning-curve exclusion. The 300 ms replay search window is distinct from an SWR maximum duration, which is not reported. SI Appendix pp. 4-6 verified directly.",#N/A,3,#N/A,#N/A,50,5,2,100,250,20,#N/A,100,Bayes,20,2,6,Linear regression of posterior-mode positions (R^2 significance); weighted correlation (strength/direction),"Published SI Appendix pp. 5-6: replay decoding uses 20 ms windows with a 10 ms step; behavioral reconstruction uses 50 ms windows. Templates use 2 cm spatial bins, Gaussian SD 6 cm and exclude speed <4 cm/s. Fit decoded posterior-mode positions against time-bin number, then compare R^2 with 1000 circular shifts of the decoded-position sequence; p is the fraction of shuffled R^2 values exceeding the observed value, significant at p<0.05. Weighted correlation measures strength/direction and includes only posterior bins >0.01. Exclude session sets with median absolute reconstruction error >20 cm (3 of 28); analyzed-session error is 6.56 +/- 0.46 cm (mean +/- SEM). Table S1 (p. 21) confirms 1342 replays / 2573 candidates = 52.2% rounded.",6.56,52.2%,Sorted,10,Circular shift of decoded positions in time; recompute linear-regression R^2,1000,p<0.05,candidate events,50
Stella,Csicsvari,2019,https://doi.org/10.1016/j.neuron.2019.01.052,Neuron,Rats,SWR,"SWR / Morlet-wavelet RMS power in 150-250 Hz, z-scored per electrode, maximum across CA1 electrodes / bounds at 2 SD / REM excluded by theta/delta ratio / Place-field width 20 cm is the fitted Gaussian basis parameter r in exp(-distance^2/r^2), not a Gaussian standard deviation. Temporal bins are either 8 ms or 15 spikes; >=5 decoded windows is an analysis inclusion rule.",#N/A,5,#N/A,#N/A,#N/A,#N/A,>1,150,250,#N/A,#N/A,#N/A,Bayes,8,4,20,MAP,"Adaptive time bin size (# spikes) / The paper uses two nonoverlapping window schemes: fixed 8 ms and adaptive 15-spike windows. Spatial width 20 cm is the Gaussian basis-function parameter r in exp(-distance^2/r^2), not a smoothing-kernel SD. Selection requires mean maximum posterior >0.1; surrogate analyses have several purposes and no single common count is given in the Methods. / Figure S2 reports errors for one representative session across several fixed-time and fixed-spike windows; the approximate 8-11 cm range is read from that figure, not a pooled reported error.",~8-11 (Figure S2; one session),Not reported,Sorted,8,Cell-ID reassignment; place-field rotation; spike jittering,Not reported,Decoding-confidence threshold 0.1,#N/A,Varied (Figure S2)
Xu,Csicsvari,2019,https://doi.org/10.1016/j.neuron.2018.11.015,Neuron,Rats,MUA,MUA,3,#N/A,#N/A,15,#N/A,4,#N/A,#N/A,#N/A,75,750,#N/A,Bayes,20,1,3 (inferred 1D); 6 (2D),MAP,"Custom optimization procedure
Jump-constrained best path (<=20 bins per step) / Spatial smoothing is explicitly 3 bins on 2 cm 2D maps (6 cm). Applying the stated similar procedure to the 1 cm linearized maps implies 3 cm; the 1D kernel is not independently specified.",Not reported,Not reported,Sorted,10,Place-field rotation,100,none (z-score vs shuffles),#N/A,#N/A
Farooq,Dragoi,2019,https://doi.org/10.1016/j.neuron.2019.05.040,Neuron,Rats,MUA,MUA / frames containing a 175-225 Hz ripple used as a control subset / SWS: speed < 1 cm/s for >= 5 min and theta/delta ratio < 2,2,Not reported,1,15,#N/A,5,Not reported,175,225,100,800,#N/A,Bayes,20,1,5,"Weighted correlation, Radon transform",Positive and negative sequences use opposite shuffle tails (>97.5th or <2.5th percentile). Bayesian trajectory-count tests are distinct from per-frame template/correlation significance. / The approximate 10% replay fraction is a visual estimate from Figure 2B for post-run sleep; the pre-run proportion is lower.,7.6,~10%,Sorted,20,Time-bin shuffle; rate-matched Poisson surrogate; weighted circular-shift space-bin shuffle,500,>97.5th or <2.5th percentile; count tests separate,MUA frames,250
Farooq,Dragoi,2019,https://doi.org/10.1126/science.aav0502,Science,Rats,MUA,"MUA / theta/delta ratio / SWS speed <2 cm/s; awake-rest frames use <1 cm/s. Ripple fields describe a separate developmental characterization (140-250 Hz, 3 SD), not a gate on frames.",2,3,2,15,#N/A,5,#N/A,140,250,100,800,#N/A,Bayes,20,1,5,Weighted correlation,Sequential frames additionally span >15% of track length; stationary frames use >95th-percentile confidence and <5% extent. The approximate 5 cm error is not one verified summary across all developmental ages.,~5 cm (not verified across ages),Not reported,Sorted,#N/A,Time-bin shuffle; rate-matched Poisson surrogate; circular space-bin shuffle (stationary frames),500,Sequential: >97.5th or <2.5th percentile; stationary: >95th,#N/A,500
Chenani,Leibold,2019,https://doi.org/10.1038/s41467-019-09280-0,Nature Communications,Rats,MUA,"Place cell rate peak reached 3 SD, boundaries where it fell below 1 SD, and 5 or more active cells / Reward zones defined by visual judgment of the speed distribution / Ripple columns describe the separate HFE analysis: 100-250 Hz Hilbert amplitude, Gaussian SD 12 ms, peak 3 SD and bounds 1 SD, followed by spectral clustering. Sequence analysis uses MUA bursts.",3,3,#N/A,30,12,5,#N/A,100,250,#N/A,#N/A,#N/A,Rank order correlation,#N/A,#N/A,#N/A,#N/A,,#N/A,#N/A,Sorted,#N/A,Cell-ID shuffle,100,95th percentile,#N/A,#N/A
Michon,Kloosterman,2019,https://doi.org/10.1016/j.cub.2019.03.048,Current Biology,Rats,"SWR, MUA",MUA burst overlapping a ripple event,4,8,5,15,15,#N/A,1-3,140,225,80,#N/A,20,Bayes,10,4,5,Weighted isotonic regression,Real-time,Not reported,3.2-15.5%,Clusterless,10,Pooled cross-event shuffle,500,alpha=0.01,SWR bursts,100
Liu,Dragoi,2019,https://doi.org/10.1002/hipo.23034,Hippocampus,Rats,MUA,MUA / preceded and followed by 100 ms of silence / theta/delta ratio / SWR control / awake rest frames use < 2 cm/s,#N/A,#N/A,1,#N/A,#N/A,4,#N/A,#N/A,#N/A,80,1200,#N/A,Rank order correlation,#N/A,#N/A,#N/A,#N/A,,#N/A,#N/A,Sorted,#N/A,Cell-ID shuffle,1000,#N/A,#N/A,#N/A
Shin,Jadhav,2019,https://doi.org/10.1016/j.neuron.2019.09.012,Neuron,Rats,SWR,SWR,#N/A,3,4,#N/A,#N/A,5,>1,150,250,50,#N/A,#N/A,Bayes,10,2,4,Linear regression, / The approximate 40% replay fraction summarizes the session means in Figure S5E; individual animals and sessions vary.,3.81 cm,~40%,Sorted,10,Time-bin shuffle,1500,p<0.05,candidate events,500
Carey,van der Meer,2019,https://doi.org/10.1038/s41593-019-0464-6,Nature Neuroscience,Rats,"SWR, MUA",MUA and SWR / Adaptive thresholding of MUA / LFP score is the dot product with a noise-corrected SWR spectrum (60 ms window) / joint score thresholded at 4 / theta power no more than 2 SD above the mean,#N/A,#N/A,4,20,60,5,1,Not reported,Not reported,20,#N/A,#N/A,Bayes,25,3,3,MAP,,Not reported,Not reported,Sorted,5,Cell-ID shuffle,500,shuffle-sequence proportion <=0.05,#N/A,#N/A
Muessig,Wills,2019,https://doi.org/10.1016/j.cub.2019.01.005,Current Biology,Rats,"SWR, MUA","MUA and SWR / MUA bursts kept only if they overlap an SWR / theta/delta ratio / SWR threshold is the 99th percentile of RMS power (about 4 SD per the authors) / SWR = fixed 100 ms window around the peak, single highest-SD tetrode / RUN-trial events use < 1 cm/s",3,4,2.5,10,7,#N/A,1,100,250,100,750,#N/A,Bayes,20,2.5,5,Radon transform," / The <10 cm median reconstruction error is an ensemble-inclusion criterion, not the mean error achieved across all ensembles.",<10 cm median,Not reported,Sorted,10,Cell-ID shuffle; map shuffle,500,95th percentile,#N/A,300
Drieu,Zugaro,2018,https://doi.org/10.1126/science.aat2952,Science,Rats,MUA,"MUA / theta/delta ratio / Secondary ripple analysis averages pyramidal-layer channels, uses 100-250 Hz minus 300-500 Hz contamination, peak 3 SD and bounds 1 SD, and keeps durations >20 and <110 ms. Main duration columns describe MUA replay candidates.",3,3,#N/A,10,#N/A,3,>1,100,250,60,500,#N/A,Bayes,20,2.4,4.5,Radon transform,"Each event is compared with 5000 independently circular-shifted posterior-column surrogates. The 20 ms windows are nonoverlapping; the published 4.5 cm place-field kernel is described as a width, without identifying it as SD.",Not reported,Not reported,Sorted,20,Per-column circular shift of position,5000,p<=0.05,#N/A,#N/A
Maboudi,Kemere,2018,https://doi.org/10.7554/eLife.34467,eLife,Rats,MUA,"PBEs from pooled single- and multi-unit activity / excluded if mean speed over the event > 5 cm/s / >= 4 active pyramidal cells and >= 4 20-ms bins / open field: Pfeiffer & Foster 2013 criteria (10 ms kernel, >= 10% of units, 50-2000 ms) / Numeric MUA fields describe linear-track PBEs. Open-field data instead use the Pfeiffer 2013 criteria: Gaussian SD 10 ms, >=10% units, 50-2000 ms.",3,#N/A,5,20,#N/A,4,#N/A,#N/A,#N/A,80,#N/A,#N/A,HMM; Bayes (comparison),20,#N/A,#N/A,HMM sequence likelihood; Bayesian line fit,"Both HMM model-congruence and Bayesian replay scores use 5000 surrogates per event. HMM shuffle permutes off-diagonal transitions within rows; Bayesian shuffle circularly shifts each posterior column. Significance thresholds are varied for ROC analyses; the pooled Bayesian comparison uses 99%, with HMM threshold adjusted to match its event fraction. Temporal/time-swap/Poisson surrogates are model-training controls.",#N/A,#N/A,Sorted,20,HMM off-diagonal transition shuffle; Bayesian posterior column-cycle,5000,Varied; Bayesian comparison 99th percentile,#N/A,#N/A
Ólafsdóttir,Barry,2017,https://doi.org/10.1016/j.neuron.2017.09.035,Neuron,Rats,MUA,"MUA / MUA uses place cells and requires >=15% of the ensemble and >5 cells for trajectories. Ripple columns, the 500 ms maximum and 40 ms merge refer to the separate ripple-overlap control; its power is squared Hilbert amplitude.",3,2.5,3,5,#N/A,>5,#N/A,150,250,40,500,40,Bayes,10,2,10,Radon transform,,17.5 cm,36.9-38.6%,Sorted,10,Place-field rotation,100,p<0.025,putative events,500
Wu,Ji,2017,https://doi.org/10.1038/nn.4507,Nature Neuroscience,Rats,MUA,MUA,4,#N/A,#N/A,#N/A,#N/A,4,#N/A,#N/A,#N/A,50,400,#N/A,Bayes,20,3.1,6.2,Linear regression,,Not reported,Not reported,Sorted,10,Time-bin shuffle,1000,p<0.05,#N/A,#N/A
Yamamoto,Tonegawa,2017,https://doi.org/10.1016/j.neuron.2017.09.017,Neuron,Mice,"SWR, MUA","extend to 1 STD / 70 ms groups adjacent ripple peaks into a single ripple in the ripple-burst analysis; it is a peak-to-peak interval, not an end-to-start gap. The 2 cm sleep criterion is displacement over 15 s, not 2 cm/s.",3,3,#N/A,#N/A,#N/A,#N/A,1,140,200,#N/A,#N/A,70,Bayes,10,Not reported,Not reported,Radon transform,,Not reported,12-15%,Both,Not reported,Column shuffle of the posterior,2000,Not reported,replay candidates,#N/A
Tang,Jadhav,2017,https://doi.org/10.1523/JNEUROSCI.2291-17.2017,Journal of Neuroscience,Rats,SWR,SWR,#N/A,3,4,#N/A,#N/A,5,>1,150,250,#N/A,#N/A,#N/A,Bayes,10,2,8,Linear regression," / Percentages are derived from the published condition-specific counts: 167/397 awake, 147/455 post-task sleep and 116/451 pre-task sleep candidates.",Not reported,42.1% awake; 32.3% post-sleep; 25.7% pre-sleep,Sorted,10,Time-bin shuffle,10000,p<0.05,candidate events,#N/A
Grosmark,Buzsáki,2016,https://doi.org/10.1126/science.aad1935,Science,Rats,"SWR, MUA","MUA and SWR / MUA event must contain the peak of at least one LFP-detected ripple (LFP method not reported) / NREM and quiet waking only; mean and SD from NREM of PRE and POST / states scored from theta/delta ratio, accelerometer and EMG / decoded events: >= 100 ms and >= 5 or 10% of place cells, whichever is greater",3,Not reported,#N/A,15,Not reported,5,Not reported,Not reported,Not reported,100,500,#N/A,Bayes,20,2,5,Weighted regression,,5.14 cm,Not reported,Sorted,20,Circular place-field shuffle; time-bin shuffle; Poisson surrogate,1000,#N/A,#N/A,500
Ambrose,Foster,2016,https://doi.org/10.1016/j.neuron.2016.07.047,Neuron,Rats,SWR,SWR,#N/A,3,5,#N/A,12.5,#N/A,4-7,150,250,Not reported,Not reported,#N/A,Bayes,20,1.8,3,Weighted correlation,"Primary replay criterion is weighted correlation >0.6; verification uses a stricter 0.7 threshold or 1500 posterior shuffles with p<0.05 (main Methods and supplementary Tables S2-S3). Supplement Table S1 gives 738/3312 replays/SWRs in experiment 1, 409/2636 in experiment 2, and 1147/5948 pooled (19.3%). Behavioral bins with error <10 cm range from 74-95% for bidirectional and 74-96% for directional decoding; these are accuracy fractions, not a pooled mean reconstruction error. The full supplement gives no detector-duration limit.",Not reported,19.3% pooled (22.3% experiment 1; 15.5% experiment 2),Sorted,10,none for the primary criterion; Monte Carlo shuffle of the posterior for verification,1500,weighted correlation >0.6 (primary); >0.7 or p<0.05 (verification),SWRs (5948 total; Table S1),200
Jadhav,Frank,2016,https://doi.org/10.1016/j.neuron.2016.02.010,Neuron,Rats,SWR,SWR,#N/A,3,4,#N/A,4,4,>1,150,250,15,#N/A,#N/A,Bayes,15,2,4,Linear regression,,Not reported,Not reported,Sorted,15,Time-bin shuffle,500,p<0.05,#N/A,#N/A
Ólafsdóttir,Barry,2016,https://doi.org/10.1038/nn.4291,Nature Neuroscience,Rats,MUA,"MU activity from place cells, 1 ms bins, Gaussian 5 ms
peak >3 SD above the mean, boundaries where activity returns to the mean
events <40 ms or using <15% of the place-cell ensemble rejected",3,#N/A,#N/A,5,#N/A,15% of ensemble,#N/A,#N/A,#N/A,40,#N/A,#N/A,Bayes,10,2,10,Radon transform,"Exhaustive line-fit search over velocity and intercept / Methods: 10 ms replay bins, 100 independent place-field rotations and p<0.2 for the main analysis; strongest replay subset uses p<0.025. Mean behavioral reconstruction error is 20 cm with 500 ms bins. Fraction 41.7% is derived from 1826/4382 putative events. Nonoverlapping steps are inferred from binning; released fitting functions take bin size as an argument and do not supply a detector caller.",20 (mean),41.7%,Sorted,10 (inferred nonoverlapping),Independent place-field rotation,100,P<0.2 vs own shuffle,putative events,500
Silva,Foster,2015,https://doi.org/10.1038/nn.4151,Nature Neuroscience,Rats,MUA,MUA,3,#N/A,5,10,#N/A,#N/A,#N/A,#N/A,#N/A,100,500,#N/A,Bayes,20,2.5,5,"Weighted correlation, Linear regression, MAP","Trajectory events are selected by weighted-correlation and maximum-jump criteria; 5000 posterior column-cycle shuffles test the number of qualifying events. The p<0.05 result is an aggregate count test, not a per-event selection threshold.",4.34,Not reported,Sorted,20,Column-cycle (event-count test); Poisson and time-swap controls,5000,Criteria-based events; p<0.05 on counts,#N/A,250
Ólafsdóttir,Spiers,2015,https://doi.org/10.7554/eLife.06063,eLife,Rats,MUA,"MUA / bounded by >= 50 ms of silence / If 15% of a template's cells fire within 300 ms, then event (per template; >= 4 cells for rat R1838) / >= 7 active cells for decoding / GOAL-CUE events only: speed < 10 cm/s and within 20 cm of the barrier",#N/A,#N/A,#N/A,#N/A,#N/A,7,#N/A,#N/A,#N/A,#N/A,300,#N/A,"
Template Matching
Bayes",5,1,2,Radon transform,,10,Not reported,Sorted,5,Cell-ID shuffle,1000,95th percentile,#N/A,200
Pfeiffer,Foster,2015,https://doi.org/10.1126/science.aaa9633,Science,Rats,SWR,SWR,#N/A,3,5,#N/A,12.5,#N/A,>1,150,250,50,2000,#N/A,Bayes,20,2,4,Posterior center of mass,"Exclude events:
steps (<10)
start-to-end distance (<80 cm)",Not reported,Not reported,Sorted,5,none (jump and start-to-end distance criteria),#N/A,#N/A,#N/A,#N/A
Wu,Foster,2014,https://doi.org/10.1523/JNEUROSCI.3414-13.2014,Journal of Neuroscience,Rats,MUA,"MUA / Separate ripple analysis uses 13-15 tetrodes, 150-250 Hz, Gaussian SD 8 ms and peak >2.5 SD. The >=50 ms condition applies to a decoded single-arm sequence, not the MUA candidate.",2,2.5,5,15,8,#N/A,13-15,150,250,#N/A,#N/A,#N/A,Bayes,10,1.8-1.9,9-9.5,Weighted correlation,,Not reported,Not reported,Sorted,10,"Place-field circular shift (on cumulative counts, not per event)",5000,|weighted correlation|>0.5 per event; p<0.05 on counts,#N/A,#N/A
Wikenheiser,Redish,2013,https://doi.org/10.1002/hipo.22049,Hippocampus,Rats,SWR,150 ms window centered on times when ripple power exceeded the threshold; overlapping windows joined / at least 3 cells firing at least 5 spikes in total / theta/delta ratio,#N/A,1,2,#N/A,#N/A,3,Not reported,140,220,#N/A,#N/A,#N/A,Bayes,10,4,#N/A,Linear regression,Only time steps with at least 1 spike included,Not reported,28%,Sorted,10,Bootstrap of Karlsson & Frank 2009 (not described),#N/A,p<0.05,candidate ripples,#N/A
Pfeiffer,Foster,2013,https://doi.org/10.1038/nature12112,Nature,Rats,MUA,MUA,3,#N/A,5,10,#N/A,10%,#N/A,#N/A,#N/A,50,2000,#N/A,Bayes,20,2,4,MAP,"Exclude events:
steps (<10)
start-to-end distance (<40 cm)",Not reported,25.3-43.9%,Sorted,5,Cell-ID shuffle; place-field shift,5000,Criteria-based events; all p<0.02 under both shuffles in verification,candidate events,#N/A
Carr,Frank,2012,https://doi.org/10.1016/j.neuron.2012.06.014,Neuron,Rats,SWR,SWR,#N/A,3,4,#N/A,4,5,>1,150,250,15,#N/A,#N/A,Bayes,15,2,4,Linear regression,,Not reported,Not reported,Sorted,15,Time-bin order shuffle,10000,p<0.05,#N/A,#N/A
Bendor,Wilson,2012,https://doi.org/10.1038/nn.3203,Nature Neuroscience,Rats,MUA,MUA / bounds where z >= 2 (peak z >= 4),4,#N/A,#N/A,15,#N/A,#N/A,#N/A,#N/A,#N/A,50,#N/A,50,Bayes,10,Not reported,Not reported,Weighted average,,Not reported,Not reported,Sorted,Not reported,none,#N/A,#N/A,#N/A,#N/A
Gupta,Redish,2010,https://doi.org/10.1016/j.neuron.2010.01.034,Neuron,Rats,SWR,SWR,#N/A,2,Not reported,#N/A,#N/A,3,>1,180,220,40,600,#N/A,"Custom Sequence
 detection
Bayes",40-600 (adaptive sequence window),3.5,#N/A,#N/A,The custom sequence detector scans in 10 ms steps using flexible 40-600 ms windows. A 10 ms scan step is not a 10 ms Bayesian decoding window; the supplementary Bayesian control does not specify its own numerical window here.,Not reported,10%,Sorted,10,Within-event spike-time shuffle; cell-ID shuffle,300,95th percentile (both),candidate events,#N/A
Karlsson,Frank,2009,https://doi.org/10.1038/nn.2344,Nature Neuroscience,Rats,SWR,SWR,#N/A,3,2,#N/A,4,5,>1,150,250,15,#N/A,#N/A,Bayes,15,2,4,Linear regression,,Not reported,47%,Sorted,15,Time-bin order shuffle; cell-ID shuffle (control),10000,p<0.05,candidate events,#N/A
Davidson,Wilson,2009,https://doi.org/10.1016/j.neuron.2009.07.027,Neuron,Rats,MUA,MUA,3,#N/A,5,15,#N/A,#N/A,#N/A,#N/A,#N/A,#N/A,#N/A,#N/A,Bayes,20,10,5,Radon transform,,"7 cm, 9 cm, 8 cm, 8 cm for each rat",16%,Sorted,20,Column-cycle shuffle; unit-identity shuffle; pseudoevent shuffle,1500,p<0.01 under all three,candidate events,500
Diba,Buzsáki,2007,https://doi.org/10.1038/nn1961,Nature Neuroscience,Rats,MUA,"MUA / Detected spiking silent periods (>=60 ms) / If >=5 cells (or >30%) spiked in the next 300 ms, / this was an event / Events follow >=60 ms silence and require >=max(5,30% of template cells) within 300 ms. Separate ripple cross-correlation uses 100-300 Hz RMS, peak 2 SD and onset 1.5 SD.",#N/A,2,10,#N/A,#N/A,5,1,100,300,#N/A,300,#N/A,Rank order correlation,#N/A,#N/A,#N/A,#N/A,,#N/A,#N/A,Sorted,#N/A,Cell-ID shuffle,500,95th percentile,#N/A,#N/A
Ji,Wilson,2007,https://doi.org/10.1038/nn1825,Nature Neuroscience,Rats,MUA,"MUA / spike count threshold determined empirically from distribution / frames are merged across gaps shorter than the per-animal frame gap threshold / Separate ripple detector uses rectified 80-250 Hz voltage, bounds 3 x SD, peak 7 x SD, grouping gaps <50 ms. Frame merging uses per-animal hippocampal gaps of 70-90 ms. / Supplementary Fig. 12: hippocampal interframe gaps are 90, 70, 90 and 80 ms for animals 1-4; cortical gaps differ.",Adaptive,7 x SD (not z-scored),#N/A,30,#N/A,4,#N/A,80,250,#N/A,#N/A,70-90,Template matching,#N/A,2,#N/A,#N/A,,#N/A,#N/A,Sorted,#N/A,Analytic combinatorial match probability; template cell-ID shuffle (population-level),#N/A,p<0.05,#N/A,#N/A
Foster,Wilson,2006,https://doi.org/10.1038/nature04587,Nature,Rats,MUA,"MUA / spikes separated by more than 50 ms / stopping periods, facing the direction just run / The 50 ms grouping entry is the maximum gap between successive pooled spikes, not merging of already-detected ripple intervals.",#N/A,#N/A,#N/A,#N/A,#N/A,1/3 of template cells,#N/A,#N/A,#N/A,#N/A,500,50,Rank order correlation,#N/A,#N/A,#N/A,#N/A,,#N/A,#N/A,Sorted,#N/A,Cell-order permutation,100,p<0.05,#N/A,#N/A
Lee,Wilson,2002,https://doi.org/10.1016/S0896-6273(02)01096-6,Neuron,Rats,MUA,"MUA
spikes grouped within a cell by max_isi (50 ms), bursts split between cells by max_gap (100 ms)
REM identified by theta (5-12 Hz) to total power ratio; SWS is the remainder
visual inspection of animal state",#N/A,#N/A,#N/A,#N/A,#N/A,#N/A,#N/A,#N/A,#N/A,#N/A,#N/A,100,Template matching,#N/A,#N/A,#N/A,#N/A,,#N/A,#N/A,Sorted,#N/A,Shuffled RUN template sequences; cell-shuffled templates,#N/A,match probability <=1/24,#N/A,#N/A
Nádasdy,Buzsáki,1999,https://doi.org/10.1523/JNEUROSCI.19-21-09497.1999,Journal of Neuroscience,Rats,SWR,"SWR / Template matching searches spike trains directly; ripple parameters describe separate EEG/participation analyses and do not gate sequence discovery. / Cited Csicsvari 1999a Methods: 150-250 Hz filtered RMS is computed per electrode and summed across electrodes, then compared with 7 SD. The RMS window is not specified.",#N/A,7,#N/A,#N/A,#N/A,#N/A,>1,150,250,#N/A,#N/A,#N/A,Template matching,"5, 6.7, 10 (analysis variants)",#N/A,#N/A,#N/A,"Template/sequence analysis uses multiple resolutions (5, 6.7 and 10 ms); 10 ms is not a universal Bayesian decoding window. Methods describe p<0.01; Figure 6 describes p<=0.01 against 100 surrogates.",#N/A,#N/A,Sorted,#N/A,ISI shuffle; temporal jitter; across-train shuffle; phase-invariant shuffle,100,p<0.01 (Methods); p<=0.01 (Fig. 6),#N/A,#N/A
Kudrimoti,McNaughton,1999,https://doi.org/10.1523/JNEUROSCI.19-10-04090.1999,Journal of Neuroscience,Rats,SWR,"SWR
visual inspection of animal state",#N/A,Not reported,#N/A,#N/A,#N/A,#N/A,1,100,300,25,#N/A,#N/A,"Correlation, 100 ms bins",100,#N/A,#N/A,#N/A,,#N/A,#N/A,Sorted,100,none,#N/A,#N/A,#N/A,#N/A
