y,factor,first,first_low,first_high,total,total_low,total_high,finite_rows,first_finite_draws,total_finite_draws,sobol_n,caveat
f1,channels,0.0501455,0.0160925,0.0881972,0.0587983,0.0456436,0.0735457,256,1000,1000,256,"rests on 4 methods, below the design's 8; the maintainer chose to run it"
f1,normalization_period,0.0237237,-0.0313933,0.077279,0.0598861,0.0403667,0.0800919,256,1000,1000,256,"rests on 4 methods, below the design's 8; the maintainer chose to run it"
f1,threshold,0.856866,0.720279,1.00672,0.920924,0.786671,1.08939,256,1000,1000,256,"rests on 4 methods, below the design's 8; the maintainer chose to run it"
f1,minimum_event_duration,0.000658839,-0.00142399,0.00285141,0.000198489,0.000121395,0.000294219,256,1000,1000,256,"rests on 4 methods, below the design's 8; the maintainer chose to run it"
f1,maximum_duration,0,0,0,0,0,0,256,1000,1000,256,"rests on 4 methods, below the design's 8; the maintainer chose to run it"
f1,speed,0.00283093,-0.0319979,0.0373523,0.0562029,0.0375037,0.0793089,256,1000,1000,256,"rests on 4 methods, below the design's 8; the maintainer chose to run it"
f1_network,channels,0.0587562,0.0223592,0.099472,0.069691,0.0532963,0.0884448,256,1000,1000,256,"rests on 4 methods, below the design's 8; the maintainer chose to run it"
f1_network,normalization_period,0.0282085,-0.0267079,0.0837632,0.0625262,0.0412869,0.085231,256,1000,1000,256,"rests on 4 methods, below the design's 8; the maintainer chose to run it"
f1_network,threshold,0.849682,0.711976,1.00055,0.921173,0.781163,1.0911,256,1000,1000,256,"rests on 4 methods, below the design's 8; the maintainer chose to run it"
f1_network,minimum_event_duration,0.000639203,-0.00171534,0.00301663,0.000226348,0.000137949,0.000332888,256,1000,1000,256,"rests on 4 methods, below the design's 8; the maintainer chose to run it"
f1_network,maximum_duration,0,0,0,0,0,0,256,1000,1000,256,"rests on 4 methods, below the design's 8; the maintainer chose to run it"
f1_network,speed,0.00262059,-0.0313904,0.0362683,0.0584571,0.0382357,0.0847358,256,1000,1000,256,"rests on 4 methods, below the design's 8; the maintainer chose to run it"
events_per_minute,channels,0.0274617,0.00091917,0.054344,0.0332981,0.0250481,0.0428845,256,1000,1000,256,"rests on 4 methods, below the design's 8; the maintainer chose to run it"
events_per_minute,normalization_period,0.0301512,-0.0199543,0.076234,0.0611473,0.0407565,0.0828491,256,1000,1000,256,"rests on 4 methods, below the design's 8; the maintainer chose to run it"
events_per_minute,threshold,0.878945,0.738162,1.03578,0.930047,0.795672,1.0953,256,1000,1000,256,"rests on 4 methods, below the design's 8; the maintainer chose to run it"
events_per_minute,minimum_event_duration,0.00119207,-0.000319275,0.00282513,0.000165397,7.37096e-05,0.000278971,256,1000,1000,256,"rests on 4 methods, below the design's 8; the maintainer chose to run it"
events_per_minute,maximum_duration,0,0,0,0,0,0,256,1000,1000,256,"rests on 4 methods, below the design's 8; the maintainer chose to run it"
events_per_minute,speed,0.00674513,-0.0272304,0.0415949,0.0577389,0.0382969,0.0821573,256,1000,1000,256,"rests on 4 methods, below the design's 8; the maintainer chose to run it"
onset_error_25,channels,-0.00522188,-0.0755702,0.0584465,0.156117,0.120984,0.203149,256,1000,1000,256,"rests on 4 methods, below the design's 8; the maintainer chose to run it"
onset_error_25,normalization_period,0.103802,0.0164425,0.189965,0.288199,0.20568,0.368449,256,1000,1000,256,"rests on 4 methods, below the design's 8; the maintainer chose to run it"
onset_error_25,threshold,0.378845,0.249387,0.516561,0.513508,0.416085,0.615779,256,1000,1000,256,"rests on 4 methods, below the design's 8; the maintainer chose to run it"
onset_error_25,minimum_event_duration,0.000716201,-0.000239738,0.00237398,6.94833e-05,9.05721e-06,0.000158724,256,1000,1000,256,"rests on 4 methods, below the design's 8; the maintainer chose to run it"
onset_error_25,maximum_duration,0,0,0,0,0,0,256,1000,1000,256,"rests on 4 methods, below the design's 8; the maintainer chose to run it"
onset_error_25,speed,0.117131,0.0214493,0.222137,0.294618,0.215876,0.377746,256,1000,1000,256,"rests on 4 methods, below the design's 8; the maintainer chose to run it"
jaccard_reference,channels,0.0325705,0.00341818,0.0610132,0.0304493,0.0247735,0.0374153,256,1000,1000,256,"rests on 4 methods, below the design's 8; the maintainer chose to run it"
jaccard_reference,normalization_period,0.0185768,-0.0230555,0.0558818,0.0435725,0.0328733,0.0549704,256,1000,1000,256,"rests on 4 methods, below the design's 8; the maintainer chose to run it"
jaccard_reference,threshold,0.90901,0.769727,1.05586,0.907927,0.796797,1.03735,256,1000,1000,256,"rests on 4 methods, below the design's 8; the maintainer chose to run it"
jaccard_reference,minimum_event_duration,0.000752897,-0.000631068,0.00222034,8.4633e-05,5.10668e-05,0.000124331,256,1000,1000,256,"rests on 4 methods, below the design's 8; the maintainer chose to run it"
jaccard_reference,maximum_duration,0,0,0,0,0,0,256,1000,1000,256,"rests on 4 methods, below the design's 8; the maintainer chose to run it"
jaccard_reference,speed,0.010757,-0.0224548,0.0450841,0.0405942,0.0309458,0.0524662,256,1000,1000,256,"rests on 4 methods, below the design's 8; the maintainer chose to run it"
