factor,level,y,reference,value,change,low,high,n_sessions,caveat
channels,3,f1,0.7954,0.797592,0.00219183,-0.00667238,0.0102129,5,"rests on 4 methods, below the design's 8; the maintainer chose to run it"
channels,3,f1_network,0.733295,0.733467,0.000171959,-0.00707349,0.00841892,5,"rests on 4 methods, below the design's 8; the maintainer chose to run it"
channels,3,events_per_minute,7.66,7.72,0.06,-0.08,0.18,5,"rests on 4 methods, below the design's 8; the maintainer chose to run it"
channels,3,onset_error_25,-0.022825,-0.0232791,-0.0004541,-0.000855871,-0.00012027,5,"rests on 4 methods, below the design's 8; the maintainer chose to run it"
channels,3,jaccard_reference,1,0.966637,-0.0333634,-0.0437647,-0.0257113,5,"rests on 4 methods, below the design's 8; the maintainer chose to run it"
channels,null,f1,0.7954,0.7954,0,0,0,5,"rests on 4 methods, below the design's 8; the maintainer chose to run it"
channels,null,f1_network,0.733295,0.733295,0,0,0,5,"rests on 4 methods, below the design's 8; the maintainer chose to run it"
channels,null,events_per_minute,7.66,7.66,0,0,0,5,"rests on 4 methods, below the design's 8; the maintainer chose to run it"
channels,null,onset_error_25,-0.022825,-0.022825,0,0,0,5,"rests on 4 methods, below the design's 8; the maintainer chose to run it"
channels,null,jaccard_reference,1,1,0,0,0,5,"rests on 4 methods, below the design's 8; the maintainer chose to run it"
normalization_period,speed<5,f1,0.7954,0.7954,0,0,0,5,"rests on 4 methods, below the design's 8; the maintainer chose to run it"
normalization_period,speed<5,f1_network,0.733295,0.733295,0,0,0,5,"rests on 4 methods, below the design's 8; the maintainer chose to run it"
normalization_period,speed<5,events_per_minute,7.66,7.66,0,0,0,5,"rests on 4 methods, below the design's 8; the maintainer chose to run it"
normalization_period,speed<5,onset_error_25,-0.022825,-0.022825,0,0,0,5,"rests on 4 methods, below the design's 8; the maintainer chose to run it"
normalization_period,speed<5,jaccard_reference,1,1,0,0,0,5,"rests on 4 methods, below the design's 8; the maintainer chose to run it"
normalization_period,session,f1,0.7954,0.80996,0.0145598,0.00382315,0.0275785,5,"rests on 4 methods, below the design's 8; the maintainer chose to run it"
normalization_period,session,f1_network,0.733295,0.742011,0.0087153,-0.00255365,0.0242083,5,"rests on 4 methods, below the design's 8; the maintainer chose to run it"
normalization_period,session,events_per_minute,7.66,8,0.34,0.26,0.42,5,"rests on 4 methods, below the design's 8; the maintainer chose to run it"
normalization_period,session,onset_error_25,-0.022825,-0.0235691,-0.00074414,-0.000884472,-0.000651226,5,"rests on 4 methods, below the design's 8; the maintainer chose to run it"
normalization_period,session,jaccard_reference,1,0.95673,-0.0432699,-0.0577134,-0.0310588,5,"rests on 4 methods, below the design's 8; the maintainer chose to run it"
threshold,2.0,f1,0.7954,0.699554,-0.0958456,-0.16722,-0.0250512,5,"rests on 4 methods, below the design's 8; the maintainer chose to run it"
threshold,2.0,f1_network,0.733295,0.657446,-0.075849,-0.134393,-0.0144387,5,"rests on 4 methods, below the design's 8; the maintainer chose to run it"
threshold,2.0,events_per_minute,7.66,12.32,4.66,3.46,5.98,5,"rests on 4 methods, below the design's 8; the maintainer chose to run it"
threshold,2.0,onset_error_25,-0.022825,-0.0222214,0.000603625,0.000181269,0.0010153,5,"rests on 4 methods, below the design's 8; the maintainer chose to run it"
threshold,2.0,jaccard_reference,1,0.629868,-0.370132,-0.433156,-0.319011,5,"rests on 4 methods, below the design's 8; the maintainer chose to run it"
threshold,2.25,f1,0.7954,0.763972,-0.0314277,-0.0765239,0.0185921,5,"rests on 4 methods, below the design's 8; the maintainer chose to run it"
threshold,2.25,f1_network,0.733295,0.704637,-0.0286579,-0.0680734,0.0150539,5,"rests on 4 methods, below the design's 8; the maintainer chose to run it"
threshold,2.25,events_per_minute,7.66,9.8,2.14,1.58,2.64,5,"rests on 4 methods, below the design's 8; the maintainer chose to run it"
threshold,2.25,onset_error_25,-0.022825,-0.0225208,0.00030424,7.09795e-05,0.0005375,5,"rests on 4 methods, below the design's 8; the maintainer chose to run it"
threshold,2.25,jaccard_reference,1,0.785094,-0.214906,-0.256951,-0.174746,5,"rests on 4 methods, below the design's 8; the maintainer chose to run it"
threshold,2.5,f1,0.7954,0.799309,0.00390912,-0.0215942,0.035725,5,"rests on 4 methods, below the design's 8; the maintainer chose to run it"
threshold,2.5,f1_network,0.733295,0.734284,0.000988746,-0.0205796,0.0279029,5,"rests on 4 methods, below the design's 8; the maintainer chose to run it"
threshold,2.5,events_per_minute,7.66,8.7,1.04,0.82,1.32,5,"rests on 4 methods, below the design's 8; the maintainer chose to run it"
threshold,2.5,onset_error_25,-0.022825,-0.0226898,0.000135243,0,0.00039931,5,"rests on 4 methods, below the design's 8; the maintainer chose to run it"
threshold,2.5,jaccard_reference,1,0.88207,-0.11793,-0.137299,-0.0985604,5,"rests on 4 methods, below the design's 8; the maintainer chose to run it"
threshold,2.75,f1,0.7954,0.804529,0.00912864,-0.00450689,0.022996,5,"rests on 4 methods, below the design's 8; the maintainer chose to run it"
threshold,2.75,f1_network,0.733295,0.737218,0.00392268,-0.00683964,0.0181515,5,"rests on 4 methods, below the design's 8; the maintainer chose to run it"
threshold,2.75,events_per_minute,7.66,8.12,0.46,0.36,0.58,5,"rests on 4 methods, below the design's 8; the maintainer chose to run it"
threshold,2.75,onset_error_25,-0.022825,-0.022806,1.8975e-05,-0.000339175,0.0003961,5,"rests on 4 methods, below the design's 8; the maintainer chose to run it"
threshold,2.75,jaccard_reference,1,0.943981,-0.0560193,-0.0662158,-0.0458227,5,"rests on 4 methods, below the design's 8; the maintainer chose to run it"
threshold,3.0,f1,0.7954,0.7954,0,0,0,5,"rests on 4 methods, below the design's 8; the maintainer chose to run it"
threshold,3.0,f1_network,0.733295,0.733295,0,0,0,5,"rests on 4 methods, below the design's 8; the maintainer chose to run it"
threshold,3.0,events_per_minute,7.66,7.66,0,0,0,5,"rests on 4 methods, below the design's 8; the maintainer chose to run it"
threshold,3.0,onset_error_25,-0.022825,-0.022825,0,0,0,5,"rests on 4 methods, below the design's 8; the maintainer chose to run it"
threshold,3.0,jaccard_reference,1,1,0,0,0,5,"rests on 4 methods, below the design's 8; the maintainer chose to run it"
minimum_event_duration,0.0,f1,0.7954,0.7954,0,0,0,5,"rests on 4 methods, below the design's 8; the maintainer chose to run it"
minimum_event_duration,0.0,f1_network,0.733295,0.733295,0,0,0,5,"rests on 4 methods, below the design's 8; the maintainer chose to run it"
minimum_event_duration,0.0,events_per_minute,7.66,7.66,0,0,0,5,"rests on 4 methods, below the design's 8; the maintainer chose to run it"
minimum_event_duration,0.0,onset_error_25,-0.022825,-0.022825,0,0,0,5,"rests on 4 methods, below the design's 8; the maintainer chose to run it"
minimum_event_duration,0.0,jaccard_reference,1,1,0,0,0,5,"rests on 4 methods, below the design's 8; the maintainer chose to run it"
minimum_event_duration,0.0125,f1,0.7954,0.7954,0,0,0,5,"rests on 4 methods, below the design's 8; the maintainer chose to run it"
minimum_event_duration,0.0125,f1_network,0.733295,0.733295,0,0,0,5,"rests on 4 methods, below the design's 8; the maintainer chose to run it"
minimum_event_duration,0.0125,events_per_minute,7.66,7.66,0,0,0,5,"rests on 4 methods, below the design's 8; the maintainer chose to run it"
minimum_event_duration,0.0125,onset_error_25,-0.022825,-0.022825,0,0,0,5,"rests on 4 methods, below the design's 8; the maintainer chose to run it"
minimum_event_duration,0.0125,jaccard_reference,1,1,0,0,0,5,"rests on 4 methods, below the design's 8; the maintainer chose to run it"
minimum_event_duration,0.025,f1,0.7954,0.7954,0,0,0,5,"rests on 4 methods, below the design's 8; the maintainer chose to run it"
minimum_event_duration,0.025,f1_network,0.733295,0.733295,0,0,0,5,"rests on 4 methods, below the design's 8; the maintainer chose to run it"
minimum_event_duration,0.025,events_per_minute,7.66,7.66,0,0,0,5,"rests on 4 methods, below the design's 8; the maintainer chose to run it"
minimum_event_duration,0.025,onset_error_25,-0.022825,-0.022825,0,0,0,5,"rests on 4 methods, below the design's 8; the maintainer chose to run it"
minimum_event_duration,0.025,jaccard_reference,1,1,0,0,0,5,"rests on 4 methods, below the design's 8; the maintainer chose to run it"
minimum_event_duration,0.037500000000000006,f1,0.7954,0.7954,0,0,0,5,"rests on 4 methods, below the design's 8; the maintainer chose to run it"
minimum_event_duration,0.037500000000000006,f1_network,0.733295,0.733295,0,0,0,5,"rests on 4 methods, below the design's 8; the maintainer chose to run it"
minimum_event_duration,0.037500000000000006,events_per_minute,7.66,7.66,0,0,0,5,"rests on 4 methods, below the design's 8; the maintainer chose to run it"
minimum_event_duration,0.037500000000000006,onset_error_25,-0.022825,-0.022825,0,0,0,5,"rests on 4 methods, below the design's 8; the maintainer chose to run it"
minimum_event_duration,0.037500000000000006,jaccard_reference,1,1,0,0,0,5,"rests on 4 methods, below the design's 8; the maintainer chose to run it"
minimum_event_duration,0.05,f1,0.7954,0.7954,0,0,0,5,"rests on 4 methods, below the design's 8; the maintainer chose to run it"
minimum_event_duration,0.05,f1_network,0.733295,0.733295,0,0,0,5,"rests on 4 methods, below the design's 8; the maintainer chose to run it"
minimum_event_duration,0.05,events_per_minute,7.66,7.66,0,0,0,5,"rests on 4 methods, below the design's 8; the maintainer chose to run it"
minimum_event_duration,0.05,onset_error_25,-0.022825,-0.022825,0,0,0,5,"rests on 4 methods, below the design's 8; the maintainer chose to run it"
minimum_event_duration,0.05,jaccard_reference,1,1,0,0,0,5,"rests on 4 methods, below the design's 8; the maintainer chose to run it"
maximum_duration,2.0,f1,0.7954,0.7954,0,0,0,5,"rests on 4 methods, below the design's 8; the maintainer chose to run it"
maximum_duration,2.0,f1_network,0.733295,0.733295,0,0,0,5,"rests on 4 methods, below the design's 8; the maintainer chose to run it"
maximum_duration,2.0,events_per_minute,7.66,7.66,0,0,0,5,"rests on 4 methods, below the design's 8; the maintainer chose to run it"
maximum_duration,2.0,onset_error_25,-0.022825,-0.022825,0,0,0,5,"rests on 4 methods, below the design's 8; the maintainer chose to run it"
maximum_duration,2.0,jaccard_reference,1,1,0,0,0,5,"rests on 4 methods, below the design's 8; the maintainer chose to run it"
maximum_duration,null,f1,0.7954,0.7954,0,0,0,5,"rests on 4 methods, below the design's 8; the maintainer chose to run it"
maximum_duration,null,f1_network,0.733295,0.733295,0,0,0,5,"rests on 4 methods, below the design's 8; the maintainer chose to run it"
maximum_duration,null,events_per_minute,7.66,7.66,0,0,0,5,"rests on 4 methods, below the design's 8; the maintainer chose to run it"
maximum_duration,null,onset_error_25,-0.022825,-0.022825,0,0,0,5,"rests on 4 methods, below the design's 8; the maintainer chose to run it"
maximum_duration,null,jaccard_reference,1,1,0,0,0,5,"rests on 4 methods, below the design's 8; the maintainer chose to run it"
speed,endpoints<=5,f1,0.7954,0.7954,0,0,0,5,"rests on 4 methods, below the design's 8; the maintainer chose to run it"
speed,endpoints<=5,f1_network,0.733295,0.733295,0,0,0,5,"rests on 4 methods, below the design's 8; the maintainer chose to run it"
speed,endpoints<=5,events_per_minute,7.66,7.66,0,0,0,5,"rests on 4 methods, below the design's 8; the maintainer chose to run it"
speed,endpoints<=5,onset_error_25,-0.022825,-0.022825,0,0,0,5,"rests on 4 methods, below the design's 8; the maintainer chose to run it"
speed,endpoints<=5,jaccard_reference,1,1,0,0,0,5,"rests on 4 methods, below the design's 8; the maintainer chose to run it"
speed,restrict<5,f1,0.7954,0.79449,-0.000909843,-0.00272953,0,5,"rests on 4 methods, below the design's 8; the maintainer chose to run it"
speed,restrict<5,f1_network,0.733295,0.732497,-0.000798226,-0.00239468,0,5,"rests on 4 methods, below the design's 8; the maintainer chose to run it"
speed,restrict<5,events_per_minute,7.66,7.68,0.02,0,0.06,5,"rests on 4 methods, below the design's 8; the maintainer chose to run it"
speed,restrict<5,onset_error_25,-0.022825,-0.022825,0,0,0,5,"rests on 4 methods, below the design's 8; the maintainer chose to run it"
speed,restrict<5,jaccard_reference,1,0.997015,-0.00298507,-0.00895522,0,5,"rests on 4 methods, below the design's 8; the maintainer chose to run it"
