config_id,family,reason,f1,f1_network,events_per_minute,onset_error_25,jaccard_reference,error,caveat
mallory_2025,lfp,peaks bounded by mean crossings merged by retained peak (custom peak merging),0.594922,0.657706,11.7,-0.0360336,0.432741,,"rests on 4 methods, below the design's 8; the maintainer chose to run it"
widloski_2025,lfp,a minimum time above threshold (15 ms); the template needs one sample,0.633179,0.597824,5.92,-0.187003,0.695198,,"rests on 4 methods, below the design's 8; the maintainer chose to run it"
huelin_gorriz_2023,lfp,"Tirole's finite 41-point kernel applied forward and backward, threshold anchors with fallback bounds, a speed median sampled every 10 ms and a resampled ripple gate",0.695059,0.667918,5.44,-0.0395391,0.641038,,"rests on 4 methods, below the design's 8; the maintainer chose to run it"
harvey_2023_code,lfp,Long_sharp_wave_ripple_detector (k-means on sharp-wave and ripple power) then a pyramidal spiking veto near the peak,0.715664,0.648678,5.46,0.00433375,0.6271,,"rests on 4 methods, below the design's 8; the maintainer chose to run it"
harvey_2023_text,lfp,"difference-of-Gaussians band with statistics from a clipped trace, and a radiatum sharp wave detected on another trace",0.715093,0.608837,6.7,0.00599398,0.615959,,"rests on 4 methods, below the design's 8; the maintainer chose to run it"
tirole_2022,lfp,"Tirole's finite 41-point kernel applied forward and backward, threshold anchors with fallback bounds, a speed median sampled every 10 ms and a resampled ripple gate",0.695059,0.667918,5.44,-0.0395391,0.641038,,"rests on 4 methods, below the design's 8; the maintainer chose to run it"
bush_2022,lfp,"a rate on the input samples rather than 1 ms bins, an inclusive 40 ms merge after detection, an active-fraction rule and a median speed rule",0.629656,0.687229,6.98,-0.0206223,0.530557,,"rests on 4 methods, below the design's 8; the maintainer chose to run it"
berners_lee_2022,lfp,"a finite 100-point kernel with zero-padded convolution, statistics over stopped bins and bounds just above the mean",0.69066,0.714714,7.92,-0.0336169,0.500531,,"rests on 4 methods, below the design's 8; the maintainer chose to run it"
krause_2022,lfp,SWRs trimmed on per-event 3 ms bins,0.767566,0.708605,6.9,-0.010545,0.901962,,"rests on 4 methods, below the design's 8; the maintainer chose to run it"
mou_2022,lfp,10 ms bins and min-max scaling of the population trace,0.655619,0.693409,13.94,-0.0714273,0.441121,,"rests on 4 methods, below the design's 8; the maintainer chose to run it"
denovellis_2021,lfp,"the historical 101-tap filter on squared, summed channels, rooted after smoothing, and a 15 ms minimum above threshold",0.79592,0.687333,10.42,-0.00543492,0.732366,,"rests on 4 methods, below the design's 8; the maintainer chose to run it"
gillespie_2021,lfp,"Kay_ripple_detector: the root of summed squared envelopes, a whole detector rather than a template core",0.790568,0.682857,10.5,-0.00553226,0.726848,,"rests on 4 methods, below the design's 8; the maintainer chose to run it"
michon_2021,lfp,"5 ms bins, 3 s median detrending and a ripple partner on a detrended envelope",0.410688,0.379549,2.52,-0.0258178,0.327794,,"rests on 4 methods, below the design's 8; the maintainer chose to run it"
gridchyn_2020,lfp,adaptive feedback threshold on causal 20 ms counts,0.260313,0.279073,51.42,-0.00587816,0.126079,,"rests on 4 methods, below the design's 8; the maintainer chose to run it"
kaefer_2020,lfp,240 ms FFT windows every 20 ms,0.0274374,0.0251079,0.5,-0.156149,0.0568994,,"rests on 4 methods, below the design's 8; the maintainer chose to run it"
bhattarai_2020,lfp,"silence-bounded population windows (detect_silence_bounded_events), not a thresholded trace",0.593109,0.552771,4.22,-0.119102,0.544316,,"rests on 4 methods, below the design's 8; the maintainer chose to run it"
stella_2019,lfp,"Morlet wavelet RMS per electrode, the maximum over electrodes",0.669676,0.566514,9.4,0.00300409,0.588741,,"rests on 4 methods, below the design's 8; the maintainer chose to run it"
xu_2019,lfp,"onsets trimmed to the first spike, with active-fraction and spike-count rules",0.615198,0.67972,10.84,-0.0299348,0.464555,,"rests on 4 methods, below the design's 8; the maintainer chose to run it"
farooq_2019_science,lfp,participation counted over the place cells while the trace pools pyramidal cells; the template counts its trace's own units,0.370793,0.408532,2.76,-0.0174612,0.28114,,"rests on 4 methods, below the design's 8; the maintainer chose to run it"
michon_2019,lfp,"5 ms bins, 3 s median detrending and a ripple partner on a detrended envelope",0.410688,0.379549,2.52,-0.0258178,0.327794,,"rests on 4 methods, below the design's 8; the maintainer chose to run it"
liu_2019,lfp,"silence-bounded population windows (detect_silence_bounded_events), not a thresholded trace",0.19675,0.233623,61.32,-0.159228,0.0983253,,"rests on 4 methods, below the design's 8; the maintainer chose to run it"
shin_2019,lfp,"Karlsson_ripple_detector: each channel detected separately and overlapping events combined, a whole detector rather than a template core",0.776447,0.684479,8.36,-0.0145555,0.835685,,"rests on 4 methods, below the design's 8; the maintainer chose to run it"
carey_2019,lfp,Carey_candidate_detector: a joint spectral-ripple and multiunit score,0.488632,0.520165,23.14,-0.0099751,0.286098,,"rests on 4 methods, below the design's 8; the maintainer chose to run it"
maboudi_2018,lfp,a finite 121-point Gaussian kernel with zero padding and a mean speed rule,0.743137,0.77619,9.16,-0.0536912,0.568815,,"rests on 4 methods, below the design's 8; the maintainer chose to run it"
olafsdottir_2017.trajectory,lfp,"an active-fraction rule (a share of the selected cells), which the template's cell count does not express",0.61994,0.670481,5.7,-0.00918117,0.53473,,"rests on 4 methods, below the design's 8; the maintainer chose to run it"
wu_2017,lfp,a population trace on 10 ms bins; the template's grid is 1 ms,0.61624,0.609281,5.56,-0.00731988,0.463307,,"rests on 4 methods, below the design's 8; the maintainer chose to run it"
yamamoto_2017,lfp,"a population trace on 10 ms bins; the template's grid is 1 ms, with a ripple partner of a squared single-channel envelope",0.706204,0.620174,7.84,0.00638383,0.581359,,"rests on 4 methods, below the design's 8; the maintainer chose to run it"
tang_2017,lfp,"Karlsson_ripple_detector: each channel detected separately and overlapping events combined, a whole detector rather than a template core",0.776447,0.684479,8.36,-0.0145555,0.835685,,"rests on 4 methods, below the design's 8; the maintainer chose to run it"
jadhav_2016,lfp,"Karlsson_ripple_detector: each channel detected separately and overlapping events combined, a whole detector rather than a template core; SWRs within 1 s of the previous start dropped",0.68013,0.641357,6.78,-0.0144973,0.742523,,"rests on 4 methods, below the design's 8; the maintainer chose to run it"
olafsdottir_2016,lfp,"an active-fraction rule (a share of the selected cells), which the template's cell count does not express",0.616811,0.667186,5.78,-0.00918117,0.530353,,"rests on 4 methods, below the design's 8; the maintainer chose to run it"
olafsdottir_2015,lfp,"silence-bounded population windows (detect_silence_bounded_events), not a thresholded trace",0.577225,0.630217,10.2,-0.0139809,0.454396,,"rests on 4 methods, below the design's 8; the maintainer chose to run it"
olafsdottir_2015.bayesian_candidates,lfp,"silence-bounded population windows (detect_silence_bounded_events), not a thresholded trace",0.602222,0.653252,7.42,-0.0154028,0.500359,,"rests on 4 methods, below the design's 8; the maintainer chose to run it"
wu_2014,lfp,a population trace on 10 ms bins; the template's grid is 1 ms,0.33118,0.374455,34,-0.0353161,0.186172,,"rests on 4 methods, below the design's 8; the maintainer chose to run it"
wikenheiser_2013,lfp,"150 ms windows around every sample above 1 SD, joined",0.165581,0.199162,89.1,-0.151789,0.0797445,,"rests on 4 methods, below the design's 8; the maintainer chose to run it"
pfeiffer_2013,lfp,"bounds trimmed to 20 ms spike windows, an active-fraction rule and duration limits after trimming",0.623452,0.687205,9.92,-0.021629,0.488283,,"rests on 4 methods, below the design's 8; the maintainer chose to run it"
carr_2012,lfp,"Karlsson_ripple_detector: each channel detected separately and overlapping events combined, a whole detector rather than a template core",0.776447,0.684479,8.36,-0.0145555,0.835685,,"rests on 4 methods, below the design's 8; the maintainer chose to run it"
gupta_2010,lfp,a log-transformed envelope; the template thresholds the envelope or its square,0.157109,0.150113,87.34,-0.00673165,0.0778876,,"rests on 4 methods, below the design's 8; the maintainer chose to run it"
karlsson_2009,lfp,"Karlsson_ripple_detector: each channel detected separately and overlapping events combined, a whole detector rather than a template core",0.778291,0.686007,8.32,-0.0145555,0.830723,,"rests on 4 methods, below the design's 8; the maintainer chose to run it"
diba_2007,lfp,"silence-bounded population windows (detect_silence_bounded_events), not a thresholded trace",0.32092,0.362066,2.44,-0.0983823,0.235971,,"rests on 4 methods, below the design's 8; the maintainer chose to run it"
ji_2007,lfp,10 ms bins of counts thresholded at a histogram minimum,0.742614,0.75769,7.26,-0.00189203,0.59513,,"rests on 4 methods, below the design's 8; the maintainer chose to run it"
foster_2006,lfp,"silence-bounded population windows (detect_silence_bounded_events), not a thresholded trace",0.189114,0.220073,1.32,-0.0344982,0.129202,,"rests on 4 methods, below the design's 8; the maintainer chose to run it"
lee_2002,lfp,"silence-bounded population windows (detect_silence_bounded_events), not a thresholded trace, with each cell's bursts collapsed",0.10541,0.124386,143.14,-0.0562926,0.050302,,"rests on 4 methods, below the design's 8; the maintainer chose to run it"
nadasdy_1999,lfp,"boxcar RMS of the filtered channels, summed",0.601149,0.514524,5.24,-0.00264862,0.570412,,"rests on 4 methods, below the design's 8; the maintainer chose to run it"
kudrimoti_1999,lfp,a minimum time above threshold (25 ms); the template needs one sample,0.0484066,0.0436681,0.32,0.0252686,0.0410809,,"rests on 4 methods, below the design's 8; the maintainer chose to run it"
harvey_2023_no_radiatum,lfp,Zugaro_ripple_detector then a pyramidal spiking veto near the peak,0.557686,0.53525,11.12,-0.00938154,0.447795,,"rests on 4 methods, below the design's 8; the maintainer chose to run it"
mallory_2025_ripples,lfp,peaks bounded by mean crossings merged by retained peak (custom peak merging),0.746585,0.676217,8.1,-0.0221879,0.830828,,"rests on 4 methods, below the design's 8; the maintainer chose to run it"
igata_2021_ripples,lfp,one inventory per channel,0.295802,0.255841,46.82,-0.00566788,0.15949,,"rests on 4 methods, below the design's 8; the maintainer chose to run it"
wu_2014_ripples,lfp,"local peaks each with its own window, not a thresholded interval",0,0,17.16,,0,,"rests on 4 methods, below the design's 8; the maintainer chose to run it"
davidson_2009_ripples,lfp,"local peaks each with its own window, not a thresholded interval",0,0,10.94,,0,,"rests on 4 methods, below the design's 8; the maintainer chose to run it"
ji_2007_ripples,lfp,"the rectified filtered LFP with raw thresholds, not an envelope's z-score, merged before a peak is required",0.00753982,0.00700306,0.72,-0.0660251,0.0747007,,"rests on 4 methods, below the design's 8; the maintainer chose to run it"
lee_2002_ripples,lfp,"the rectified filtered LFP (100-400 Hz) z-scored over sleep, not an envelope; crossings 20 ms apart or less joined",0.101615,0.0936502,1.6,0.0207459,0.157403,,"rests on 4 methods, below the design's 8; the maintainer chose to run it"
foster_2006_ripples,lfp,"lee_2002_ripples' rule: the rectified filtered LFP (100-400 Hz) z-scored over sleep, not an envelope; crossings 20 ms apart or less joined",0.101615,0.0936502,1.6,0.0207459,0.157403,,"rests on 4 methods, below the design's 8; the maintainer chose to run it"
denovellis_2021_mua,lfp,2 ms bins and a 15 ms minimum above threshold,0.427888,0.469521,27.8,-0.0371229,0.232403,,"rests on 4 methods, below the design's 8; the maintainer chose to run it"
maboudi_2018_open_field,lfp,pfeiffer_2013's rule: bounds trimmed to 20 ms spike windows and an active-fraction rule,0.623452,0.687205,9.92,-0.021629,0.488283,,"rests on 4 methods, below the design's 8; the maintainer chose to run it"
muessig_2019_ripples,lfp,"local peaks each with its own window, not a thresholded interval",0.0676384,0.0634637,234.96,-0.017323,0.0312819,,"rests on 4 methods, below the design's 8; the maintainer chose to run it"
bhattarai_2020_ripples,lfp,"a 50 ms boxcar of the squared filtered signal, merged after a duration rule",0.643283,0.601487,4.72,-0.00759848,0.612198,,"rests on 4 methods, below the design's 8; the maintainer chose to run it"
farooq_2019_science_awake,lfp,participation counted over the place cells while the trace pools pyramidal cells; the template counts its trace's own units,0.370793,0.408532,2.76,-0.0174612,0.28114,,"rests on 4 methods, below the design's 8; the maintainer chose to run it"
liu_2019_awake,lfp,"silence-bounded population windows (detect_silence_bounded_events), not a thresholded trace",0.19675,0.233623,61.32,-0.159228,0.0983253,,"rests on 4 methods, below the design's 8; the maintainer chose to run it"
