pair,a,b,y,factor,phi,error,v_empty,v_all,caveat
yang_2024|reference,yang_2024,reference,jaccard_reference,units,0.23718,0,0.356509,1,
yang_2024|reference,yang_2024,reference,jaccard_reference,normalization_period,0.0444219,0,0.356509,1,
yang_2024|reference,yang_2024,reference,jaccard_reference,maximum_duration,0,0,0.356509,1,
yang_2024|reference,yang_2024,reference,jaccard_reference,minimum_active_units,0.00126216,0,0.356509,1,
yang_2024|reference,yang_2024,reference,jaccard_reference,state,0.0250966,0,0.356509,1,
yang_2024|reference,yang_2024,reference,jaccard_reference,coincidence,0.33553,0,0.356509,1,
yang_2024|reference,yang_2024,reference,f1,units,0.0405942,0,0.627429,0.745623,
yang_2024|reference,yang_2024,reference,f1,normalization_period,-0.0136717,0,0.627429,0.745623,
yang_2024|reference,yang_2024,reference,f1,maximum_duration,0,0,0.627429,0.745623,
yang_2024|reference,yang_2024,reference,f1,minimum_active_units,-0.00291501,0,0.627429,0.745623,
yang_2024|reference,yang_2024,reference,f1,state,-0.0203028,0,0.627429,0.745623,
yang_2024|reference,yang_2024,reference,f1,coincidence,0.114489,0,0.627429,0.745623,
liu_2023|reference,liu_2023,reference,jaccard_reference,units,0.156715,0,0.357102,1,
liu_2023|reference,liu_2023,reference,jaccard_reference,smoothing_sigma,0.0952502,0,0.357102,1,
liu_2023|reference,liu_2023,reference,jaccard_reference,threshold,0.230834,0,0.357102,1,
liu_2023|reference,liu_2023,reference,jaccard_reference,minimum_event_duration,0.0554425,0,0.357102,1,
liu_2023|reference,liu_2023,reference,jaccard_reference,maximum_duration,0,0,0.357102,1,
liu_2023|reference,liu_2023,reference,jaccard_reference,coincidence,0.104656,0,0.357102,1,
liu_2023|reference,liu_2023,reference,f1,units,0.0208049,0,0.641591,0.745623,
liu_2023|reference,liu_2023,reference,f1,smoothing_sigma,0.0490988,0,0.641591,0.745623,
liu_2023|reference,liu_2023,reference,f1,threshold,0.161289,0,0.641591,0.745623,
liu_2023|reference,liu_2023,reference,f1,minimum_event_duration,-0.00940159,0,0.641591,0.745623,
liu_2023|reference,liu_2023,reference,f1,maximum_duration,0,0,0.641591,0.745623,
liu_2023|reference,liu_2023,reference,f1,coincidence,-0.117759,0,0.641591,0.745623,
igata_2021|reference,igata_2021,reference,jaccard_reference,normalization_period,0.0265651,0,0.315219,1,
igata_2021|reference,igata_2021,reference,jaccard_reference,threshold,0.658216,0,0.315219,1,
igata_2021|reference,igata_2021,reference,jaccard_reference,maximum_duration,0,0,0.315219,1,
igata_2021|reference,igata_2021,reference,jaccard_reference,minimum_active_units,0,0,0.315219,1,
igata_2021|reference,igata_2021,reference,f1,normalization_period,-0.0394498,0,0.370245,0.745623,
igata_2021|reference,igata_2021,reference,f1,threshold,0.414827,0,0.370245,0.745623,
igata_2021|reference,igata_2021,reference,f1,maximum_duration,0,0,0.370245,0.745623,
igata_2021|reference,igata_2021,reference,f1,minimum_active_units,0,0,0.370245,0.745623,
farooq_2019_neuron|reference,farooq_2019_neuron,reference,jaccard_reference,units,0.144236,0,0.224579,1,
farooq_2019_neuron|reference,farooq_2019_neuron,reference,jaccard_reference,threshold,0.166201,0,0.224579,1,
farooq_2019_neuron|reference,farooq_2019_neuron,reference,jaccard_reference,bound_fraction,0.235652,0,0.224579,1,
farooq_2019_neuron|reference,farooq_2019_neuron,reference,jaccard_reference,minimum_event_duration,0.188857,0,0.224579,1,
farooq_2019_neuron|reference,farooq_2019_neuron,reference,jaccard_reference,maximum_duration,0,0,0.224579,1,
farooq_2019_neuron|reference,farooq_2019_neuron,reference,jaccard_reference,minimum_active_units,0.00182267,0,0.224579,1,
farooq_2019_neuron|reference,farooq_2019_neuron,reference,jaccard_reference,state,0.0386517,0,0.224579,1,
farooq_2019_neuron|reference,farooq_2019_neuron,reference,f1,units,-0.00190416,0,0.446218,0.745623,
farooq_2019_neuron|reference,farooq_2019_neuron,reference,f1,threshold,0.0804961,0,0.446218,0.745623,
farooq_2019_neuron|reference,farooq_2019_neuron,reference,f1,bound_fraction,0.0954032,0,0.446218,0.745623,
farooq_2019_neuron|reference,farooq_2019_neuron,reference,f1,minimum_event_duration,0.160402,0,0.446218,0.745623,
farooq_2019_neuron|reference,farooq_2019_neuron,reference,f1,maximum_duration,0,0,0.446218,0.745623,
farooq_2019_neuron|reference,farooq_2019_neuron,reference,f1,minimum_active_units,-0.00430363,0,0.446218,0.745623,
farooq_2019_neuron|reference,farooq_2019_neuron,reference,f1,state,-0.0306888,0,0.446218,0.745623,
chenani_2019|reference,chenani_2019,reference,jaccard_reference,units,0.350859,0,0.493627,1,
chenani_2019|reference,chenani_2019,reference,jaccard_reference,smoothing_sigma,0.112368,0,0.493627,1,
chenani_2019|reference,chenani_2019,reference,jaccard_reference,bound_fraction,0.0227555,0,0.493627,1,
chenani_2019|reference,chenani_2019,reference,jaccard_reference,minimum_event_duration,-0.00586675,0,0.493627,1,
chenani_2019|reference,chenani_2019,reference,jaccard_reference,minimum_active_units,0.00210324,0,0.493627,1,
chenani_2019|reference,chenani_2019,reference,jaccard_reference,state,0.0241537,0,0.493627,1,
chenani_2019|reference,chenani_2019,reference,f1,units,0.0982222,0,0.78764,0.745623,
chenani_2019|reference,chenani_2019,reference,f1,smoothing_sigma,-0.0724257,0,0.78764,0.745623,
chenani_2019|reference,chenani_2019,reference,f1,bound_fraction,-0.0149186,0,0.78764,0.745623,
chenani_2019|reference,chenani_2019,reference,f1,minimum_event_duration,0.00480889,0,0.78764,0.745623,
chenani_2019|reference,chenani_2019,reference,f1,minimum_active_units,-0.0264744,0,0.78764,0.745623,
chenani_2019|reference,chenani_2019,reference,f1,state,-0.0312297,0,0.78764,0.745623,
muessig_2019|reference,muessig_2019,reference,jaccard_reference,units,0.145964,0,0.0851751,1,
muessig_2019|reference,muessig_2019,reference,jaccard_reference,smoothing_sigma,0.114896,0,0.0851751,1,
muessig_2019|reference,muessig_2019,reference,jaccard_reference,bound_fraction,0.361035,0,0.0851751,1,
muessig_2019|reference,muessig_2019,reference,jaccard_reference,minimum_event_duration,0.17726,0,0.0851751,1,
muessig_2019|reference,muessig_2019,reference,jaccard_reference,maximum_duration,0,0,0.0851751,1,
muessig_2019|reference,muessig_2019,reference,jaccard_reference,state,0.0180909,0,0.0851751,1,
muessig_2019|reference,muessig_2019,reference,jaccard_reference,coincidence,0.0975777,0,0.0851751,1,
muessig_2019|reference,muessig_2019,reference,f1,units,-0.00104254,0,0.196974,0.745623,
muessig_2019|reference,muessig_2019,reference,f1,smoothing_sigma,0.081755,0,0.196974,0.745623,
muessig_2019|reference,muessig_2019,reference,f1,bound_fraction,0.298766,0,0.196974,0.745623,
muessig_2019|reference,muessig_2019,reference,f1,minimum_event_duration,0.179442,0,0.196974,0.745623,
muessig_2019|reference,muessig_2019,reference,f1,maximum_duration,0,0,0.196974,0.745623,
muessig_2019|reference,muessig_2019,reference,f1,state,-0.0179776,0,0.196974,0.745623,
muessig_2019|reference,muessig_2019,reference,f1,coincidence,0.00770637,0,0.196974,0.745623,
drieu_2018|reference,drieu_2018,reference,jaccard_reference,units,0.429832,0,0.382836,1,
drieu_2018|reference,drieu_2018,reference,jaccard_reference,smoothing_sigma,0.157593,0,0.382836,1,
drieu_2018|reference,drieu_2018,reference,jaccard_reference,minimum_event_duration,0.0246918,0,0.382836,1,
drieu_2018|reference,drieu_2018,reference,jaccard_reference,maximum_duration,0,0,0.382836,1,
drieu_2018|reference,drieu_2018,reference,jaccard_reference,state,0.00504803,0,0.382836,1,
drieu_2018|reference,drieu_2018,reference,f1,units,0.145235,0,0.582232,0.745623,
drieu_2018|reference,drieu_2018,reference,f1,smoothing_sigma,0.105876,0,0.582232,0.745623,
drieu_2018|reference,drieu_2018,reference,f1,minimum_event_duration,0.0304934,0,0.582232,0.745623,
drieu_2018|reference,drieu_2018,reference,f1,maximum_duration,0,0,0.582232,0.745623,
drieu_2018|reference,drieu_2018,reference,f1,state,-0.118214,0,0.582232,0.745623,
olafsdottir_2017|reference,olafsdottir_2017,reference,jaccard_reference,units,0.320434,0,0.368868,1,
olafsdottir_2017|reference,olafsdottir_2017,reference,jaccard_reference,smoothing_sigma,0.261273,0,0.368868,1,
olafsdottir_2017|reference,olafsdottir_2017,reference,jaccard_reference,minimum_event_duration,0.0264619,0,0.368868,1,
olafsdottir_2017|reference,olafsdottir_2017,reference,jaccard_reference,speed,0.00917675,0,0.368868,1,
olafsdottir_2017|reference,olafsdottir_2017,reference,jaccard_reference,state,0.013786,0,0.368868,1,
olafsdottir_2017|reference,olafsdottir_2017,reference,f1,units,0.076289,0,0.58505,0.745623,
olafsdottir_2017|reference,olafsdottir_2017,reference,f1,smoothing_sigma,0.0974175,0,0.58505,0.745623,
olafsdottir_2017|reference,olafsdottir_2017,reference,f1,minimum_event_duration,0.0467638,0,0.58505,0.745623,
olafsdottir_2017|reference,olafsdottir_2017,reference,f1,speed,-0.0219134,0,0.58505,0.745623,
olafsdottir_2017|reference,olafsdottir_2017,reference,f1,state,-0.0379844,0,0.58505,0.745623,
silva_2015|reference,silva_2015,reference,jaccard_reference,units,0.309379,0,0.436296,1,
silva_2015|reference,silva_2015,reference,jaccard_reference,smoothing_sigma,0.140607,0,0.436296,1,
silva_2015|reference,silva_2015,reference,jaccard_reference,minimum_event_duration,0.0874871,0,0.436296,1,
silva_2015|reference,silva_2015,reference,jaccard_reference,maximum_duration,0,0,0.436296,1,
silva_2015|reference,silva_2015,reference,jaccard_reference,speed,0.0262313,0,0.436296,1,
silva_2015|reference,silva_2015,reference,f1,units,0.0580111,0,0.713861,0.745623,
silva_2015|reference,silva_2015,reference,f1,smoothing_sigma,0.0627426,0,0.713861,0.745623,
silva_2015|reference,silva_2015,reference,f1,minimum_event_duration,-0.0449796,0,0.713861,0.745623,
silva_2015|reference,silva_2015,reference,f1,maximum_duration,0,0,0.713861,0.745623,
silva_2015|reference,silva_2015,reference,f1,speed,-0.0440119,0,0.713861,0.745623,
bendor_2012|reference,bendor_2012,reference,jaccard_reference,threshold,0.285413,0,0.554909,1,
bendor_2012|reference,bendor_2012,reference,jaccard_reference,bound_fraction,0.154518,0,0.554909,1,
bendor_2012|reference,bendor_2012,reference,jaccard_reference,merge_gap,0.0051597,0,0.554909,1,
bendor_2012|reference,bendor_2012,reference,f1,threshold,-0.00974676,0,0.790766,0.745623,
bendor_2012|reference,bendor_2012,reference,f1,bound_fraction,-0.0319715,0,0.790766,0.745623,
bendor_2012|reference,bendor_2012,reference,f1,merge_gap,-0.00342453,0,0.790766,0.745623,
davidson_2009|reference,davidson_2009,reference,jaccard_reference,normalization_period,0.0940316,0,0.831746,1,
davidson_2009|reference,davidson_2009,reference,jaccard_reference,minimum_event_duration,0,0,0.831746,1,
davidson_2009|reference,davidson_2009,reference,jaccard_reference,speed,0.0548009,0,0.831746,1,
davidson_2009|reference,davidson_2009,reference,jaccard_reference,state,0.0194212,0,0.831746,1,
davidson_2009|reference,davidson_2009,reference,f1,normalization_period,-0.0253484,0,0.787707,0.745623,
davidson_2009|reference,davidson_2009,reference,f1,minimum_event_duration,0,0,0.787707,0.745623,
davidson_2009|reference,davidson_2009,reference,f1,speed,-0.0249611,0,0.787707,0.745623,
davidson_2009|reference,davidson_2009,reference,f1,state,0.00822494,0,0.787707,0.745623,
widloski_2025_bursts|reference,widloski_2025_bursts,reference,jaccard_reference,smoothing_sigma,0.488874,0,0.433422,1,
widloski_2025_bursts|reference,widloski_2025_bursts,reference,jaccard_reference,normalization_period,0.0777034,0,0.433422,1,
widloski_2025_bursts|reference,widloski_2025_bursts,reference,f1,smoothing_sigma,0.0355673,0,0.702124,0.745623,
widloski_2025_bursts|reference,widloski_2025_bursts,reference,f1,normalization_period,0.00793162,0,0.702124,0.745623,
krause_2022_hse|reference,krause_2022_hse,reference,jaccard_reference,smoothing_sigma,0.150943,0,0.800036,1,
krause_2022_hse|reference,krause_2022_hse,reference,jaccard_reference,minimum_event_duration,0,0,0.800036,1,
krause_2022_hse|reference,krause_2022_hse,reference,jaccard_reference,speed,0.0490212,0,0.800036,1,
krause_2022_hse|reference,krause_2022_hse,reference,f1,smoothing_sigma,-0.0444853,0,0.812852,0.745623,
krause_2022_hse|reference,krause_2022_hse,reference,f1,minimum_event_duration,0,0,0.812852,0.745623,
krause_2022_hse|reference,krause_2022_hse,reference,f1,speed,-0.0227436,0,0.812852,0.745623,
gillespie_2021_mua|reference,gillespie_2021_mua,reference,jaccard_reference,normalization_period,0.0973112,0,0.844834,1,
gillespie_2021_mua|reference,gillespie_2021_mua,reference,jaccard_reference,minimum_event_duration,0,0,0.844834,1,
gillespie_2021_mua|reference,gillespie_2021_mua,reference,jaccard_reference,speed,0.0578543,0,0.844834,1,
gillespie_2021_mua|reference,gillespie_2021_mua,reference,f1,normalization_period,-0.0250242,0,0.797125,0.745623,
gillespie_2021_mua|reference,gillespie_2021_mua,reference,f1,minimum_event_duration,0,0,0.797125,0.745623,
gillespie_2021_mua|reference,gillespie_2021_mua,reference,f1,speed,-0.0264777,0,0.797125,0.745623,
igata_2021|muessig_2019,igata_2021,muessig_2019,jaccard_reference,units,0.135688,0.0195432,0.0267003,1,
igata_2021|muessig_2019,igata_2021,muessig_2019,jaccard_reference,smoothing_sigma,0.0448607,0.00921935,0.0267003,1,
igata_2021|muessig_2019,igata_2021,muessig_2019,jaccard_reference,normalization_period,0.0090131,0.00423928,0.0267003,1,
igata_2021|muessig_2019,igata_2021,muessig_2019,jaccard_reference,threshold,0.13583,0.0128277,0.0267003,1,
igata_2021|muessig_2019,igata_2021,muessig_2019,jaccard_reference,bound_fraction,0.325719,0.0223056,0.0267003,1,
igata_2021|muessig_2019,igata_2021,muessig_2019,jaccard_reference,minimum_event_duration,0.252525,0.0237352,0.0267003,1,
igata_2021|muessig_2019,igata_2021,muessig_2019,jaccard_reference,maximum_duration,0,0,0.0267003,1,
igata_2021|muessig_2019,igata_2021,muessig_2019,jaccard_reference,minimum_active_units,-0.00105834,0.000238641,0.0267003,1,
igata_2021|muessig_2019,igata_2021,muessig_2019,jaccard_reference,state,0.00473804,0.000508783,0.0267003,1,
igata_2021|muessig_2019,igata_2021,muessig_2019,jaccard_reference,coincidence,0.0659843,0.00408148,0.0267003,1,
igata_2021|muessig_2019,igata_2021,muessig_2019,f1,units,0.0324838,0.00446422,0.370245,0.196974,
igata_2021|muessig_2019,igata_2021,muessig_2019,f1,smoothing_sigma,-0.0719749,0.002752,0.370245,0.196974,
igata_2021|muessig_2019,igata_2021,muessig_2019,f1,normalization_period,-0.00253892,0.00276455,0.370245,0.196974,
igata_2021|muessig_2019,igata_2021,muessig_2019,f1,threshold,0.0570178,0.020015,0.370245,0.196974,
igata_2021|muessig_2019,igata_2021,muessig_2019,f1,bound_fraction,-0.0977032,0.0328414,0.370245,0.196974,
igata_2021|muessig_2019,igata_2021,muessig_2019,f1,minimum_event_duration,-0.14741,0.0203282,0.370245,0.196974,
igata_2021|muessig_2019,igata_2021,muessig_2019,f1,maximum_duration,0,0,0.370245,0.196974,
igata_2021|muessig_2019,igata_2021,muessig_2019,f1,minimum_active_units,-0.0030034,0.00107657,0.370245,0.196974,
igata_2021|muessig_2019,igata_2021,muessig_2019,f1,state,0.0287628,0.00347431,0.370245,0.196974,
igata_2021|muessig_2019,igata_2021,muessig_2019,f1,coincidence,0.0310942,0.0095465,0.370245,0.196974,
muessig_2019|drieu_2018,muessig_2019,drieu_2018,jaccard_reference,units,0.155891,0,0.0640928,1,
muessig_2019|drieu_2018,muessig_2019,drieu_2018,jaccard_reference,bound_fraction,0.18383,0,0.0640928,1,
muessig_2019|drieu_2018,muessig_2019,drieu_2018,jaccard_reference,minimum_event_duration,0.38209,0,0.0640928,1,
muessig_2019|drieu_2018,muessig_2019,drieu_2018,jaccard_reference,maximum_duration,0,0,0.0640928,1,
muessig_2019|drieu_2018,muessig_2019,drieu_2018,jaccard_reference,state,0.0403934,0,0.0640928,1,
muessig_2019|drieu_2018,muessig_2019,drieu_2018,jaccard_reference,coincidence,0.173702,0,0.0640928,1,
muessig_2019|drieu_2018,muessig_2019,drieu_2018,f1,units,-0.0499452,0,0.196974,0.582232,
muessig_2019|drieu_2018,muessig_2019,drieu_2018,f1,bound_fraction,0.273818,0,0.196974,0.582232,
muessig_2019|drieu_2018,muessig_2019,drieu_2018,f1,minimum_event_duration,0.197636,0,0.196974,0.582232,
muessig_2019|drieu_2018,muessig_2019,drieu_2018,f1,maximum_duration,0,0,0.196974,0.582232,
muessig_2019|drieu_2018,muessig_2019,drieu_2018,f1,state,0.00849932,0,0.196974,0.582232,
muessig_2019|drieu_2018,muessig_2019,drieu_2018,f1,coincidence,-0.0447493,0,0.196974,0.582232,
muessig_2019|olafsdottir_2017,muessig_2019,olafsdottir_2017,jaccard_reference,units,0.117646,0,0.0704785,1,
muessig_2019|olafsdottir_2017,muessig_2019,olafsdottir_2017,jaccard_reference,smoothing_sigma,0.0399358,0,0.0704785,1,
muessig_2019|olafsdottir_2017,muessig_2019,olafsdottir_2017,jaccard_reference,bound_fraction,0.341821,0,0.0704785,1,
muessig_2019|olafsdottir_2017,muessig_2019,olafsdottir_2017,jaccard_reference,minimum_event_duration,0.317834,0,0.0704785,1,
muessig_2019|olafsdottir_2017,muessig_2019,olafsdottir_2017,jaccard_reference,maximum_duration,0,0,0.0704785,1,
muessig_2019|olafsdottir_2017,muessig_2019,olafsdottir_2017,jaccard_reference,speed,0,0,0.0704785,1,
muessig_2019|olafsdottir_2017,muessig_2019,olafsdottir_2017,jaccard_reference,coincidence,0.112285,0,0.0704785,1,
muessig_2019|olafsdottir_2017,muessig_2019,olafsdottir_2017,f1,units,-0.0321986,0,0.196974,0.58505,
muessig_2019|olafsdottir_2017,muessig_2019,olafsdottir_2017,f1,smoothing_sigma,-0.135474,0,0.196974,0.58505,
muessig_2019|olafsdottir_2017,muessig_2019,olafsdottir_2017,f1,bound_fraction,0.310574,0,0.196974,0.58505,
muessig_2019|olafsdottir_2017,muessig_2019,olafsdottir_2017,f1,minimum_event_duration,0.257747,0,0.196974,0.58505,
muessig_2019|olafsdottir_2017,muessig_2019,olafsdottir_2017,f1,maximum_duration,0,0,0.196974,0.58505,
muessig_2019|olafsdottir_2017,muessig_2019,olafsdottir_2017,f1,speed,0,0,0.196974,0.58505,
muessig_2019|olafsdottir_2017,muessig_2019,olafsdottir_2017,f1,coincidence,-0.0125714,0,0.196974,0.58505,
igata_2021|farooq_2019_neuron,igata_2021,farooq_2019_neuron,jaccard_reference,units,0.169907,0,0.0719366,1,
igata_2021|farooq_2019_neuron,igata_2021,farooq_2019_neuron,jaccard_reference,normalization_period,-0.0125757,0,0.0719366,1,
igata_2021|farooq_2019_neuron,igata_2021,farooq_2019_neuron,jaccard_reference,bound_fraction,0.464565,0,0.0719366,1,
igata_2021|farooq_2019_neuron,igata_2021,farooq_2019_neuron,jaccard_reference,minimum_event_duration,0.249757,0,0.0719366,1,
igata_2021|farooq_2019_neuron,igata_2021,farooq_2019_neuron,jaccard_reference,maximum_duration,0,0,0.0719366,1,
igata_2021|farooq_2019_neuron,igata_2021,farooq_2019_neuron,jaccard_reference,state,0.0564097,0,0.0719366,1,
igata_2021|farooq_2019_neuron,igata_2021,farooq_2019_neuron,f1,units,0.0425054,0,0.370245,0.446218,
igata_2021|farooq_2019_neuron,igata_2021,farooq_2019_neuron,f1,normalization_period,-0.0122007,0,0.370245,0.446218,
igata_2021|farooq_2019_neuron,igata_2021,farooq_2019_neuron,f1,bound_fraction,0.111281,0,0.370245,0.446218,
igata_2021|farooq_2019_neuron,igata_2021,farooq_2019_neuron,f1,minimum_event_duration,-0.119788,0,0.370245,0.446218,
igata_2021|farooq_2019_neuron,igata_2021,farooq_2019_neuron,f1,maximum_duration,0,0,0.370245,0.446218,
igata_2021|farooq_2019_neuron,igata_2021,farooq_2019_neuron,f1,state,0.0541754,0,0.370245,0.446218,
muessig_2019|davidson_2009,muessig_2019,davidson_2009,jaccard_reference,units,0.166066,0.0159318,0.0999904,1,
muessig_2019|davidson_2009,muessig_2019,davidson_2009,jaccard_reference,smoothing_sigma,0.121833,0.00915488,0.0999904,1,
muessig_2019|davidson_2009,muessig_2019,davidson_2009,jaccard_reference,normalization_period,0.0223134,0.00353456,0.0999904,1,
muessig_2019|davidson_2009,muessig_2019,davidson_2009,jaccard_reference,bound_fraction,0.245175,0.017613,0.0999904,1,
muessig_2019|davidson_2009,muessig_2019,davidson_2009,jaccard_reference,minimum_event_duration,0.248847,0.0183518,0.0999904,1,
muessig_2019|davidson_2009,muessig_2019,davidson_2009,jaccard_reference,maximum_duration,0,0,0.0999904,1,
muessig_2019|davidson_2009,muessig_2019,davidson_2009,jaccard_reference,speed,0.0118367,0.00178136,0.0999904,1,
muessig_2019|davidson_2009,muessig_2019,davidson_2009,jaccard_reference,state,0.00634927,0.0020882,0.0999904,1,
muessig_2019|davidson_2009,muessig_2019,davidson_2009,jaccard_reference,coincidence,0.0775896,0.00958802,0.0999904,1,
muessig_2019|davidson_2009,muessig_2019,davidson_2009,f1,units,0.0160759,0.00550783,0.196974,0.787707,
muessig_2019|davidson_2009,muessig_2019,davidson_2009,f1,smoothing_sigma,0.0794224,0.00293996,0.196974,0.787707,
muessig_2019|davidson_2009,muessig_2019,davidson_2009,f1,normalization_period,0.000245629,0.0019065,0.196974,0.787707,
muessig_2019|davidson_2009,muessig_2019,davidson_2009,f1,bound_fraction,0.287527,0.0215322,0.196974,0.787707,
muessig_2019|davidson_2009,muessig_2019,davidson_2009,f1,minimum_event_duration,0.227592,0.0223427,0.196974,0.787707,
muessig_2019|davidson_2009,muessig_2019,davidson_2009,f1,maximum_duration,0,0,0.196974,0.787707,
muessig_2019|davidson_2009,muessig_2019,davidson_2009,f1,speed,0.00650707,0.000943396,0.196974,0.787707,
muessig_2019|davidson_2009,muessig_2019,davidson_2009,f1,state,-0.0195611,0.00147329,0.196974,0.787707,
muessig_2019|davidson_2009,muessig_2019,davidson_2009,f1,coincidence,-0.00707554,0.00434416,0.196974,0.787707,
muessig_2019|gillespie_2021_mua,muessig_2019,gillespie_2021_mua,jaccard_reference,units,0.164784,0.0158204,0.10065,1,
muessig_2019|gillespie_2021_mua,muessig_2019,gillespie_2021_mua,jaccard_reference,smoothing_sigma,0.122162,0.00899513,0.10065,1,
muessig_2019|gillespie_2021_mua,muessig_2019,gillespie_2021_mua,jaccard_reference,normalization_period,0.0234629,0.00360698,0.10065,1,
muessig_2019|gillespie_2021_mua,muessig_2019,gillespie_2021_mua,jaccard_reference,bound_fraction,0.251002,0.0177725,0.10065,1,
muessig_2019|gillespie_2021_mua,muessig_2019,gillespie_2021_mua,jaccard_reference,minimum_event_duration,0.252231,0.0185458,0.10065,1,
muessig_2019|gillespie_2021_mua,muessig_2019,gillespie_2021_mua,jaccard_reference,maximum_duration,0,0,0.10065,1,
muessig_2019|gillespie_2021_mua,muessig_2019,gillespie_2021_mua,jaccard_reference,speed,0.0121991,0.00183645,0.10065,1,
muessig_2019|gillespie_2021_mua,muessig_2019,gillespie_2021_mua,jaccard_reference,state,-0.00264936,0.0017268,0.10065,1,
muessig_2019|gillespie_2021_mua,muessig_2019,gillespie_2021_mua,jaccard_reference,coincidence,0.0761577,0.00947361,0.10065,1,
muessig_2019|gillespie_2021_mua,muessig_2019,gillespie_2021_mua,f1,units,0.0140009,0.00549802,0.196974,0.797125,
muessig_2019|gillespie_2021_mua,muessig_2019,gillespie_2021_mua,f1,smoothing_sigma,0.0799334,0.00299472,0.196974,0.797125,
muessig_2019|gillespie_2021_mua,muessig_2019,gillespie_2021_mua,f1,normalization_period,0.000353542,0.00194562,0.196974,0.797125,
muessig_2019|gillespie_2021_mua,muessig_2019,gillespie_2021_mua,f1,bound_fraction,0.289972,0.0216191,0.196974,0.797125,
muessig_2019|gillespie_2021_mua,muessig_2019,gillespie_2021_mua,f1,minimum_event_duration,0.228688,0.0224015,0.196974,0.797125,
muessig_2019|gillespie_2021_mua,muessig_2019,gillespie_2021_mua,f1,maximum_duration,0,0,0.196974,0.797125,
muessig_2019|gillespie_2021_mua,muessig_2019,gillespie_2021_mua,f1,speed,0.00678768,0.000982114,0.196974,0.797125,
muessig_2019|gillespie_2021_mua,muessig_2019,gillespie_2021_mua,f1,state,-0.0120853,0.00137966,0.196974,0.797125,
muessig_2019|gillespie_2021_mua,muessig_2019,gillespie_2021_mua,f1,coincidence,-0.00750012,0.00438346,0.196974,0.797125,
muessig_2019|krause_2022_hse,muessig_2019,krause_2022_hse,jaccard_reference,units,0.137302,0,0.105641,1,
muessig_2019|krause_2022_hse,muessig_2019,krause_2022_hse,jaccard_reference,smoothing_sigma,0.203423,0,0.105641,1,
muessig_2019|krause_2022_hse,muessig_2019,krause_2022_hse,jaccard_reference,bound_fraction,0.240829,0,0.105641,1,
muessig_2019|krause_2022_hse,muessig_2019,krause_2022_hse,jaccard_reference,minimum_event_duration,0.219525,0,0.105641,1,
muessig_2019|krause_2022_hse,muessig_2019,krause_2022_hse,jaccard_reference,maximum_duration,0,0,0.105641,1,
muessig_2019|krause_2022_hse,muessig_2019,krause_2022_hse,jaccard_reference,speed,0.0129081,0,0.105641,1,
muessig_2019|krause_2022_hse,muessig_2019,krause_2022_hse,jaccard_reference,state,0.000457734,0,0.105641,1,
muessig_2019|krause_2022_hse,muessig_2019,krause_2022_hse,jaccard_reference,coincidence,0.0799135,0,0.105641,1,
muessig_2019|krause_2022_hse,muessig_2019,krause_2022_hse,f1,units,0.00626806,0,0.196974,0.812852,
muessig_2019|krause_2022_hse,muessig_2019,krause_2022_hse,f1,smoothing_sigma,0.140231,0,0.196974,0.812852,
muessig_2019|krause_2022_hse,muessig_2019,krause_2022_hse,f1,bound_fraction,0.259428,0,0.196974,0.812852,
muessig_2019|krause_2022_hse,muessig_2019,krause_2022_hse,f1,minimum_event_duration,0.214372,0,0.196974,0.812852,
muessig_2019|krause_2022_hse,muessig_2019,krause_2022_hse,f1,maximum_duration,0,0,0.196974,0.812852,
muessig_2019|krause_2022_hse,muessig_2019,krause_2022_hse,f1,speed,0.00786585,0,0.196974,0.812852,
muessig_2019|krause_2022_hse,muessig_2019,krause_2022_hse,f1,state,-0.0118937,0,0.196974,0.812852,
muessig_2019|krause_2022_hse,muessig_2019,krause_2022_hse,f1,coincidence,-0.000394092,0,0.196974,0.812852,
yang_2024|igata_2021,yang_2024,igata_2021,jaccard_reference,units,0.239893,0,0.114899,1,
yang_2024|igata_2021,yang_2024,igata_2021,jaccard_reference,normalization_period,0.0200065,0,0.114899,1,
yang_2024|igata_2021,yang_2024,igata_2021,jaccard_reference,threshold,0.224298,0,0.114899,1,
yang_2024|igata_2021,yang_2024,igata_2021,jaccard_reference,maximum_duration,0,0,0.114899,1,
yang_2024|igata_2021,yang_2024,igata_2021,jaccard_reference,state,0.0671518,0,0.114899,1,
yang_2024|igata_2021,yang_2024,igata_2021,jaccard_reference,coincidence,0.333752,0,0.114899,1,
yang_2024|igata_2021,yang_2024,igata_2021,f1,units,-0.011277,0,0.627429,0.370245,
yang_2024|igata_2021,yang_2024,igata_2021,f1,normalization_period,-0.009467,0,0.627429,0.370245,
yang_2024|igata_2021,yang_2024,igata_2021,f1,threshold,-0.153534,0,0.627429,0.370245,
yang_2024|igata_2021,yang_2024,igata_2021,f1,maximum_duration,0,0,0.627429,0.370245,
yang_2024|igata_2021,yang_2024,igata_2021,f1,state,-0.039018,0,0.627429,0.370245,
yang_2024|igata_2021,yang_2024,igata_2021,f1,coincidence,-0.0438873,0,0.627429,0.370245,
liu_2023|igata_2021,liu_2023,igata_2021,jaccard_reference,units,0.255693,0,0.116819,1,
liu_2023|igata_2021,liu_2023,igata_2021,jaccard_reference,smoothing_sigma,0.117211,0,0.116819,1,
liu_2023|igata_2021,liu_2023,igata_2021,jaccard_reference,normalization_period,0.036739,0,0.116819,1,
liu_2023|igata_2021,liu_2023,igata_2021,jaccard_reference,minimum_event_duration,0.13384,0,0.116819,1,
liu_2023|igata_2021,liu_2023,igata_2021,jaccard_reference,maximum_duration,0,0,0.116819,1,
liu_2023|igata_2021,liu_2023,igata_2021,jaccard_reference,minimum_active_units,-0.000291104,0,0.116819,1,
liu_2023|igata_2021,liu_2023,igata_2021,jaccard_reference,coincidence,0.339989,0,0.116819,1,
liu_2023|igata_2021,liu_2023,igata_2021,f1,units,-0.0272455,0,0.641591,0.370245,
liu_2023|igata_2021,liu_2023,igata_2021,f1,smoothing_sigma,0.0373524,0,0.641591,0.370245,
liu_2023|igata_2021,liu_2023,igata_2021,f1,normalization_period,0.0205134,0,0.641591,0.370245,
liu_2023|igata_2021,liu_2023,igata_2021,f1,minimum_event_duration,-0.0378149,0,0.641591,0.370245,
liu_2023|igata_2021,liu_2023,igata_2021,f1,maximum_duration,0,0,0.641591,0.370245,
liu_2023|igata_2021,liu_2023,igata_2021,f1,minimum_active_units,0.00613085,0,0.641591,0.370245,
liu_2023|igata_2021,liu_2023,igata_2021,f1,coincidence,-0.270282,0,0.641591,0.370245,
igata_2021|widloski_2025_bursts,igata_2021,widloski_2025_bursts,jaccard_reference,smoothing_sigma,0.512666,0,0.13676,1,
igata_2021|widloski_2025_bursts,igata_2021,widloski_2025_bursts,jaccard_reference,threshold,0.350574,0,0.13676,1,
igata_2021|widloski_2025_bursts,igata_2021,widloski_2025_bursts,jaccard_reference,maximum_duration,0,0,0.13676,1,
igata_2021|widloski_2025_bursts,igata_2021,widloski_2025_bursts,jaccard_reference,minimum_active_units,0,0,0.13676,1,
igata_2021|widloski_2025_bursts,igata_2021,widloski_2025_bursts,f1,smoothing_sigma,0.169099,0,0.370245,0.702124,
igata_2021|widloski_2025_bursts,igata_2021,widloski_2025_bursts,f1,threshold,0.162779,0,0.370245,0.702124,
igata_2021|widloski_2025_bursts,igata_2021,widloski_2025_bursts,f1,maximum_duration,0,0,0.370245,0.702124,
igata_2021|widloski_2025_bursts,igata_2021,widloski_2025_bursts,f1,minimum_active_units,0,0,0.370245,0.702124,
