config_id,factor,value,perturbed,told_apart,session,exercised,caveat
yang_2024,units,pyramidal,all,True,edge/gap,True,
yang_2024,units,pyramidal,place,True,edge/gap,True,
yang_2024,smoothing_sigma,0.015,0.0135,True,edge/gap,True,
yang_2024,smoothing_sigma,0.015,0.0165,True,edge/gap,True,
yang_2024,normalization_period,rest,session,True,edge/gap,True,
yang_2024,normalization_period,rest,speed<5,True,edge/unix_origin,True,
yang_2024,normalization_period,rest,speed<4,True,edge/gap,True,
yang_2024,threshold,3.0,2.7,True,reference/0,True,
yang_2024,threshold,3.0,3.3000000000000003,True,edge/gap,True,
yang_2024,minimum_event_duration,0.05,0.045000000000000005,False,,False,
yang_2024,minimum_event_duration,0.05,0.05500000000000001,False,,False,
yang_2024,maximum_duration,0.5,2.0,False,,False,
yang_2024,maximum_duration,0.5,0.8,False,,False,
yang_2024,maximum_duration,0.5,null,False,,False,
yang_2024,maximum_duration,0.5,0.75,False,,False,
yang_2024,minimum_active_units,5,4,False,,True,
yang_2024,minimum_active_units,5,6,True,reference/0,True,
yang_2024,state,inside:rest,none,True,reference/0,True,
yang_2024,state,inside:rest,restrict:rest,False,,True,
yang_2024,state,inside:rest,overlap:running_30s,True,reference/0,True,
yang_2024,coincidence,peak_inside:external_ripples,overlap:long_swrs,True,edge/gap,True,
yang_2024,coincidence,peak_inside:external_ripples,none,True,edge/gap,True,
yang_2024,coincidence,peak_inside:external_ripples,overlap:muessig_2019_ripples,True,edge/gap,True,
liu_2023,units,pyramidal,all,True,edge/gap,True,
liu_2023,units,pyramidal,place,True,edge/gap,True,
liu_2023,smoothing_sigma,0.01,0.009000000000000001,True,edge/gap,True,
liu_2023,smoothing_sigma,0.01,0.011000000000000001,True,edge/gap,True,
liu_2023,threshold,2.0,1.8,False,,False,
liu_2023,threshold,2.0,2.2,False,,False,
liu_2023,minimum_event_duration,0.1,0.09000000000000001,True,edge/gap,True,
liu_2023,minimum_event_duration,0.1,0.11000000000000001,True,reference/0,True,
liu_2023,maximum_duration,0.5,2.0,False,,False,
liu_2023,maximum_duration,0.5,0.8,False,,False,
liu_2023,maximum_duration,0.5,null,False,,False,
liu_2023,maximum_duration,0.5,0.75,False,,False,
liu_2023,coincidence,overlap:long_swrs,peak_inside:external_ripples,True,edge/gap,True,
liu_2023,coincidence,overlap:long_swrs,none,True,edge/gap,True,
liu_2023,coincidence,overlap:long_swrs,overlap:muessig_2019_ripples,True,edge/gap,True,
igata_2021,units,all,pyramidal,True,edge/gap,True,
igata_2021,units,all,place,True,edge/gap,True,
igata_2021,smoothing_sigma,0.015,0.0135,True,edge/gap,True,
igata_2021,smoothing_sigma,0.015,0.0165,True,edge/gap,True,
igata_2021,normalization_period,speed<5,rest,True,edge/gap,True,
igata_2021,normalization_period,speed<5,session,True,edge/gap,True,
igata_2021,normalization_period,speed<5,speed<4,True,edge/gap,True,
igata_2021,threshold,2.0,1.8,True,edge/gap,True,
igata_2021,threshold,2.0,2.2,True,edge/gap,True,
igata_2021,minimum_event_duration,0.05,0.045000000000000005,True,edge/gap,True,
igata_2021,minimum_event_duration,0.05,0.05500000000000001,True,reference/0,True,
igata_2021,maximum_duration,2.0,0.5,False,,False,
igata_2021,maximum_duration,2.0,0.8,False,,False,
igata_2021,maximum_duration,2.0,null,False,,False,
igata_2021,maximum_duration,2.0,0.75,False,,False,
igata_2021,minimum_active_units,5,4,False,,True,
igata_2021,minimum_active_units,5,6,True,reference/0,True,
farooq_2019_neuron,units,pyramidal,all,True,edge/gap,True,
farooq_2019_neuron,units,pyramidal,place,True,edge/gap,True,
farooq_2019_neuron,smoothing_sigma,0.015,0.0135,True,edge/gap,True,
farooq_2019_neuron,smoothing_sigma,0.015,0.0165,True,edge/gap,True,
farooq_2019_neuron,threshold,2.0,1.8,True,edge/gap,True,
farooq_2019_neuron,threshold,2.0,2.2,True,edge/gap,True,
farooq_2019_neuron,bound_fraction,1.0,0.0,True,edge/gap,True,
farooq_2019_neuron,bound_fraction,1.0,0.3333333333333333,True,edge/gap,True,
farooq_2019_neuron,bound_fraction,1.0,0.5,True,edge/gap,True,
farooq_2019_neuron,minimum_event_duration,0.1,0.09000000000000001,True,edge/gap,True,
farooq_2019_neuron,minimum_event_duration,0.1,0.11000000000000001,True,reference/0,True,
farooq_2019_neuron,maximum_duration,0.8,0.5,False,,False,
farooq_2019_neuron,maximum_duration,0.8,2.0,False,,False,
farooq_2019_neuron,maximum_duration,0.8,null,False,,False,
farooq_2019_neuron,maximum_duration,0.8,0.75,False,,False,
farooq_2019_neuron,minimum_active_units,5,4,False,,False,
farooq_2019_neuron,minimum_active_units,5,6,False,,False,
farooq_2019_neuron,state,restrict:rest,inside:rest,True,edge/gap,True,
farooq_2019_neuron,state,restrict:rest,none,True,edge/gap,True,
farooq_2019_neuron,state,restrict:rest,overlap:running_30s,True,edge/gap,True,
chenani_2019,units,place,pyramidal,True,edge/gap,True,
chenani_2019,units,place,all,True,edge/gap,True,
chenani_2019,smoothing_sigma,0.03,0.027,True,edge/gap,True,
chenani_2019,smoothing_sigma,0.03,0.033,True,edge/gap,True,
chenani_2019,threshold,3.0,2.7,True,edge/gap,True,
chenani_2019,threshold,3.0,3.3000000000000003,True,edge/gap,True,
chenani_2019,bound_fraction,0.3333333333333333,0.0,True,edge/gap,True,
chenani_2019,bound_fraction,0.3333333333333333,1.0,True,edge/gap,True,
chenani_2019,bound_fraction,0.3333333333333333,0.5,True,edge/gap,True,
chenani_2019,minimum_active_units,5,4,True,reference/0,True,
chenani_2019,minimum_active_units,5,6,True,edge/gap,True,
chenani_2019,state,inside:rest,none,True,edge/gap,True,
chenani_2019,state,inside:rest,restrict:rest,True,edge/gap,True,
chenani_2019,state,inside:rest,overlap:running_30s,True,edge/gap,True,
muessig_2019,units,pyramidal,all,True,edge/unix_origin,True,
muessig_2019,units,pyramidal,place,True,edge/unix_origin,True,
muessig_2019,smoothing_sigma,0.01,0.009000000000000001,True,edge/unix_origin,True,
muessig_2019,smoothing_sigma,0.01,0.011000000000000001,True,edge/unix_origin,True,
muessig_2019,threshold,3.0,2.7,True,edge/unix_origin,True,
muessig_2019,threshold,3.0,3.3000000000000003,True,edge/unix_origin,True,
muessig_2019,bound_fraction,1.0,0.0,True,edge/gap,True,
muessig_2019,bound_fraction,1.0,0.3333333333333333,True,edge/gap,True,
muessig_2019,bound_fraction,1.0,0.5,True,edge/gap,True,
muessig_2019,minimum_event_duration,0.1,0.09000000000000001,True,reference/0,True,
muessig_2019,minimum_event_duration,0.1,0.11000000000000001,True,edge/unix_origin,True,
muessig_2019,maximum_duration,0.75,0.5,False,,False,
muessig_2019,maximum_duration,0.75,2.0,False,,False,
muessig_2019,maximum_duration,0.75,0.8,False,,False,
muessig_2019,maximum_duration,0.75,null,False,,False,
muessig_2019,state,inside:rest,none,False,,True,
muessig_2019,state,inside:rest,restrict:rest,True,edge/unix_origin,True,
muessig_2019,state,inside:rest,overlap:running_30s,True,reference/2,True,
muessig_2019,coincidence,overlap:muessig_2019_ripples,peak_inside:external_ripples,True,reference/0,True,
muessig_2019,coincidence,overlap:muessig_2019_ripples,overlap:long_swrs,True,edge/unix_origin,True,
muessig_2019,coincidence,overlap:muessig_2019_ripples,none,True,reference/0,True,
drieu_2018,units,place,pyramidal,True,edge/gap,True,
drieu_2018,units,place,all,True,edge/gap,True,
drieu_2018,smoothing_sigma,0.01,0.009000000000000001,True,edge/gap,True,
drieu_2018,smoothing_sigma,0.01,0.011000000000000001,True,edge/gap,True,
drieu_2018,threshold,3.0,2.7,True,edge/gap,True,
drieu_2018,threshold,3.0,3.3000000000000003,True,edge/gap,True,
drieu_2018,maximum_duration,0.5,2.0,False,,False,
drieu_2018,maximum_duration,0.5,0.8,False,,False,
drieu_2018,maximum_duration,0.5,null,False,,False,
drieu_2018,maximum_duration,0.5,0.75,False,,False,
drieu_2018,state,restrict:rest,inside:rest,True,edge/gap,True,
drieu_2018,state,restrict:rest,none,True,edge/gap,True,
drieu_2018,state,restrict:rest,overlap:running_30s,True,edge/gap,True,
olafsdottir_2017,units,place,pyramidal,True,edge/gap,True,
olafsdottir_2017,units,place,all,True,edge/gap,True,
olafsdottir_2017,smoothing_sigma,0.005,0.0045000000000000005,True,edge/gap,True,
olafsdottir_2017,smoothing_sigma,0.005,0.0055000000000000005,True,edge/gap,True,
olafsdottir_2017,threshold,3.0,2.7,True,edge/gap,True,
olafsdottir_2017,threshold,3.0,3.3000000000000003,True,edge/gap,True,
olafsdottir_2017,minimum_event_duration,0.04,0.036000000000000004,True,edge/gap,True,
olafsdottir_2017,minimum_event_duration,0.04,0.044000000000000004,True,edge/gap,True,
olafsdottir_2017,speed,all<=3,none,False,,True,
olafsdottir_2017,speed,all<=3,restrict<5,True,reference/0,True,
olafsdottir_2017,speed,all<=3,endpoints<5,False,,True,
olafsdottir_2017,speed,all<=3,all<=5,False,,True,
olafsdottir_2017,speed,all<=3,endpoints<4,False,,True,
olafsdottir_2017,state,inside:rest,none,True,reference/0,True,
olafsdottir_2017,state,inside:rest,restrict:rest,True,reference/0,True,
olafsdottir_2017,state,inside:rest,overlap:running_30s,True,reference/0,True,
grosmark_2016,units,pyramidal,all,True,edge/gap,True,
grosmark_2016,units,pyramidal,place,True,edge/gap,True,
grosmark_2016,smoothing_sigma,0.015,0.0135,True,edge/gap,True,
grosmark_2016,smoothing_sigma,0.015,0.0165,True,edge/gap,True,
grosmark_2016,normalization_period,rest,session,True,edge/gap,True,
grosmark_2016,normalization_period,rest,speed<5,True,edge/unix_origin,True,
grosmark_2016,normalization_period,rest,speed<4,True,edge/gap,True,
grosmark_2016,threshold,3.0,2.7,True,reference/0,True,
grosmark_2016,threshold,3.0,3.3000000000000003,True,edge/gap,True,
grosmark_2016,minimum_event_duration,0.05,0.045000000000000005,False,,False,
grosmark_2016,minimum_event_duration,0.05,0.05500000000000001,False,,False,
grosmark_2016,maximum_duration,0.5,2.0,False,,False,
grosmark_2016,maximum_duration,0.5,0.8,False,,False,
grosmark_2016,maximum_duration,0.5,null,False,,False,
grosmark_2016,maximum_duration,0.5,0.75,False,,False,
grosmark_2016,minimum_active_units,5,4,False,,True,
grosmark_2016,minimum_active_units,5,6,True,reference/0,True,
grosmark_2016,state,inside:rest,none,True,reference/0,True,
grosmark_2016,state,inside:rest,restrict:rest,False,,True,
grosmark_2016,state,inside:rest,overlap:running_30s,True,reference/0,True,
grosmark_2016,coincidence,peak_inside:external_ripples,overlap:long_swrs,True,edge/gap,True,
grosmark_2016,coincidence,peak_inside:external_ripples,none,True,edge/gap,True,
grosmark_2016,coincidence,peak_inside:external_ripples,overlap:muessig_2019_ripples,True,edge/gap,True,
silva_2015,units,pyramidal,all,True,edge/gap,True,
silva_2015,units,pyramidal,place,True,edge/gap,True,
silva_2015,smoothing_sigma,0.01,0.009000000000000001,True,edge/gap,True,
silva_2015,smoothing_sigma,0.01,0.011000000000000001,True,edge/gap,True,
silva_2015,threshold,3.0,2.7,True,reference/0,True,
silva_2015,threshold,3.0,3.3000000000000003,True,reference/0,True,
silva_2015,minimum_event_duration,0.1,0.09000000000000001,True,edge/gap,True,
silva_2015,minimum_event_duration,0.1,0.11000000000000001,True,edge/gap,True,
silva_2015,maximum_duration,0.5,2.0,False,,False,
silva_2015,maximum_duration,0.5,0.8,False,,False,
silva_2015,maximum_duration,0.5,null,False,,False,
silva_2015,maximum_duration,0.5,0.75,False,,False,
silva_2015,speed,restrict<5,none,True,edge/gap,True,
silva_2015,speed,restrict<5,all<=3,True,edge/gap,True,
silva_2015,speed,restrict<5,endpoints<5,True,edge/gap,True,
silva_2015,speed,restrict<5,all<=5,True,edge/gap,True,
silva_2015,speed,restrict<5,endpoints<4,True,edge/gap,True,
bendor_2012,units,all,pyramidal,True,edge/gap,True,
bendor_2012,units,all,place,True,edge/gap,True,
bendor_2012,smoothing_sigma,0.015,0.0135,True,edge/gap,True,
bendor_2012,smoothing_sigma,0.015,0.0165,True,edge/gap,True,
bendor_2012,threshold,4.0,3.6,True,edge/gap,True,
bendor_2012,threshold,4.0,4.4,True,edge/gap,True,
bendor_2012,bound_fraction,0.5,0.0,True,edge/gap,True,
bendor_2012,bound_fraction,0.5,1.0,True,edge/gap,True,
bendor_2012,bound_fraction,0.5,0.3333333333333333,True,edge/gap,True,
bendor_2012,minimum_event_duration,0.05,0.045000000000000005,True,edge/gap,True,
bendor_2012,minimum_event_duration,0.05,0.05500000000000001,True,edge/gap,True,
bendor_2012,merge_gap,0.05,0.045000000000000005,False,,True,
bendor_2012,merge_gap,0.05,0.05500000000000001,True,reference/2,True,
davidson_2009,units,all,pyramidal,True,edge/gap,True,
davidson_2009,units,all,place,True,edge/gap,True,
davidson_2009,smoothing_sigma,0.015,0.0135,True,edge/gap,True,
davidson_2009,smoothing_sigma,0.015,0.0165,True,edge/gap,True,
davidson_2009,normalization_period,speed<5,rest,True,edge/gap,True,
davidson_2009,normalization_period,speed<5,session,True,edge/gap,True,
davidson_2009,normalization_period,speed<5,speed<4,True,edge/unix_origin,True,
davidson_2009,threshold,3.0,2.7,True,edge/gap,True,
davidson_2009,threshold,3.0,3.3000000000000003,True,edge/gap,True,
davidson_2009,speed,endpoints<5,none,True,edge/gap,True,
davidson_2009,speed,endpoints<5,all<=3,True,reference/1,True,
davidson_2009,speed,endpoints<5,restrict<5,False,,True,
davidson_2009,speed,endpoints<5,all<=5,False,,True,
davidson_2009,speed,endpoints<5,endpoints<4,True,reference/2,True,
davidson_2009,state,overlap:running_30s,inside:rest,True,edge/gap,True,
davidson_2009,state,overlap:running_30s,none,True,reference/2,True,
davidson_2009,state,overlap:running_30s,restrict:rest,True,edge/gap,True,
widloski_2025_bursts,units,all,pyramidal,True,edge/gap,True,
widloski_2025_bursts,units,all,place,True,edge/gap,True,
widloski_2025_bursts,smoothing_sigma,0.08,0.07200000000000001,True,edge/gap,True,
widloski_2025_bursts,smoothing_sigma,0.08,0.08800000000000001,True,edge/gap,True,
widloski_2025_bursts,normalization_period,speed<5,rest,True,edge/gap,True,
widloski_2025_bursts,normalization_period,speed<5,session,True,edge/gap,True,
widloski_2025_bursts,normalization_period,speed<5,speed<4,True,edge/gap,True,
widloski_2025_bursts,threshold,3.0,2.7,True,edge/gap,True,
widloski_2025_bursts,threshold,3.0,3.3000000000000003,True,reference/0,True,
widloski_2025_bursts,minimum_event_duration,0.05,0.045000000000000005,False,,False,
widloski_2025_bursts,minimum_event_duration,0.05,0.05500000000000001,False,,False,
krause_2022_hse,units,all,pyramidal,True,edge/gap,True,
krause_2022_hse,units,all,place,True,edge/gap,True,
krause_2022_hse,smoothing_sigma,0.02,0.018000000000000002,True,edge/gap,True,
krause_2022_hse,smoothing_sigma,0.02,0.022000000000000002,True,edge/gap,True,
krause_2022_hse,threshold,3.0,2.7,True,edge/gap,True,
krause_2022_hse,threshold,3.0,3.3000000000000003,True,edge/gap,True,
krause_2022_hse,speed,all<=5,none,True,reference/0,True,
krause_2022_hse,speed,all<=5,all<=3,True,reference/1,True,
krause_2022_hse,speed,all<=5,restrict<5,True,edge/gap,True,
krause_2022_hse,speed,all<=5,endpoints<5,False,,True,
krause_2022_hse,speed,all<=5,endpoints<4,True,reference/2,True,
gillespie_2021_mua,units,all,pyramidal,True,edge/gap,True,
gillespie_2021_mua,units,all,place,True,edge/gap,True,
gillespie_2021_mua,smoothing_sigma,0.015,0.0135,True,edge/gap,True,
gillespie_2021_mua,smoothing_sigma,0.015,0.0165,True,edge/gap,True,
gillespie_2021_mua,normalization_period,speed<4,rest,True,edge/gap,True,
gillespie_2021_mua,normalization_period,speed<4,session,True,edge/gap,True,
gillespie_2021_mua,normalization_period,speed<4,speed<5,True,edge/unix_origin,True,
gillespie_2021_mua,threshold,3.0,2.7,True,edge/gap,True,
gillespie_2021_mua,threshold,3.0,3.3000000000000003,True,edge/gap,True,
gillespie_2021_mua,speed,endpoints<4,none,True,edge/gap,True,
gillespie_2021_mua,speed,endpoints<4,all<=3,True,reference/1,True,
gillespie_2021_mua,speed,endpoints<4,restrict<5,True,reference/2,True,
gillespie_2021_mua,speed,endpoints<4,endpoints<5,True,reference/2,True,
gillespie_2021_mua,speed,endpoints<4,all<=5,True,reference/2,True,
