config_id,family,in_space,reason,n_events,caveat
mallory_2025,,False,peaks bounded by mean crossings merged by retained peak (custom peak merging),0,
widloski_2025,,False,a minimum time above threshold (15 ms); the template needs one sample,0,
yang_2024,spikes,True,,231,
huelin_gorriz_2023,,False,"Tirole's finite 41-point kernel applied forward and backward, threshold anchors with fallback bounds, a speed median sampled every 10 ms and a resampled ripple gate",0,
harvey_2023_code,,False,Long_sharp_wave_ripple_detector (k-means on sharp-wave and ripple power) then a pyramidal spiking veto near the peak,0,
harvey_2023_text,,False,"difference-of-Gaussians band with statistics from a clipped trace, and a radiatum sharp wave detected on another trace",0,
liu_2023,spikes,True,,228,
tirole_2022,,False,"Tirole's finite 41-point kernel applied forward and backward, threshold anchors with fallback bounds, a speed median sampled every 10 ms and a resampled ripple gate",0,
bush_2022,,False,"a rate on the input samples rather than 1 ms bins, an inclusive 40 ms merge after detection, an active-fraction rule and a median speed rule",0,
berners_lee_2022,,False,"a finite 100-point kernel with zero-padded convolution, statistics over stopped bins and bounds just above the mean",0,
krause_2022,,False,SWRs trimmed on per-event 3 ms bins,0,
mou_2022,,False,10 ms bins and min-max scaling of the population trace,0,
denovellis_2021,,False,"the historical 101-tap filter on squared, summed channels, rooted after smoothing, and a 15 ms minimum above threshold",0,
gillespie_2021,,False,"Kay_ripple_detector: the root of summed squared envelopes, a whole detector rather than a template core",0,
michon_2021,,False,"5 ms bins, 3 s median detrending and a ripple partner on a detrended envelope",0,
igata_2021,spikes,True,,2057,
gridchyn_2020,,False,adaptive feedback threshold on causal 20 ms counts,0,
kaefer_2020,,False,240 ms FFT windows every 20 ms,0,
bhattarai_2020,,False,"silence-bounded population windows (detect_silence_bounded_events), not a thresholded trace",0,
stella_2019,,False,"Morlet wavelet RMS per electrode, the maximum over electrodes",0,
xu_2019,,False,"onsets trimmed to the first spike, with active-fraction and spike-count rules",0,
farooq_2019_neuron,spikes,True,,142,
farooq_2019_science,,False,participation counted over the place cells while the trace pools pyramidal cells; the template counts its trace's own units,0,
chenani_2019,spikes,True,,377,
michon_2019,,False,"5 ms bins, 3 s median detrending and a ripple partner on a detrended envelope",0,
liu_2019,,False,"silence-bounded population windows (detect_silence_bounded_events), not a thresholded trace",0,
shin_2019,,False,"Karlsson_ripple_detector: each channel detected separately and overlapping events combined, a whole detector rather than a template core",0,
carey_2019,,False,Carey_candidate_detector: a joint spectral-ripple and multiunit score,0,
muessig_2019,spikes,True,,53,
drieu_2018,spikes,True,,853,
maboudi_2018,,False,a finite 121-point Gaussian kernel with zero padding and a mean speed rule,0,
olafsdottir_2017,spikes,True,,775,
olafsdottir_2017.trajectory,,False,"an active-fraction rule (a share of the selected cells), which the template's cell count does not express",0,
wu_2017,,False,a population trace on 10 ms bins; the template's grid is 1 ms,0,
yamamoto_2017,,False,"a population trace on 10 ms bins; the template's grid is 1 ms, with a ripple partner of a squared single-channel envelope",0,
tang_2017,,False,"Karlsson_ripple_detector: each channel detected separately and overlapping events combined, a whole detector rather than a template core",0,
grosmark_2016,spikes,True,,231,
jadhav_2016,,False,"Karlsson_ripple_detector: each channel detected separately and overlapping events combined, a whole detector rather than a template core; SWRs within 1 s of the previous start dropped",0,
olafsdottir_2016,,False,"an active-fraction rule (a share of the selected cells), which the template's cell count does not express",0,
silva_2015,spikes,True,,369,
olafsdottir_2015,,False,"silence-bounded population windows (detect_silence_bounded_events), not a thresholded trace",0,
olafsdottir_2015.bayesian_candidates,,False,"silence-bounded population windows (detect_silence_bounded_events), not a thresholded trace",0,
wu_2014,,False,a population trace on 10 ms bins; the template's grid is 1 ms,0,
wikenheiser_2013,,False,"150 ms windows around every sample above 1 SD, joined",0,
pfeiffer_2013,,False,"bounds trimmed to 20 ms spike windows, an active-fraction rule and duration limits after trimming",0,
carr_2012,,False,"Karlsson_ripple_detector: each channel detected separately and overlapping events combined, a whole detector rather than a template core",0,
bendor_2012,spikes,True,,354,
gupta_2010,,False,a log-transformed envelope; the template thresholds the envelope or its square,0,
karlsson_2009,,False,"Karlsson_ripple_detector: each channel detected separately and overlapping events combined, a whole detector rather than a template core",0,
davidson_2009,spikes,True,,535,
diba_2007,,False,"silence-bounded population windows (detect_silence_bounded_events), not a thresholded trace",0,
ji_2007,,False,10 ms bins of counts thresholded at a histogram minimum,0,
foster_2006,,False,"silence-bounded population windows (detect_silence_bounded_events), not a thresholded trace",0,
lee_2002,,False,"silence-bounded population windows (detect_silence_bounded_events), not a thresholded trace, with each cell's bursts collapsed",0,
nadasdy_1999,,False,"boxcar RMS of the filtered channels, summed",0,
kudrimoti_1999,,False,a minimum time above threshold (25 ms); the template needs one sample,0,
harvey_2023_no_radiatum,,False,Zugaro_ripple_detector then a pyramidal spiking veto near the peak,0,
mallory_2025_ripples,,False,peaks bounded by mean crossings merged by retained peak (custom peak merging),0,
igata_2021_ripples,,False,one inventory per channel,0,
wu_2014_ripples,,False,"local peaks each with its own window, not a thresholded interval",0,
davidson_2009_ripples,,False,"local peaks each with its own window, not a thresholded interval",0,
ji_2007_ripples,,False,"the rectified filtered LFP with raw thresholds, not an envelope's z-score, merged before a peak is required",0,
lee_2002_ripples,,False,"the rectified filtered LFP (100-400 Hz) z-scored over sleep, not an envelope; crossings 20 ms apart or less joined",0,
foster_2006_ripples,,False,"lee_2002_ripples' rule: the rectified filtered LFP (100-400 Hz) z-scored over sleep, not an envelope; crossings 20 ms apart or less joined",0,
widloski_2025_bursts,spikes,True,,277,
krause_2022_hse,spikes,True,,516,
denovellis_2021_mua,,False,2 ms bins and a 15 ms minimum above threshold,0,
gillespie_2021_mua,spikes,True,,543,
maboudi_2018_open_field,,False,pfeiffer_2013's rule: bounds trimmed to 20 ms spike windows and an active-fraction rule,0,
muessig_2019_ripples,,False,"local peaks each with its own window, not a thresholded interval",0,
bhattarai_2020_ripples,,False,"a 50 ms boxcar of the squared filtered signal, merged after a duration rule",0,
farooq_2019_science_awake,,False,participation counted over the place cells while the trace pools pyramidal cells; the template counts its trace's own units,0,
liu_2019_awake,,False,"silence-bounded population windows (detect_silence_bounded_events), not a thresholded trace",0,
